Folio Number, Owner Name, Property Address
494026AA2620,0410 SOUTH FL INVESTMENTS INC,2641 N FLAMINGO RD #1102N SUNRISE  FL 33323
4.84331E+11,1160 NE 25TH AVE POMPANO,1160 NE 25 AVE #1-4 POMPANO BEACH  FL 33062
4.94202E+11,13TH STREET POMPANO BEACH,980 SW 13 ST POMPANO BEACH  FL 33069
4.94202E+11,13TH STREET POMPANO BEACH,981 SW 13 ST POMPANO BEACH  FL 33069
4.94202E+11,13TH STREET POMPANO BEACH,1200 SW 10 AVE POMPANO BEACH  FL 33069
4.94202E+11,13TH STREET POMPANO BEACH,SW 10 AVE POMPANO BEACH  FL 33069
494026AA3490,1423 1ST AVE LLC,2641 N FLAMINGO RD #2301N SUNRISE  FL 33323
494202BE0010,1983 TR,1105 S FLAGLER AVE #601 POMPANO BEACH  FL 33060
494202BE0090,1991 REV TR,1085 S FLAGLER AVE #609 POMPANO BEACH  FL 33060
494026AA3570,24 CARROTS INC,2641 N FLAMINGO RD #2401N SUNRISE  FL 33323
4.94229E+11,2611 NW 21 STREET FL LAND TR,2611 NW 21 ST FORT LAUDERDALE  FL 33311
4.94232E+11,2971 NW 11 STREET FL LAND TR,2971 NW 11 ST UNINCORPORATED  FL 33311
4.9423E+11,3558 NW 29TH CT LAUDERDALE LAKES,3558 NW 29 CT LAUDERDALE LAKES  FL 33311
484118BH0440,4406 NW 120 AVE CORAL SPRINGS,4406 NW 120 AVE #4406 CORAL SPRINGS  FL 33065
4.94202E+11,561 FLAGLER AVENUE LLC,561 S FLAGLER AVE POMPANO BEACH  FL 33060
494026AA3590,5D HOLDINGS GROUP LLC,2641 N FLAMINGO RD #2403N SUNRISE  FL 33323
4.94115E+11,7360 NW 54TH ST LAUDERHILL,7360 NW 54 ST LAUDERHILL  FL 33319
4.94103E+11,8004 SW 6TH ST NORTH LAUDERDALE,8004 SW 6 ST NORTH LAUDERDALE  FL 33068
494026AA1460,ABDALLAHDAVI,2681 N FLAMINGO RD #2203S SUNRISE  FL 33323
494105AF0570,ABELLAFLOR ,7735 YARDLEY DR #412 TAMARAC  FL 33321
4.84117E+11,ABELLARDFLORIANNE & JEAN ELVIS,4170 NW 106 AVE CORAL SPRINGS  FL 33065
484120HF0180,ABELLOGUILLERMO,3100 CORAL SPRINGS DR #1B CORAL SPRINGS  FL 33065
494026AA2010,ABELLOMARCELA,2641 N FLAMINGO RD #303 N SUNRISE  FL 33323
494202BH0390,ABITBOL-POMPANO LLC,1005 S FLAGLER AVE #819 POMPANO BEACH  FL 33060
494026AA3220,ABOUCHADY,2641 N FLAMINGO RD #1906N SUNRISE  FL 33323
4.84307E+11,ABRAMSADAM C,1694 SE 8 TER DEERFIELD BEACH  FL 33441
494026AA1960,ABRAMSONGENOWEFA,2681 N FLAMINGO RD #TH5 S SUNRISE  FL 33323
494026AA3920,ABREU VILLALOBOSZHEREYDA C,2641 N FLAMINGO RD #TH4 N SUNRISE  FL 33323
484123AG0660,ACIERNOMARIA,3231 HOLIDAY SPRINGS BLVD #306 MARGATE  FL 33063
494230BB0140,ACOSTAFLOR ALBA,2800 SOMERSET DR #114J LAUDERDALE LAKES  FL 33311
4.94106E+11,ACOSTAHERNANDO A,7804 CATALINA CIR TAMARAC  FL 33321
4.94127E+11,ACOSTAVICTOR,7001 NW 20 ST SUNRISE  FL 33313
4.94206E+11,ADAMDADY H/E,5540 SW 7 PL MARGATE  FL 33068
4.94223E+11,ADAMSFLOYD H,3800 NE 16 AVE OAKLAND PARK  FL 33334
4.74129E+11,ADLER CANEPPALUIZ FELIPE,10730 MOORE DR PARKLAND  FL 33076
4.84131E+11,ADOLPHEMICHELDA,260 NW 117 AVE CORAL SPRINGS  FL 33071
494026AA1740,ADRIANOADRIAN III,2681 N FLAMINGO RD #2507S SUNRISE  FL 33323
494026AA2400,AGOSTINIJEAN PAUL MAINGOT,2641 N FLAMINGO RD #804 N SUNRISE  FL 33323
494026AA0870,AGRAWALVIBHOR,2681 N FLAMINGO RD #1408S SUNRISE  FL 33323
494026AA0730,AGRO-VEL LLC,2681 N FLAMINGO RD #1202S SUNRISE  FL 33323
494130JD0350,AGUDELOFLOR H/E,2793 NW 104 AVE #405 SUNRISE  FL 33322
484126AB0040,AGUILARFLORENCIA ANTONELA,1020 NW 80 AVE #104 MARGATE  FL 33063
4.8423E+11,AGUIRREFLORENCIA,4853 NW 19 ST COCONUT CREEK  FL 33063
4.84122E+11,AIZPURUAYENI H/E,8523 NW 27 DR CORAL SPRINGS  FL 33065
494026AA1030,AJMERIMANOJKUMAR H,2681 N FLAMINGO RD #1608S SUNRISE  FL 33323
4.84131E+11,AKARAPATYFRANCIS,324 NW 119 DR CORAL SPRINGS  FL 33071
4.8432E+11,AKIYAMAJAMES S H/E,2836 NE 33 ST LIGHTHOUSE POINT  FL 33064
494026AA0300,AKLILUFINOT MATHIAS,2681 N FLAMINGO RD #607 S SUNRISE  FL 33323
494026AA0080,ALBOUKREK REV TR,2681 N FLAMINGO RD #307 S SUNRISE  FL 33323
4.94112E+11,ALBURYFLORINE EST,4805 NW 58 ST TAMARAC  FL 33319
494026AA3770,ALDO & LISBETH ZAMBRANO LIV TR,2641 N FLAMINGO RD #2605N SUNRISE  FL 33323
494202BD0830,ALEXA J ENTERPRISES LLC,1245 S FLAGLER AVE #303 POMPANO BEACH  FL 33060
4.94127E+11,ALEXISFLORIENT GEMMA,6400 NW 29 ST SUNRISE  FL 33313
494026AA3070,ALL AVIATION XP LLC,2641 N FLAMINGO RD #1707N SUNRISE  FL 33323
4.94227E+11,ALLENDAVID C,2600 NW 7 AVE WILTON MANORS  FL 33311
494129CM0260,ALLENFLORENCE B ,2731 N PINE ISLAND RD #302 SUNRISE  FL 33322
4.94119E+11,ALMODOVARCHARLENE D H/E,10531 NW 31 CT SUNRISE  FL 33351
494202BD0540,ALONSOMARCELO,1201 S FLAGLER AVE #414 POMPANO BEACH  FL 33060
494026AA0980,ALONZOJACKELINE ORTIZ,2681 N FLAMINGO RD #1603S SUNRISE  FL 33323
4.84211E+11,ALVARADO DE HERNANDEZFLOR T H/E,1951 SW 16 CT DEERFIELD BEACH  FL 33442
4.94101E+11,ALVARADOFLAVIO ENRIQUE,6173 SW 4 ST MARGATE  FL 33068
4.9413E+11,ALVARADOFLOR G H/E,2411 NW 110 AVE SUNRISE  FL 33322
4.94103E+11,ALVARENGAMARIBEL H/E,7013 MARLBERRY LN TAMARAC  FL 33321
4.84236E+11,ALVARENQUEFLAVIA LORENA,313 NE 11 AVE POMPANO BEACH  FL 33060
494026AA3510,ALVAREZAMY,2641 N FLAMINGO RD #2303N SUNRISE  FL 33323
494026AA0750,ALVAREZCAMPO E,2681 N FLAMINGO RD #1204S SUNRISE  FL 33323
4.8412E+11,ALVAREZFLOENCIO  H/E,3090 NW 112 AVE CORAL SPRINGS  FL 33065
4.94131E+11,ALVAREZJOSE R & FLORIA L,1441 NW 101 TER PLANTATION  FL 33322
494123HH1000,AMADOCAROLINA PAOLA,3660 INVERRARY DR #1Z LAUDERHILL  FL 33319
4.94116E+11,AMINGDON H & FLORA MURRAY,7751 NW 46 ST LAUDERHILL  FL 33351
4.84127E+11,AMMARTALLIE BROOKE,8981 NW 21 CT CORAL SPRINGS  FL 33071
4.94223E+11,AMOEBA OAKLAND LLC,1610 NE FLORANADA RD OAKLAND PARK  FL 33334
4.94219E+11,AMOSFLOYD,3911 NW 32 AVE LAUDERDALE LAKES  FL 33309
494026AA0400,AMPUDIAOSTERLIN LUIS DYER,2681 N FLAMINGO RD #801 S SUNRISE  FL 33323
494202BD0060,ANDELJOHN,1325 S FLAGLER AVE #106 POMPANO BEACH  FL 33060
494202BD0590,ANDELJOHN F,1201 S FLAGLER AVE #419 POMPANO BEACH  FL 33060
494129A80030,ANDERSONGLENN E & DENISE H/E,9861 SUNRISE LAKES BLVD #103 SUNRISE  FL 33322
4.84206E+11,ANDERSONOWEN A & FREDA T,5342 FLAMINGO CT COCONUT CREEK  FL 33073
484123AB0010,ANDREANIFLOR MARIA,3130 HOLIDAY SPRINGS BLVD #101 MARGATE  FL 33063
4.94036E+11,ANDRIULLIJENNIFER RAYNOR,1130 N FLAMINGO RD PLANTATION  FL 33323
494202BE0150,ANESTALJACKNEL,1085 S FLAGLER AVE #615 POMPANO BEACH  FL 33060
4.74133E+11,ANGELA FLORA REV TR,9980 BAY LEAF CT PARKLAND  FL 33076
494026AA0660,ANTERO INVESTMENTS LLC,2681 N FLAMINGO RD #1103S SUNRISE  FL 33323
4.84135E+11,ANTONIOFLOYD R & ROSALIE A,7195 NW 9 CT MARGATE  FL 33063
4.94105E+11,ANTONIOLEANNE,9601 NW 80 ST TAMARAC  FL 33321
4.94234E+11,AP FLAGLER HIVE LLC,900 N FLAGLER DR FORT LAUDERDALE  FL 33304
4.84223E+11,APONTEEDUARDO & FLORENTINA,3011 NW 1 DR POMPANO BEACH  FL 33064
494026AA2650,APPELBRUCE,2641 N FLAMINGO RD #1105N SUNRISE  FL 33323
494116AC3360,ARAMBURUFLOR DE MARIA,7750 NW 50 ST #208 LAUDERHILL  FL 33351
494026AA1570,ARANGODAIRO MILLAN,2681 N FLAMINGO RD #2306S SUNRISE  FL 33323
4.84206E+11,ARAUJO PROPERTY HOLDINGS LLC,5335 FLAMINGO CT COCONUT CREEK  FL 33073
494026AA0890,ARBELAEZMARIA EUGENIA ,2681 N FLAMINGO RD #1502S SUNRISE  FL 33323
484215DM0200,ARCOSNUBIA STELLA,4000 CRYSTAL LAKE DR #111 DEERFIELD BEACH  FL 33064
484305BA0510,ARCURIFLORA,1627 RIVERVIEW RD #514 DEERFIELD BEACH  FL 33441
494202BD0090,ARDENTEGEORGEANN,1305 S FLAGLER AVE #109 POMPANO BEACH  FL 33060
4.84109E+11,AREVALO FERNANDEZFLOR ,9701 NW 52 MNR CORAL SPRINGS  FL 33076
494202BD0810,ARIJOHN,1245 S FLAGLER AVE #301 POMPANO BEACH  FL 33060
4.94102E+11,ARIAS FLORESDANIEL ARTURO,7201 SW 4 CT NORTH LAUDERDALE  FL 33068
494026AA0850,ARIASBLANCA Y MENDEZ DE ,2681 N FLAMINGO RD #1406S SUNRISE  FL 33323
494026AA3020,ARIASMELBA LUCIA GARIJA DE,2641 N FLAMINGO RD #1702N SUNRISE  FL 33323
494026AA2790,ARISMENDY REV LIV TR,2641 N FLAMINGO RD #1403N SUNRISE  FL 33323
494026AA0620,ARISTY RUIZMODESTO IVAN,2681 N FLAMINGO RD #1007S SUNRISE  FL 33323
4.84126E+11,ARLINESHARON S C,7362 FLORES WAY MARGATE  FL 33063
494234AC0040,ARONOVALLISON,640 TENNIS CLUB DR #104 FORT LAUDERDALE  FL 33311
494204EA0280,ARTIEDAFLORA M & LUIS J,3200 N COURSE LN #116 POMPANO BEACH  FL 33069
494026AA2170,AS GROUP INTERNATIONAL,2641 N FLAMINGO RD #505 N SUNRISE  FL 33323
484203C50120,ASHFLOYD,292 OAKRIDGE Q #292 DEERFIELD BEACH  FL 33442
494026AA3530,ASHER ELITE ACQUISITIONS LLC,2641 N FLAMINGO RD #2305N SUNRISE  FL 33323
4.94234E+11,ASL 1116 LLC,1116 N FLAGLER DR FORT LAUDERDALE  FL 33304
4.84232E+11,ASSOC BUILDERS & CONTRACTORS,3720 COCONUT CREEK PKWY COCONUT CREEK  FL 33066
4.94103E+11,ASUNCIONFLORDELIZA & VILLAMOR A,7418 NW 71 AVE TAMARAC  FL 33321
4.94124E+11,ATISFLAVIE H/E,4440 NW 33 ST LAUDERDALE LAKES  FL 33319
494202BH0050,ATK ASSOCIATES LLC,1065 S FLAGLER AVE #705 POMPANO BEACH  FL 33060
494026AA1890,ATKD ENTERPRISES LLC,2681 N FLAMINGO RD #2706S SUNRISE  FL 33323
4.94136E+11,ATKINSONFLYDE,4701 NW 11 ST LAUDERHILL  FL 33313
494202BD0430,ATLAS CONSTRUCTION &,1205 S FLAGLER AVE #403 POMPANO BEACH  FL 33060
4.84131E+11,AUBOURGISLANDE,203 NW 117 WAY CORAL SPRINGS  FL 33071
4.94116E+11,AUGUSTINTANIA H/E,8540 NW 47 ST LAUDERHILL  FL 33351
4.84207E+11,AUSTINROYZEINA,& FLORENCE
494026AA3340,AVENDANOANDRES,2641 N FLAMINGO RD #2102N SUNRISE  FL 33323
4.94035E+11,AVILA ALVAREZMARCO A H/E,12639 NW 14 ST SUNRISE  FL 33323
494026AA1750,AVILAJUAN R,2681 N FLAMINGO RD #2508S SUNRISE  FL 33323
494230BC0450,AVRILEDEL,2830 SOMERSET DR #308N LAUDERDALE LAKES  FL 33311
4.94117E+11,AYURE FLOREZCARLOS ANDRES,5336 NW 93 TER SUNRISE  FL 33351
4.84206E+11,BABCOCKJANET M ,6512 FLAMINGO WAY COCONUT CREEK  FL 33073
4.84206E+11,BABORAMSANDRA SALOME,5336 FLAMINGO PL COCONUT CREEK  FL 33073
494202BD0050,BACCHUSZALIM,1325 S FLAGLER AVE #105 POMPANO BEACH  FL 33060
494203AB0240,BACKUSMARK H/E,2306 S CYPRESS BEND DR #217 POMPANO BEACH  FL 33069
494026AA1690,BAEEUN SOOK,2681 N FLAMINGO RD #2502S SUNRISE  FL 33323
494026AA2890,BAEZDANIEL,2641 N FLAMINGO RD #1505N SUNRISE  FL 33323
494202BE0030,BAHIA 2 LLC,1105 S FLAGLER AVE #603 POMPANO BEACH  FL 33060
494102AM0170,BAINFLOSSITA EST,742 SW 73 AVE #18 NORTH LAUDERDALE  FL 33068
4.94208E+11,BAKERFLOYD R & BARBARA J,2841 NW 69 CT FORT LAUDERDALE  FL 33309
494204GH0940,BAKRAQIFLAKA,575 OAKS LN #1004 POMPANO BEACH  FL 33069
494226AE0420,BAKSHMARTIN R,2607 NE 8 AVE #42 WILTON MANORS  FL 33334
494026AA0190,BALLESTEROSANGELA MILENA,2681 N FLAMINGO RD #504 S SUNRISE  FL 33323
4.94103E+11,BALLESTEROSSANTIAGO H/E,6821 NW 81 CT TAMARAC  FL 33321
4.94132E+11,BANCHIKMARIO SERGIO,1028 NW 99 AVE PLANTATION  FL 33322
494136CA0070,BANKSFLORENCE MARIE H/E,1590 NW 43 TER #107 LAUDERHILL  FL 33313
494126CK0020,BAPTISTEFLORENCE JNO,2322 NW 52 AVE #2322 LAUDERHILL  FL 33313
494212AG0440,BARBIEUXFLOYD SEAN,5700 NE 22 WAY #304 FORT LAUDERDALE  FL 33308
494026AA1080,BARENNES CAPITAL INVESTMENTS LLC,2681 N FLAMINGO RD #1705S SUNRISE  FL 33323
4.84234E+11,BARNESJOAN H/E,317 NW 17 TER POMPANO BEACH  FL 33069
494026AA1370,BARONA PROPERTIES LLC,2681 N FLAMINGO RD #2102S SUNRISE  FL 33323
494136AH0150,BARONEJAMES,4441 NW 16 ST #204J LAUDERHILL  FL 33313
4.94023E+11,BARQUIN-DIEZFLORENCIA MARIA,12421 NW 32 MNR SUNRISE  FL 33323
4.84201E+11,BARRFLORENCE,178 SW 2 ST DEERFIELD BEACH  FL 33441
4.94103E+11,BARTLEYFLOYD STEPHEN,7106 NW 76 CT TAMARAC  FL 33321
4.94213E+11,BASALOJUAN MANUEL,5221 NE 33 AVE FORT LAUDERDALE  FL 33308
4.84207E+11,BATESCHRISTIAN,5375 NW 54 ST COCONUT CREEK  FL 33073
4.94109E+11,BATSONANTHONY,5726 NW 86 AVE TAMARAC  FL 33321
484115AA0050,BAYNEFLORENCE M H/E,3475 BROKEN WOODS DR #105 CORAL SPRINGS  FL 33065
494026AA1610,BAZINETMICHAEL J & LISE R ,2681 N FLAMINGO RD #2402S SUNRISE  FL 33323
494122CH1150,BEATRICE P FLUSS FAM TR,3485 ENVIRON BLVD #C205 LAUDERHILL  FL 33319
484122BM0310,BEAUVILGINETTE H/E,9050 NW 28 ST #131 CORAL SPRINGS  FL 33065
4.84106E+11,BEAZLEYJO ANNA,6676 NW 127 TER PARKLAND  FL 33076
4.74331E+11,BECKETTFLORA B EST,171 NE 6 CT DEERFIELD BEACH  FL 33441
4.84108E+11,BEHARRYERIC,4751 NW 114 DR CORAL SPRINGS  FL 33076
494130DM0280,BELFORTMARITZA,10332 SUNRISE LAKES BLVD #304 SUNRISE  FL 33322
484305BP0140,BELLASALEXANDER T,1931 NE 2 ST #404 DEERFIELD BEACH  FL 33441
4.84203E+11,BELLERCHRISTOPHER LAURENCE,71 SW 34 AVE DEERFIELD BEACH  FL 33442
4.94223E+11,BELLUSCHRISTOPHER H/E,919 NE 34 ST OAKLAND PARK  FL 33334
484203DA0060,BELMARFLORIA,78 LYNDHURST D DEERFIELD BEACH  FL 33442
494026AA1340,BELTRANFERNANDO & CARMEN J ,2681 N FLAMINGO RD #2007S SUNRISE  FL 33323
474133AA0410,BENITEZMONICA,7612 OLD THYME CT #11A PARKLAND  FL 33076
4.94102E+11,BENJAMINJOSEPH H & FLORENCE L,1300 SW 74 AVE NORTH LAUDERDALE  FL 33068
4.94234E+11,BENNETTBONNIE S,826 N FLAGLER DR FORT LAUDERDALE  FL 33304
4.94234E+11,BENNETTBONNIE S,824 N FLAGLER DR FORT LAUDERDALE  FL 33304
4.84223E+11,BERTRAMFLORENCE,120 NW 32 CT POMPANO BEACH  FL 33064
494026AA3330,BERVEL ACRES INC,2641 N FLAMINGO RD #2101N SUNRISE  FL 33323
4.94117E+11,BEVINEAUMICHAEL SHAWN,9230 NW 53 CT SUNRISE  FL 33351
4.84126E+11,BHARATHSASTRIE H,7354 FLORES WAY MARGATE  FL 33063
494202BD0210,BIDDISCOMBEBRYAN,1285 S FLAGLER AVE #201 POMPANO BEACH  FL 33060
494202BD0580,BIDDISCOMBEBRYAN,1201 S FLAGLER AVE #418 POMPANO BEACH  FL 33060
494202BD0670,BIDDISCOMBEBRYAN,1145 S FLAGLER AVE #507 POMPANO BEACH  FL 33060
4.94232E+11,BIEN AIMEKERLY H/E,1830 NW 28 AVE FORT LAUDERDALE  FL 33311
494122CM0380,BINETTIFLORINDO D,7400 RADICE CT #504 LAUDERHILL  FL 33319
494026AA3550,BISCAYNE DEL MAR INC,2641 N FLAMINGO RD #2307N SUNRISE  FL 33323
494026AA3660,BISCAYNE DEL MAR INC,2641 N FLAMINGO RD #2502N SUNRISE  FL 33323
484203G80500,BISSONNETTEFLORENCE M ,3070 NEWPORT Q DEERFIELD BEACH  FL 33442
494108BB1380,BITTLEMANFLORENCE &,9360 LIME BAY BLVD #112 TAMARAC  FL 33321
4.94102E+11,BLACKJUDY ANN &,7933 SW 8 CT NORTH LAUDERDALE  FL 33068
494129AB0340,BLACKWILLIAM,2780 N PINE ISLAND RD #310 SUNRISE  FL 33322
4.74133E+11,BLAIRMICHAEL S,9957 ROSEWOOD ST PARKLAND  FL 33076
4.84106E+11,BLAIRMICHAEL S & FLAVIA,5868 NW 120 AVE CORAL SPRINGS  FL 33076
4.84235E+11,BLAISE & ALGALITE AUGUSTIN TR,128 N FLAGLER AVE POMPANO BEACH  FL 33060
4.94232E+11,BLANCFLORENE,2741 NW 16 CT FORT LAUDERDALE  FL 33311
4.84106E+11,BLANCOPAOLA,12461 NW 57 ST CORAL SPRINGS  FL 33076
4.94135E+11,BLESSITTFLORIS H/E,5921 NW 14 PL SUNRISE  FL 33313
494108CJ0060,BLISS FAM TR,9561 W MCNAB RD #106 TAMARAC  FL 33321
494202BE0100,BLONDE REV TR,1085 S FLAGLER AVE #610 POMPANO BEACH  FL 33060
494202BE0130,BLONDE REV TR,1085 S FLAGLER AVE #613 POMPANO BEACH  FL 33060
494125JJ0770,BODIFORD-TAYLORFLOSSIE L,3001 NW 48 AVE #348 LAUDERDALE LAKES  FL 33313
4.84124E+11,BONILLAJOSE & SHANNON,6232 FLORES DEL MAR MARGATE  FL 33063
494026AA3470,BONILLAMARTHA,2641 N FLAMINGO RD #2207N SUNRISE  FL 33323
4.84117E+11,BOOKEFLOR DE MARIA,11280 NW 41 CT CORAL SPRINGS  FL 33065
494026AA2180,BORBANARA SOARES ,2641 N FLAMINGO RD #506 N SUNRISE  FL 33323
4.84206E+11,BORGES DE VASCONCELOSFLAVIO,6986 LONG PINE CIR COCONUT CREEK  FL 33073
4.84307E+11,BORGES GARCIAFATIMA,178 SE 5 CT DEERFIELD BEACH  FL 33441
4.94213E+11,BORTLEFLORENCE ,1910 NE 52 ST FORT LAUDERDALE  FL 33308
494213AB0110,BORTLEFLORENCE ,5201 NE 24 TER #A-111 FORT LAUDERDALE  FL 33308
494213AB1370,BORTLEFLORENCE ,5200 NE 24 TER #C-314 FORT LAUDERDALE  FL 33308
4.84205E+11,BOTINAOMAR & SCARLETT H/E,4472 NW 63 DR COCONUT CREEK  FL 33073
4.94103E+11,BOUCHEREAUTCHIETDZA,8006 SW 6 ST NORTH LAUDERDALE  FL 33068
494026AA3370,BOUDON SARAVIACHRISTOPHER JEAN,2641 N FLAMINGO RD #2105N SUNRISE  FL 33323
494124GK0350,BOURKEDANIEL,3500 NW 48 AVE #603 LAUDERDALE LAKES  FL 33319
494202BD0020,BRABANTOMER H/E,1325 S FLAGLER AVE #102 POMPANO BEACH  FL 33060
494125DJ1010,BRADFORDMACKIE F,4751 NW 21 ST #608 LAUDERHILL  FL 33313
484211AA1620,BRAGAFLORENCIA,2273 SW 15 ST #162 DEERFIELD BEACH  FL 33442
4.94219E+11,BRANFORD PROPERTIES OF,3398 N STATE ROAD 7 LAUDERDALE LAKES  FL 33309
494202BD0300,BREADANIELA ROSANA H/E,1265 S FLAGLER AVE #210 POMPANO BEACH  FL 33060
4.84127E+11,BREKKAJOHN A JR & FLORA M,8842 NW 21 CT CORAL SPRINGS  FL 33071
494202BE0140,BRENDELCHRYSTAL,1085 S FLAGLER AVE #614 POMPANO BEACH  FL 33060
494202BE0170,BRIDE REV TR,1085 S FLAGLER AVE #617 POMPANO BEACH  FL 33060
494203AG1680,BRITTONFLOYD & JUDITH ANN,2112 S CYPRESS BEND DR #708 POMPANO BEACH  FL 33069
4.94135E+11,BRIZUELAJULIO A,1261 NW 58 AVE LAUDERHILL  FL 33313
4.94101E+11,BRIZUELAJULIO A H/E,6850 SW 5 ST MARGATE  FL 33068
4.94234E+11,BROCKFLOYD EDSEL H/E,105 NE 16 CT FORT LAUDERDALE  FL 33305
494026AA0320,BRODIEHUGH E & KATHLEEN S,2681 N FLAMINGO RD #701 S SUNRISE  FL 33323
494202BD0500,BROOKSBRUCE,1205 S FLAGLER AVE #410 POMPANO BEACH  FL 33060
494202BD0700,BROOKSBRUCE,1125 S FLAGLER AVE #510 POMPANO BEACH  FL 33060
4.84221E+11,BROWARD COUNTY,FLORIDA TPKE POMPANO BEACH  FL 33066
4.94023E+11,BROWARD COUNTY,N FLAMINGO RD SUNRISE  FL 33323
4.94023E+11,BROWARD COUNTY,N FLAMINGO RD SUNRISE  FL 33323
4.94023E+11,BROWARD COUNTY,N FLAMINGO RD SUNRISE  FL 33323
4.94023E+11,BROWARD COUNTY,N FLAMINGO RD SUNRISE  FL 33323
4.94026E+11,BROWARD COUNTY,FLAMINGO RD PLANTATION  FL 33323
4.94026E+11,BROWARD COUNTY,FLAMINGO RD PLANTATION  FL 33323
4.94035E+11,BROWARD COUNTY,N FLAMINGO RD SUNRISE  FL 33323
4.94026E+11,BROWARD COUNTY ,FLAMINGO RD SUNRISE  FL 33351
4.94035E+11,BROWARD COUNTY ,FLAMINGO RD SUNRISE  FL 33323
4.94231E+11,BROWNALICIA T H/E,3280 NW 16 ST LAUDERHILL  FL 33311
494211AH0070,BROWNALLISON JOAN,5201 NE 14 TER #7 FORT LAUDERDALE  FL 33334
494026AA2600,BROWNDONOVAN A & TRACY L,2641 N FLAMINGO RD #1008N SUNRISE  FL 33323
494202BD0660,BROWNJASON H,1145 S FLAGLER AVE #506 POMPANO BEACH  FL 33060
4.94114E+11,BROWNROLAND T,5209 BUTTONWOOD CT TAMARAC  FL 33319
4.94226E+11,BROWNWILLIAM CARL III H/E,2117 NE 18 AVE WILTON MANORS  FL 33305
494202BH0210,BRUNELA LLC,1025 S FLAGLER AVE #801 POMPANO BEACH  FL 33060
4.94219E+11,BRUTUSFABIOLA,3213 NW 33 ST OAKLAND PARK  FL 33309
4.94125E+11,BRYANFLORISSE A,2301 NW 42 AVE LAUDERHILL  FL 33313
494026AA1390,BRYMERSKAWERONIKA,2681 N FLAMINGO RD #2104S SUNRISE  FL 33323
494026AA0130,BUBBLE STREAM LLC,2681 N FLAMINGO RD #405 S SUNRISE  FL 33323
494224NT0010,BUCHSTEINERHANNES,2864 NE 33 CT #101 FORT LAUDERDALE  FL 33306
484203G90090,BUCURFLORICA ,1089 NEWPORT S DEERFIELD BEACH  FL 33442
4.94225E+11,BUCUTEAFLORIN & NADINE,2716 NE 30 ST FORT LAUDERDALE  FL 33306
4.94026E+11,BURGER KING COMPANY LLC,1855 N FLAMINGO RD SUNRISE  FL 33323
4.94217E+11,BURGOSCRISPLILO & FLOR,5402 NW 24 AVE TAMARAC  FL 33309
494202BD0170,BURNS-WYNCOOPMAIYA L,1305 S FLAGLER AVE #117 POMPANO BEACH  FL 33060
494202BD0530,BUTLERKEVIN T H/E,1201 S FLAGLER AVE #413 POMPANO BEACH  FL 33060
494026AA1490,BUYNPETER,2681 N FLAMINGO RD #2206S SUNRISE  FL 33323
4.94134E+11,BYRDANGELO A SR,7461 NW 14 ST PLANTATION  FL 33313
494026AA2900,C I S E (USA INC),2641 N FLAMINGO RD #1506N SUNRISE  FL 33323
494026AA3750,C I S E (USA INC),2641 N FLAMINGO RD #2603N SUNRISE  FL 33323
494026AA1920,C I S E USA INC,2681 N FLAMINGO RD #TH1 S SUNRISE  FL 33323
494026AA2060,C I S E USA INC,2641 N FLAMINGO RD #401 N SUNRISE  FL 33323
494026AA2290,C I S E USA INC,2641 N FLAMINGO RD #701 N SUNRISE  FL 33323
494026AA2520,C I S E USA INC,2641 N FLAMINGO RD #908 N SUNRISE  FL 33323
494026AA3170,C I S E USA INC,2641 N FLAMINGO RD #1901N SUNRISE  FL 33323
494026AA3270,C I S E USA INC,2641 N FLAMINGO RD #2003N SUNRISE  FL 33323
4.74128E+11,CABALLEROFLAVIO & SILVIA,9829 BLUE ISLE BAY PARKLAND  FL 33076
494026AA0680,CABANASMARIA E ROJAS RAMIREZ,2681 N FLAMINGO RD #1105S SUNRISE  FL 33323
484109AA1380,CACERESALEJANDRO EZEQUIEL,9833 WESTVIEW DR #811 CORAL SPRINGS  FL 33076
484115AK7200,CACERESALEJANDRO EZEQUIEL,4158 NW 90 AVE #102 CORAL SPRINGS  FL 33065
494026AA0900,CADENA CAMACHOEDWIN AUGUSTO,2681 N FLAMINGO RD #1503S SUNRISE  FL 33323
494202BH0320,CADILU LLC,1005 S FLAGLER AVE #812 POMPANO BEACH  FL 33060
494124DK0270,CALDERFLORETTA,3990 NW 42 AVE #205 LAUDERDALE LAKES  FL 33319
4.94234E+11,CALDERAFLAVIO,1444 NW 2 AVE FORT LAUDERDALE  FL 33311
4.8413E+11,CALONGEFLAVIO & MARIA ISABEL,11716 HIGHLAND PL CORAL SPRINGS  FL 33071
494026AA1550,CALZADANILDA MINERVA,2681 N FLAMINGO RD #2304S SUNRISE  FL 33323
484203M20160,CAMARGOFLOR,140 VENTNOR I DEERFIELD BEACH  FL 33442
4.94219E+11,CAMERONROLANDO NATHANIEL,3131 NW 39 PL LAUDERDALE LAKES  FL 33309
494026AA2920,CAMPBELLDWAYNE,2641 N FLAMINGO RD #1508N SUNRISE  FL 33323
4.94127E+11,CANGEYANICK &,6841 NW 24 ST SUNRISE  FL 33313
494026AA1910,CAPELLOFRANK,2681 N FLAMINGO RD #2708S SUNRISE  FL 33323
4.84211E+11,CAPERSFLORENCE E,1781 SW 23 WAY DEERFIELD BEACH  FL 33442
494026AA3390,CARBONELLDIEGO,2641 N FLAMINGO RD #2107N SUNRISE  FL 33323
494120AM0050,CARDENASFLOR,3509 NW 94 AVE #5A SUNRISE  FL 33351
4.94229E+11,CAREYCYNTHIA H/E,2860 NW 25 ST FORT LAUDERDALE  FL 33311
4.74233E+11,CARIESFLORENCE H/E,239 NW 36 AVE DEERFIELD BEACH  FL 33442
4.84206E+11,CARLTONCHARLES E & FRANCA,6505 FLAMINGO LN COCONUT CREEK  FL 33073
484223AD0050,CARMOZILDA T,3550 NW 8 AVE #605 POMPANO BEACH  FL 33064
484229DJ0110,CARTERFLORENCE A H/E,2201 LUCAYA BND #L1 COCONUT CREEK  FL 33066
4.94116E+11,CARTERVICTOR A & FLORENCE,7982 NW 51 CT LAUDERHILL  FL 33351
494026AA0450,CARVAJALDOUGLAS ALFREDO PERNIA,2681 N FLAMINGO RD #806 S SUNRISE  FL 33323
494026AA1140,CARVAJALEDUARDO,2681 N FLAMINGO RD #1803S SUNRISE  FL 33323
4.84307E+11,CARVALHO FINNEGANFLAVIA,371 SE 1 WAY DEERFIELD BEACH  FL 33441
4.84206E+11,CARVALHOJOAO P,5328 FLAMINGO PL COCONUT CREEK  FL 33073
4.84223E+11,CASAZZAFLORENCE ,180 LEISURE BLVD POMPANO BEACH  FL 33064
4.84207E+11,CASTELLANOSLUIS,5164 NW 47 AVE COCONUT CREEK  FL 33073
4.84206E+11,CASTELLONEDUARDO CAMILO,5338 FLAMINGO CT COCONUT CREEK  FL 33073
4.84129E+11,CASTILLOALEX E & FLORENTA,2019 NW 108 LN CORAL SPRINGS  FL 33071
4.94103E+11,CASTILLOFLORENCIO M & BLANCA L,7814 NW 68 TER TAMARAC  FL 33321
494129B20210,CASTILLOMARIO & FLORENTINA H/E,9821 SUNRISE LAKES BLVD #209 SUNRISE  FL 33322
494204HC0470,CASTRO RAMIREZJORGE AUGUSTO,2900 N COURSE DR #507 POMPANO BEACH  FL 33069
4.84126E+11,CATALANOFLORENCE ,6900 NW 15 ST MARGATE  FL 33063
494202BE0200,CATANZARITIANTHONY,1085 S FLAGLER AVE #620 POMPANO BEACH  FL 33060
494026AA2760,CAYEMITTEYOUTHO,2641 N FLAMINGO RD #1208N SUNRISE  FL 33323
4.84212E+11,CAZEAUFLEURETTE,940 NE 50 CT DEERFIELD BEACH  FL 33064
484215AD0100,CB GROUP INVESTMENT OF,3930 CRYSTAL LAKE DR #111 DEERFIELD BEACH  FL 33064
484215AD0270,CB GROUP INVESTMENT OF,3930 CRYSTAL LAKE DR #214 DEERFIELD BEACH  FL 33064
484306DK0420,CB GROUP INVESTMENT OF,760 SE 2 AVE #202C DEERFIELD BEACH  FL 33441
4.84126E+11,CEDIEL MARTINEZMARCO ANTONIO ,7381 FLORES WAY MARGATE  FL 33063
4.8413E+11,CELEDONFRANCISCO & LAURA LEE,12069 NW 9 CT CORAL SPRINGS  FL 33071
4.84227E+11,CEMEX CONSTRUCTION MATERIALS,1150 W COPANS RD POMPANO BEACH  FL 33069
4.94234E+11,CEMEX CONSTRUCTION MATERIALS,1050 NE 5 TER FORT LAUDERDALE  FL 33304
4.94234E+11,CEMEX CONSTRUCTION MATERIALS,1050 NE 5 TER FORT LAUDERDALE  FL 33304
4.94101E+11,CENARUCHEMADE,147 SAN REMO BLVD NORTH LAUDERDALE  FL 33068
484136AA0490,CENELSAUL,5800 MARGATE BLVD #341-3 MARGATE  FL 33063
4.94207E+11,CHAMBERSFLOYD A,6401 NW 34 AVE FORT LAUDERDALE  FL 33309
494202BH0170,CHAMPION REV TR,1045 S FLAGLER AVE #717 POMPANO BEACH  FL 33060
494026AA2310,CHAQUEAJUAN SEBASTIAN H/E,2641 N FLAMINGO RD #703 N SUNRISE  FL 33323
494206CK0280,CHARCEMAPRESLER &,1201 SW 52 AVE #102-2 NORTH LAUDERDALE  FL 33068
494202BD0840,CHARETCECILIA ,1245 S FLAGLER AVE #304 POMPANO BEACH  FL 33060
484230AM0290,CHARLES M FLIEGLER REV TR,2404 ANTIGUA CIR #A3 COCONUT CREEK  FL 33066
4.84126E+11,CHARLES SANONMARIE D H/E,7349 FLORES WAY MARGATE  FL 33063
4.84136E+11,CHARLESFABIOLA MARIE,6200 NW 9 ST MARGATE  FL 33063
4.84233E+11,CHARLESFLORETTE ,2630 NW 6 CT POMPANO BEACH  FL 33069
4.94219E+11,CHARLESMUSTHIA JEAN,3301 NW 43 ST LAUDERDALE LAKES  FL 33309
4.84208E+11,CHARLESROBINS,5660 NW 40 TER COCONUT CREEK  FL 33073
494202BD0240,CHENGMEGAN,1285 S FLAGLER AVE #204 POMPANO BEACH  FL 33060
494202BD0690,CHENGMEGAN,1125 S FLAGLER AVE #509 POMPANO BEACH  FL 33060
4.9421E+11,CHERIFRADERE & FLORINA,20 NW 57 ST OAKLAND PARK  FL 33309
4.94219E+11,CHERIKAKSON,4200 NW 32 TER LAUDERDALE LAKES  FL 33309
4.94115E+11,CHERICHELVIVIANE,7305 NW 54 ST LAUDERHILL  FL 33319
494125AH0170,CHIARELLALYDIA,2900 NW 47 TER #207B LAUDERDALE LAKES  FL 33313
494202AA0090,CHIESAFLORENCE ,251 S CYPRESS RD #109 POMPANO BEACH  FL 33060
494202AD0120,CHIESAFLORENCE ,257 S CYPRESS RD #412 POMPANO BEACH  FL 33060
494026AA0740,CHINCHILLAXIANNY,2681 N FLAMINGO RD #1203S SUNRISE  FL 33323
4.84109E+11,CHIONGOLIVIA S H/E,9881 NW 49 PL CORAL SPRINGS  FL 33076
494205HA0890,CHMELASTEPHEN C,3520 OAKS WAY #909 POMPANO BEACH  FL 33069
4.84206E+11,CHRISTINERYAN,6507 FLAMINGO WAY COCONUT CREEK  FL 33073
494202BH0070,CHROMIUM PROPERTIES LLC,1065 S FLAGLER AVE #707 POMPANO BEACH  FL 33060
494202BH0270,CIGALE PROPERTIES LLC,1025 S FLAGLER AVE #807 POMPANO BEACH  FL 33060
494202BH0300,CIGALE PROPERTIES LLC,1005 S FLAGLER AVE #810 POMPANO BEACH  FL 33060
494202BH0310,CIGALE PROPERTIES LLC,1005 S FLAGLER AVE #811 POMPANO BEACH  FL 33060
494202BH0330,CIGALE PROPERTIES LLC,1005 S FLAGLER AVE #813 POMPANO BEACH  FL 33060
4.94102E+11,CINEUSFLORRENCE,1327 SUSSEX DR NORTH LAUDERDALE  FL 33068
494026AA2870,CISE USA INC,2641 N FLAMINGO RD #1503N SUNRISE  FL 33323
4.94234E+11,CITY OF FORT LAUDERDALE,N FLAGLER DR FORT LAUDERDALE  FL 33304
4.94135E+11,CITY OF LAUDERHILL,FLORIDA TPKE LAUDERHILL  FL 33313
4.94135E+11,CITY OF LAUDERHILL,FLORIDA TPKE LAUDERHILL  FL 33313
4.94136E+11,CITY OF LAUDERHILL,FLORIDA TPKE LAUDERHILL  FL 33313
4.94136E+11,CITY OF LAUDERHILL,FLORIDA TPKE LAUDERHILL  FL 33313
4.94136E+11,CITY OF LAUDERHILL,FLORIDA TPKE LAUDERHILL  FL 33313
4.94136E+11,CITY OF LAUDERHILL,FLORIDA TPKE LAUDERHILL  FL 33313
4.94036E+11,CITY OF PLANTATION,FLAMINGO RD PLANTATION  FL 33323
4.84235E+11,CITY OF POMPANO BEACH,FLAGLER AVE POMPANO BEACH  FL 33060
4.94023E+11,CITY OF SUNRISE,N FLAMINGO RD SUNRISE  FL 33323
4.94023E+11,CITY OF SUNRISE,N FLAMINGO RD SUNRISE  FL 33323
4.94112E+11,CITY OF TAMARAC,FLORIDA TPKE TAMARAC  FL 33319
494026AA2070,CLABE INVESTMENT CORP,2641 N FLAMINGO RD #402 N SUNRISE  FL 33323
494125DJ0010,CLARKEFLORETTA,4751 NW 21 ST #100 LAUDERHILL  FL 33313
4.94103E+11,CLARKEWILLS & FLORENCE,8131 SW 4 PL NORTH LAUDERDALE  FL 33068
4.94233E+11,CLAUDIOFLORENTINO & LYDIA,1514 NW 15 AVE FORT LAUDERDALE  FL 33311
4.84131E+11,CLEMENTNICKERSON & FLORE,12300 NW 2 ST CORAL SPRINGS  FL 33071
494127BC0720,CLOUGHFLORENCE R & CHARLES A,3000 SUNRISE LAKES DR E #324 SUNRISE  FL 33322
4.9411E+11,CLUGGISHSTEVE R & FLORA,1901 SW 85 AVE NORTH LAUDERDALE  FL 33068
4.84224E+11,CLUNISFLOYD ST PATRICK H/E,441 NE 31 ST POMPANO BEACH  FL 33064
494026AA0880,COBALT USA LLC,2681 N FLAMINGO RD #1501S SUNRISE  FL 33323
494026AA1350,COBALT USA LLC,2681 N FLAMINGO RD #2008S SUNRISE  FL 33323
4.84209E+11,COBOS VIZKOCIL REV TR,4627 SW 12 PL DEERFIELD BEACH  FL 33442
484305BD0030,COCHRANFLORENCE,1261 SE 4 ST #3 DEERFIELD BEACH  FL 33441
484202GD0050,COHENFLORENCE ,125 GRANTHAM B DEERFIELD BEACH  FL 33442
494026AA3140,COHENMAYA,2641 N FLAMINGO RD #1806N SUNRISE  FL 33323
4.74234E+11,COLBOCHGARY A & FLORA E,725 DEER CREEK EMERALD WAY W DEERFIELD BEACH  FL 33442
494136AD0540,COLESFLORE,1281 NW 43 AVE #205 LAUDERHILL  FL 33313
4.94219E+11,COLEYFLORA,3430 NW 40 CT LAUDERDALE LAKES  FL 33309
494230BB1490,COLEYFLORA M,2850 SOMERSET DR #104L LAUDERDALE LAKES  FL 33311
494124JJ1270,COLEYFLOYD JUNIOR,3101 NW 47 TER #422 LAUDERDALE LAKES  FL 33319
494134AD0060,COLEYFLOYD JUNIOR,7031 W SUNRISE BLVD #7031 PLANTATION  FL 33313
4.94119E+11,COLLADAMICHAEL J & FLORENCIA,10831 NW 35 PL SUNRISE  FL 33351
494202BD0290,COLLESANODAVID ,1265 S FLAGLER AVE #209 POMPANO BEACH  FL 33060
4.94231E+11,COLLINSFLOR,1891 NW 33 AVE LAUDERHILL  FL 33311
494026AA2590,COLLINSJOSEPH,2641 N FLAMINGO RD #1007N SUNRISE  FL 33323
494106HG0010,COLONFLORENCE,7271 S DEVON DR #101 TAMARAC  FL 33321
4.84206E+11,COLTEAFLORIN & IOANA RODICA,6970 LONG PINE CIR COCONUT CREEK  FL 33073
494026AA2430,COMERCIALIZADORA CISTINA LLC,2641 N FLAMINGO RD #807 N SUNRISE  FL 33323
4.94035E+11,COMMUNITY ASSOCIATION,FLAMINGO RD SUNRISE  FL 33351
494026AA0930,COMPOSTELA HOLDINGS LLC,2681 N FLAMINGO RD #1506S SUNRISE  FL 33323
4.84121E+11,CONCEPTION-MUNOZVILMA H/E,2472 NW 95 WAY CORAL SPRINGS  FL 33065
494230BB1210,CONDEFLORENCE & MAXIME,2860 SOMERSET DR #312K LAUDERDALE LAKES  FL 33311
494134AH0350,CONSTANTFLORIE,1681 NW 70 AVE #218 PLANTATION  FL 33313
494202BD0360,CONSTANTINOTHEA B ,1265 S FLAGLER AVE #216 POMPANO BEACH  FL 33060
494026AA2530,CONTRERASGUILLERMO DOMINGUEZ,2641 N FLAMINGO RD #1001N SUNRISE  FL 33323
4.94224E+11,COPELINFLORENCE & DAVID,4405 NE 23 AVE FORT LAUDERDALE  FL 33308
4.84124E+11,CORAL BAY COMMUNITY DEV DIST,FLORES DEL MAR MARGATE  FL 33063
4.84206E+11,CORCORANVANESSA J H/E,5339 FLAMINGO CT COCONUT CREEK  FL 33073
494202BD0510,CORIYEN LLC,1205 S FLAGLER AVE #411 POMPANO BEACH  FL 33060
484228AH0200,CORONELFLORENTINO ACERO,1902 BERMUDA CIR #H2 COCONUT CREEK  FL 33066
4.84108E+11,CORREAMANUEL FLORES,10634 NW 48 ST CORAL SPRINGS  FL 33076
4.94104E+11,CORREARAMON CLARO,8501 NW 83 ST TAMARAC  FL 33321
494026AA2200,CORTESHUGO ALEJANDRO,2641 N FLAMINGO RD #508 N SUNRISE  FL 33323
4.84125E+11,CORTESEMICHAEL JOSEPH,6456 NW 22 ST MARGATE  FL 33063
484229AA2810,CORZOFLOR,1211 BAHAMA BND #E1 COCONUT CREEK  FL 33066
4.94136E+11,COSBYFLORENCE F H/E,1180 NW 44 AVE LAUDERHILL  FL 33313
4.84126E+11,COSTINEMIL & FLOARE,2143 N ROCK ISLAND RD MARGATE  FL 33063
494129A10140,COUPETJEAN GABRIEL,9601 SUNRISE LAKES BLVD #202 SUNRISE  FL 33322
4.84318E+11,COUTODANILO DO,3770 NE 17 AVE POMPANO BEACH  FL 33064
494026AA2490,COVINOMARIA,2641 N FLAMINGO RD #905 N SUNRISE  FL 33323
4.84121E+11,COWANSFLOYD,2364 NW 102 TER CORAL SPRINGS  FL 33065
484202A41200,CREAMERFLOYD E,3032 SWANSEA B DEERFIELD BEACH  FL 33442
484203JG0110,CREAMERFLOYD E,171 LYNDHURST L DEERFIELD BEACH  FL 33442
494205BA0050,CRESPOFLOR ,4011 N CYPRESS DR #103 POMPANO BEACH  FL 33069
494026AA1520,CROMAX LLC,2681 N FLAMINGO RD #2301S SUNRISE  FL 33323
4.84116E+11,CROWLEYMICHAEL CHARLES,4300 NW 101 DR CORAL SPRINGS  FL 33065
494026AA3040,CRUCETGABRIEL,2641 N FLAMINGO RD #1704N SUNRISE  FL 33323
4.94127E+11,CRUZ GARCIAYANET,6600 NW 25 CT SUNRISE  FL 33313
494026AA1190,CRUZ REYESNELLY H/E,2681 N FLAMINGO RD #1808S SUNRISE  FL 33323
4.84214E+11,CRYSTAL LAKE VILLAGE HOA SERV OF,873 NW 42 PL DEERFIELD BEACH  FL 33064
4.94101E+11,CUENCAFLORENCIO & BERTHA,6473 SW 8 CT NORTH LAUDERDALE  FL 33068
4.74135E+11,CUEVAS MARTINEZWILLIAM  &,7515 NW 71 TER PARKLAND  FL 33067
4.84206E+11,CURTINBARBARA ANN,5346 FLAMINGO CT COCONUT CREEK  FL 33073
494202BD0680,CUSSEAUSACHA L,1145 S FLAGLER AVE #508 POMPANO BEACH  FL 33060
494202BD0950,CVETKOVICIVAN,1225 S FLAGLER AVE #315 POMPANO BEACH  FL 33060
494202BD0910,D & D FLORIDA TR,1225 S FLAGLER AVE #311 POMPANO BEACH  FL 33060
494202BE0120,D & D FLORIDA TR,1085 S FLAGLER AVE #612 POMPANO BEACH  FL 33060
4.84233E+11,D & P ENTERPRISE OF SOUTH,2408 NW 7 ST POMPANO BEACH  FL 33069
494213AK2520,D'ADDESEFLORIANA ,5300 NE 24 TER #523C FORT LAUDERDALE  FL 33308
4.84211E+11,D'AMBROSIO-RICHARDSFLORENCE R,1962 DISCOVERY CIR E DEERFIELD BEACH  FL 33442
484220CA0460,DA LUZFLAVIA P,4181 CARAMBOLA CIR S #2178 COCONUT CREEK  FL 33066
4.94205E+11,DA SILVAFLAVIO R & NANCI R,509 W PALM AIRE DR POMPANO BEACH  FL 33069
494104CB0200,DACOSTAKENROY MAUVIN,7737 NW 79 AVE #306 TAMARAC  FL 33321
494122BM1840,DACRESJUDITH,3910 INVERRARY BLVD #208-B LAUDERHILL  FL 33319
4.84206E+11,DAESCHJOSEPH ,6508 FLAMINGO WAY COCONUT CREEK  FL 33073
4.94035E+11,DAHIWALETALAJ,1439 NW 129 WAY SUNRISE  FL 33323
4.84117E+11,DALEFLOYD & VINETTE CRAWFORD,11126 NW 34 CT CORAL SPRINGS  FL 33065
4.94235E+11,DALMARNADIA SAINT LOUIS,1807 NE 20 ST FORT LAUDERDALE  FL 33305
4.9423E+11,DAMASFLOCIE & FRANTZ,3600 NW 23 ST LAUDERDALE LAKES  FL 33311
4.94234E+11,DAMASFRANTZ & FLOCIE,1749 NW 3 TER FORT LAUDERDALE  FL 33311
494111AJ0620,DAMVELDFLAVIA H/E,5961 NW 61 AVE #302 TAMARAC  FL 33319
4.84135E+11,DANIELFLORENCE,7829 NW 3 PL MARGATE  FL 33063
494026AA2120,DARVILLEMICHAEL,2641 N FLAMINGO RD #407 N SUNRISE  FL 33323
484135B70130,DASILVARAFAEL F,461 NW 76 AVE #205 MARGATE  FL 33063
4.84218E+11,DAVIDSONFLORANCE,4774 LAGO VISTA DR COCONUT CREEK  FL 33073
484202AH0070,DAVIDSONFLORENCE,1075 BERKSHIRE E DEERFIELD BEACH  FL 33442
4.94231E+11,DAVISFLORIZEL A & JENNIFER,1700 NW 36 TER LAUDERHILL  FL 33311
4.94233E+11,DAVISFLOYD,1009 NW 11 CT FORT LAUDERDALE  FL 33311
4.94224E+11,DAVISJAMES B &,2653 NE 35 DR FORT LAUDERDALE  FL 33308
484220GG0470,DAWKINSDARON,2972 CARAMBOLA CIR S #2047 COCONUT CREEK  FL 33066
4.84213E+11,DE ALMEIDAFLOR M,640 NE 45 CT DEERFIELD BEACH  FL 33064
4.94134E+11,DE LA CRUZADALIS,7501 NW 10 CT PLANTATION  FL 33313
494026AA2880,DE LA OSSAYADIRA,2641 N FLAMINGO RD #1504N SUNRISE  FL 33323
494202BD0370,DE LA PAZ HOLDING LLC,1265 S FLAGLER AVE #217 POMPANO BEACH  FL 33060
4.84207E+11,DE LA PAZROBERTO F,5156 NW 53 AVE COCONUT CREEK  FL 33073
4.94128E+11,DE LA ROSAFLOR ANGEL,2191 NW 84 WAY SUNRISE  FL 33322
4.94103E+11,DE LA ROSAFLORANGEL,7952 SW 5 ST NORTH LAUDERDALE  FL 33068
494202BH0090,DE LEYVAMARLANELA MENDOZA,1045 S FLAGLER AVE #709 POMPANO BEACH  FL 33060
494202BH0010,DE MAREMARIA LAURA,1065 S FLAGLER AVE #701 POMPANO BEACH  FL 33060
494202BH0040,DE MAREMARIA LAURA,1065 S FLAGLER AVE #704 POMPANO BEACH  FL 33060
484203D30130,DE MARIA NAPURIFLOR,33 PRESCOTT B DEERFIELD BEACH  FL 33442
4.94223E+11,DE MONTFORTFLORENCE GUISSET M,4430 NE 17 AVE OAKLAND PARK  FL 33334
494202BH0280,DE NINE LLC,1025 S FLAGLER AVE #808 POMPANO BEACH  FL 33060
484125AJ0100,DE NOIAFLORENCE P,6670 ROYAL PALM BLVD #110K MARGATE  FL 33063
4.84206E+11,DE OLIVEIRAFABIO,5326 FLAMINGO CT COCONUT CREEK  FL 33073
494026AA1590,DE PASQUALEROBERT,2681 N FLAMINGO RD #2308S SUNRISE  FL 33323
4.9421E+11,DEARDORFFFLORENCE M,5801 NE 2 AVE OAKLAND PARK  FL 33334
494202BH0140,DECAL CAPITAL LLC,1045 S FLAGLER AVE #714 POMPANO BEACH  FL 33060
494202BH0150,DECAL CAPITAL LLC,1045 S FLAGLER AVE #715 POMPANO BEACH  FL 33060
484135HB0110,DELACRUZWILFRED J,7505 NW 5 PL #203 MARGATE  FL 33063
4.94215E+11,DELGADOANDREA A,101 NW 46 ST OAKLAND PARK  FL 33309
4.84205E+11,DELIGENCERICARDO H/E,4049 ALLERDALE PL COCONUT CREEK  FL 33073
484220AK0490,DELIMANILSEU & FLAVIA,3000 NW 42 AVE #B509 COCONUT CREEK  FL 33066
494203BC0280,DELISLERICHARD,2222 N CYPRESS BEND DR #308 POMPANO BEACH  FL 33069
494026AA0360,DELPHINUS GROUP LLC,2681 N FLAMINGO RD #705 S SUNRISE  FL 33323
494206AD0110,DENEAULTFLORENT ,5621 SW 2 CT #111 MARGATE  FL 33068
494026AA0340,DENNISTONMICHELE ANDREA,2681 N FLAMINGO RD #703 S SUNRISE  FL 33323
494112AB1110,DERISSAINTEUGENIE C,4980 E SABAL PALM BLVD #332 TAMARAC  FL 33319
494202BE0050,DERVISHIDORIAN,1105 S FLAGLER AVE #605 POMPANO BEACH  FL 33060
4.84206E+11,DESOUZAFLAVIA R & SAULO H/E,4964 EGRET CT COCONUT CREEK  FL 33073
4.84224E+11,DESRONVILAGNES,391 NE 30 CT POMPANO BEACH  FL 33064
4.84224E+11,DESRONVILAGNES,440 NE 31 CT POMPANO BEACH  FL 33064
4.84135E+11,DESSINFLAUVERT,1015 NW 73 AVE MARGATE  FL 33063
494125HH0890,DESSOURCESMARIE,2600 NW 49 AVE #405 LAUDERDALE LAKES  FL 33313
4.9411E+11,DETRINIDADCESAR,1741 S CORAL TER NORTH LAUDERDALE  FL 33068
494105CB0010,DEUTSCHLLOYD & FLORENCE,9539 WELDON CIR #F101 TAMARAC  FL 33321
4.94232E+11,DEVARN M FLOWERS REV TR,2811 NW 14 CT #1-2 UNINCORPORATED  FL 33311
494026AA1710,DI STEFANOCLAUDIO,2681 N FLAMINGO RD #2504S SUNRISE  FL 33323
494202BD0250,DIAS & DIAS REAL ESTATE LLC,1285 S FLAGLER AVE #205 POMPANO BEACH  FL 33060
494202BH0340,DIAS & DIAS REAL ESTATE LLC,1005 S FLAGLER AVE #814 POMPANO BEACH  FL 33060
494203AJ0010,DIASFLAVIA,2216 N CYPRESS BEND DR #101 POMPANO BEACH  FL 33069
4.84229E+11,DIASFLAVIA & MARCIO,3503 NW 21 CT COCONUT CREEK  FL 33066
494106JC0300,DIAZALVARO & FLORENTINA ,7528 N DEVON DR #306 TAMARAC  FL 33321
494106KK0340,DIAZALVARO & FLORENTINA ,7914 EXETER BLVD E #201 TAMARAC  FL 33321
4.84206E+11,DICENZOJOSEPHINE,6517 FLAMINGO LN COCONUT CREEK  FL 33073
484330AK0500,DIGBYJOHN,1009 N OCEAN BLVD #506 POMPANO BEACH  FL 33062
494111BK0020,DIXONFLORES,6001 SHAKERWOOD CIR #102 TAMARAC  FL 33319
494202BD0200,DMD PROPERTIES & INVESTMENTS LLC,1305 S FLAGLER AVE #120 POMPANO BEACH  FL 33060
4.94232E+11,DOEFLORINE,2610 NW 17 ST FORT LAUDERDALE  FL 33311
4.94231E+11,DOIRINRUTH,1431 NW 32 AVE LAUDERHILL  FL 33311
4.94211E+11,DOMINICFLORA,1436 NE 57 ST FORT LAUDERDALE  FL 33334
494119AD0090,DONATOFLORENCE MARIE,10011 WINDING LAKE RD #203 SUNRISE  FL 33351
4.94219E+11,DONNEFLEURIA & JOSEPH,DANISE
484203M20120,DORAZIOFABIAN E & FLOR P,136 VENTNOR I DEERFIELD BEACH  FL 33442
4.84209E+11,DOREMELISSA H/E,1190 SW 44 AVE DEERFIELD BEACH  FL 33442
494026AA2000,DOREEN MARINA REV TR,2641 N FLAMINGO RD #302 N SUNRISE  FL 33323
4.94231E+11,DORTIINNOCENT H/E,1750 NW 35 WAY LAUDERHILL  FL 33311
4.84102E+11,DOS SANTOS MAGALHAESFLAVIO,5981 NW 80 TER PARKLAND  FL 33067
4.84206E+11,DOUMABENJAMIN M & JODI M,5345 FLAMINGO PL COCONUT CREEK  FL 33073
4.94101E+11,DREAM HOMES OF SOUTHEAST,6115 SW 3 ST MARGATE  FL 33068
4.94101E+11,DREAM HOMES OF SOUTHEAST,6502 BLVD OF CHAMPIONS NORTH LAUDERDALE  FL 33068
4.94101E+11,DREAM HOMES OF SOUTHEAST,6800 SW 10 CT NORTH LAUDERDALE  FL 33068
4.94124E+11,DREAM HOMES OF SOUTHEAST,3924 NW 45 AVE LAUDERDALE LAKES  FL 33319
4.94135E+11,DREAM HOMES OF SOUTHEAST,5401 NW 17 CT LAUDERHILL  FL 33313
4.94219E+11,DREAM HOMES OF SOUTHEAST,3300 NW 32 CT LAUDERDALE LAKES  FL 33309
4.94219E+11,DREAM HOMES OF SOUTHEAST,4348 NW 36 WAY LAUDERDALE LAKES  FL 33309
4.94233E+11,DREAM HOMES OF SOUTHEAST,1705 NW 15 ST FORT LAUDERDALE  FL 33311
494026AA1790,DREAMCO HOLDINGS LTD,2681 N FLAMINGO RD #2604S SUNRISE  FL 33323
494026AA1650,DRUMMONDCHANEL RENEE H/E,2681 N FLAMINGO RD #2406S SUNRISE  FL 33323
494026AA0090,DUARTEILEANA M,2681 N FLAMINGO RD #401 S SUNRISE  FL 33323
494202BD0570,DUARTERAFAEL BELLO,1201 S FLAGLER AVE #417 POMPANO BEACH  FL 33060
4.94135E+11,DUCLOSWILBERT,6271 NW 14 PL SUNRISE  FL 33313
4.94136E+11,DUCLOSWILBERT,4841 NW 11 CT LAUDERHILL  FL 33313
4.84126E+11,DUCTANFEDELAIT &,1804 NW 78 AVE MARGATE  FL 33063
4.94235E+11,DUCTANSALAMIE H/E,1407 NE 14 ST FORT LAUDERDALE  FL 33304
4.84211E+11,DUDLEYFLORENCE E,2285 SW 15 PL DEERFIELD BEACH  FL 33442
494026AA2420,DUENASRICARDO SANTOS,2641 N FLAMINGO RD #806 N SUNRISE  FL 33323
494026AA0950,DUMIAN INVESTMENTS CORP,2681 N FLAMINGO RD #1508S SUNRISE  FL 33323
494026AA1360,DUMIAN INVESTMENTS CORP,2681 N FLAMINGO RD #2101S SUNRISE  FL 33323
494125CB0160,DUNCANFLORIS,2951 NW 46 AVE #206 LAUDERDALE LAKES  FL 33313
494133AD0130,DUQUEFLOR DE MARIA,8427 NW 12 ST #A67 PLANTATION  FL 33322
4.84129E+11,DURANJOSE R H/E,10859 NW 17 PL CORAL SPRINGS  FL 33071
4.94103E+11,DURANTFLORENCE L ,7608 NW 67 AVE TAMARAC  FL 33321
494112BJ1180,DUSCHAGAIL,5654 ROCK ISLAND RD #218 TAMARAC  FL 33319
4.94222E+11,DYKESFLOSSIE,270 NE 34 ST OAKLAND PARK  FL 33334
494202BH0380,DYNAMM LLC,1005 S FLAGLER AVE #818 POMPANO BEACH  FL 33060
484229AA2440,EASTONFLORISE,1208 BAHAMA BND #D2 COCONUT CREEK  FL 33066
4.84223E+11,ECHAZARRETAFLORA R & RAMIRO J,150 NW 28 ST POMPANO BEACH  FL 33064
4.94131E+11,EDMONDMARIE LEDIE H/E,1250 NW 105 AVE PLANTATION  FL 33322
4.84319E+11,EDWARD & DEANA FLETCHER LIV TR,2550 NE 31 CT LIGHTHOUSE POINT  FL 33064
4.94135E+11,EDWARDSSAMUEL G H/E,5640 NW 12 ST LAUDERHILL  FL 33313
494026AA1510,EISNERMICHAEL & ANA LUCIA,2681 N FLAMINGO RD #2208S SUNRISE  FL 33323
494202BD0760,ELIAAMEDEO,1125 S FLAGLER AVE #516 POMPANO BEACH  FL 33060
494105BC0110,EMAMALIFLORENCE N,7260 WOODMONT TER #205 TAMARAC  FL 33321
4.94234E+11,ENGLAND'S FINEST LLC,720 N FLAGLER DR FORT LAUDERDALE  FL 33304
4.8413E+11,ERNSTOFFNATHANIEL J H/E,12127 NW 9 DR CORAL SPRINGS  FL 33071
4.94233E+11,ESCOBAR MARTINEZWILQUIN E,927 NW 12 ST FORT LAUDERDALE  FL 33311
494026AA3440,ESPINALANTHONY,2641 N FLAMINGO RD #2204N SUNRISE  FL 33323
484124AA0060,ESPINOSAFLOR DE MARIA,6500 WINFIELD BLVD #106 MARGATE  FL 33063
4.94235E+11,ESS-NYFL JV FLORIDA SUB II LLC,1201 N FLAGLER DR FORT LAUDERDALE  FL 33304
4.94235E+11,ESS-NYFL JV FLORIDA SUB II LLC,1211 N FLAGLER DR FORT LAUDERDALE  FL 33304
4.94235E+11,ESS-NYFL JV FLORIDA SUB II LLC,1215 N FLAGLER DR FORT LAUDERDALE  FL 33304
4.84206E+11,ESSEX PARK AT REGENCY LAKES,FLAMINGO CT COCONUT CREEK  FL 33073
4.94101E+11,ESTEBANCESAR SILVESTRE,6411 BLVD OF CHAMPIONS NORTH LAUDERDALE  FL 33068
494202BH0260,ETERNAUTA INC,1025 S FLAGLER AVE #806 POMPANO BEACH  FL 33060
4.94102E+11,ETIENNE ERVENS H/E,7800 SW 7 ST NORTH LAUDERDALE  FL 33068
4.84212E+11,ETIENNEDAUPHIN H/E,1405 SW 5 AVE DEERFIELD BEACH  FL 33441
494026AA2940,EUGENE CYRIL SMITH III TRUST,2641 N FLAMINGO RD #1602N SUNRISE  FL 33323
4.84206E+11,EVANGELISTAJASMIN H/E,5319 FLAMINGO CT COCONUT CREEK  FL 33073
484135HB0060,EVANSFLORENCE J A,7505 NW 5 PL #106 MARGATE  FL 33063
4.94232E+11,EVARISTEMARIE HELENE,1225 NW 23 TER FORT LAUDERDALE  FL 33311
494202BD0490,EYNAV PROPERTIES LLC,1205 S FLAGLER AVE #409 POMPANO BEACH  FL 33060
494202BD0260,FABCO 117 LLC,1285 S FLAGLER AVE #206 POMPANO BEACH  FL 33060
494202BD0440,FABISZEWSKIWALTER J ,1205 S FLAGLER AVE #404 POMPANO BEACH  FL 33060
494202BD0480,FABISZEWSKIWALTER J ,1205 S FLAGLER AVE #408 POMPANO BEACH  FL 33060
484211AF1310,FAIGFLORENCIA,680 CYPRESS CLUB WAY #M10 DEERFIELD BEACH  FL 33064
494026AA1440,FAIRVIEW TAO PROPERTIES LLC,2681 N FLAMINGO RD #2201S SUNRISE  FL 33323
4.84126E+11,FAITH BAPTIST CHURCH OF MARGATE,ROYAL PALM BLVD MARGATE  FL 33063
4.8433E+11,FALLINZACHARY R & MERNA M,2623 NE 15 ST POMPANO BEACH  FL 33062
494202BH0350,FAMILY FLORIDA INVESTMENTS LLC,1005 S FLAGLER AVE #815 POMPANO BEACH  FL 33060
494026AA3200,FANDEREK ZHIPING,2641 N FLAMINGO RD #1904N SUNRISE  FL 33323
494026AA2930,FARELAANDREA,2641 N FLAMINGO RD #1601N SUNRISE  FL 33323
494026AA2840,FARFANALEJANDRA H/E,2641 N FLAMINGO RD #1408N SUNRISE  FL 33323
4.94227E+11,FARRELLDAVID,416 NE 27 DR WILTON MANORS  FL 33334
494213AB1250,FASCIANAFLORENCE ,5200 NE 24 TER #C-301 FORT LAUDERDALE  FL 33308
494026AA0290,FATIMIAYESHA SHAHZAD,2681 N FLAMINGO RD #606 S SUNRISE  FL 33323
4.84206E+11,FATTAJOSEPH & VANESSA,5333 FLAMINGO PL COCONUT CREEK  FL 33073
494026AA3710,FAYNERMANDMITRIY,2641 N FLAMINGO RD #2507N SUNRISE  FL 33323
494105AA0530,FEBOSABRINA,7581 NW 86 TER #203 TAMARAC  FL 33321
4.84104E+11,FEDORECFLORIN ALEXANDRU,6391 NW 95 LN PARKLAND  FL 33076
484308BD0200,FEITELSONCINDY & WILLHOITE,MARK
484229KM0330,FELDMANFLOYD D & NATALIE ,1606 ABACO DR #C4 COCONUT CREEK  FL 33066
494026AA1620,FERELI LLC,2681 N FLAMINGO RD #2403S SUNRISE  FL 33323
494111BH0280,FERNANDEZFLOR DE MARIA,6190 WOODLANDS BLVD #208 TAMARAC  FL 33319
494108BB1230,FERNANDEZFLORENCIA,9330 LIME BAY BLVD #311 TAMARAC  FL 33321
484215DA0720,FERNANDO DE BESSA CAMILOFLAVIO,4550 NW 18 AVE #102 DEERFIELD BEACH  FL 33064
494026AA0030,FERREYRAALFREDO,2681 N FLAMINGO RD #302 S SUNRISE  FL 33323
494026AA2550,FERRUGIOGENE,2641 N FLAMINGO RD #1003N SUNRISE  FL 33323
4.9413E+11,FIGUEIREDOROBSON H/E,2111 NW 107 AVE SUNRISE  FL 33322
4.84135E+11,FIGUERASDANNY &,630 NW 79 AVE MARGATE  FL 33063
494026AA2300,FIGUEROAELIZABETH N,2641 N FLAMINGO RD #702 N SUNRISE  FL 33323
4.84212E+11,FIGUEROAMITCHELL H/E,1433 SW 1 TER DEERFIELD BEACH  FL 33441
484129BD0480,FIGUEROARAFAEL J H/E,11281 LAKEVIEW DR #40-K CORAL SPRINGS  FL 33071
494026AA0860,FIGUEROAYOLANDA,2681 N FLAMINGO RD #1407S SUNRISE  FL 33323
494026AA0410,FINDLAYFATIMA BIBI,2681 N FLAMINGO RD #802 S SUNRISE  FL 33323
494136CA0190,FISHERCLOVER E H/E,4330 NW 16 ST #103 LAUDERHILL  FL 33313
4.94212E+11,FITZPATRICK-FLYNNLYNN A &,2145 NE 65 CT FORT LAUDERDALE  FL 33308
494202BH0230,FIVE PROPERTY INVESTMENT LLC,1025 S FLAGLER AVE #803 POMPANO BEACH  FL 33060
4.74132E+11,FL 1 HOME LAND TR,10812 NW 80 CIR PARKLAND  FL 33076
4.84235E+11,FL 100 NE 10 STREET LLC,100 NE 10 ST #1-8 POMPANO BEACH  FL 33060
494109CB3710,FL 104 INC,8000 COLONY CIR S #101 TAMARAC  FL 33321
494109CB3790,FL 104 INC,8000 COLONY CIR S #109 TAMARAC  FL 33321
484134AB0380,FL 107 INC,7931 SOUTHGATE BLVD #2E NORTH LAUDERDALE  FL 33068
484134BA0220,FL 107 INC,8051 SOUTHGATE BLVD #10J NORTH LAUDERDALE  FL 33068
484134BB0070,FL 107 INC,7941 SOUTHGATE BLVD #7A NORTH LAUDERDALE  FL 33068
494109CB5890,FL 107 INC,7825 FAIRVIEW DR #109 TAMARAC  FL 33321
4.84235E+11,FL 112 NW 9 STREET LLC,112 NW 9 ST POMPANO BEACH  FL 33060
4.84235E+11,FL 116 NW 9 STREET LLC,116 NW 9 ST POMPANO BEACH  FL 33060
4.84224E+11,FL 1531 NE 33 STREET LLC,1531 NE 33 ST POMPANO BEACH  FL 33064
4.9421E+11,FL 16 FORT LAUDERDALE LLC,6363 NW 6 WAY FORT LAUDERDALE  FL 33309
4.84307E+11,FL 1648 NE 51 COURT LLC,1648 NE 51 CT POMPANO BEACH  FL 33064
484134BB0030,FL 203 INC,7941 SOUTHGATE BLVD #3A NORTH LAUDERDALE  FL 33068
494109CB4890,FL 203 INC,8020 FAIRVIEW DR #309 TAMARAC  FL 33321
494109CB1370,FL 204 INC,7920 COLONY CIR N #107 TAMARAC  FL 33321
494109CB1670,FL 204 INC,7910 COLONY CIR N #207 TAMARAC  FL 33321
494109CB0900,FL 208 INC,8010 COLONY CIR N #110 TAMARAC  FL 33321
494109CB3930,FL 208 INC,8000 COLONY CIR S #303 TAMARAC  FL 33321
494109CB5980,FL 208 INC,7825 FAIRVIEW DR #208 TAMARAC  FL 33321
4.84318E+11,FL 2210 NE 37 STREET LLC,2210 NE 37 ST LIGHTHOUSE POINT  FL 33064
4.84317E+11,FL 3811 NE 26 LLC,3811 NE 26 AVE LIGHTHOUSE POINT  FL 33064
4.84213E+11,FL 4341 NE 6 TERRACE LLC,4341 NE 6 TER DEERFIELD BEACH  FL 33064
484331BM0110,FL 820 N OCEAN 11 LLC,820 N OCEAN BLVD #11 POMPANO BEACH  FL 33062
484331BM0130,FL 820 N OCEAN 13 LLC,820 N OCEAN BLVD #13 POMPANO BEACH  FL 33062
4.84235E+11,FL 821 N DIXIE LLC,821 N DIXIE HWY POMPANO BEACH  FL 33064
4.84235E+11,FL 837 N DIXIE LLC,837 N DIXIE HWY POMPANO BEACH  FL 33060
4.94201E+11,FL CUSTOM HOMES LLC,1141 SE 5 AVE POMPANO BEACH  FL 33060
4.94202E+11,FL HOLDINGS 22 LLC,191 W MCNAB RD #1-6 POMPANO BEACH  FL 33060
4.84331E+11,FL HOUSE A LLC,2374 NE 8 CT POMPANO BEACH  FL 33062
494026AB1230,FL INVESTMENTS 1936 LLC,2000 METROPICA WAY #1502 SUNRISE  FL 33323
494026AB2160,FL INVESTMENTS 1936 LLC,2000 METROPICA WAY #2307 SUNRISE  FL 33323
494102AH0130,FL KOOL PROPERTIES LLC,7420 SW 10 ST #201C NORTH LAUDERDALE  FL 33068
4.94228E+11,FL LAUDERDALE 2PLEX LLC,1490 NW 20 ST #1-2 FORT LAUDERDALE  FL 33311
4.94127E+11,FL LNGB HOMES LLC,2625 NW 68 AVE SUNRISE  FL 33313
4.94127E+11,FL LNGB HOMES LLC,2650 NW 68 TER SUNRISE  FL 33313
4.84107E+11,FL NAT'L PROP& NSID DDCTD PUBLIC,NW 53 ST CORAL SPRINGS  FL 33076
4.84233E+11,FL NOVA LLC,2626 NW 8 ST POMPANO BEACH  FL 33069
494111BC2450,FL ORPHAN CARE & RESEARCH REV TR,1830 SW 81 AVE #4210 NORTH LAUDERDALE  FL 33068
4.94221E+11,FL PORTFOLIO PROPERTIES LLC,1824 NW 36 CT OAKLAND PARK  FL 33309
4.94212E+11,FL RE D1 LLC,2050 NE 62 CT FORT LAUDERDALE  FL 33308
4.84136E+11,FL REV LIV TR,6810 NW 8 CT MARGATE  FL 33063
4.84121E+11,FL SAMPLE LLC,10374 W SAMPLE RD CORAL SPRINGS  FL 33065
484308AD0180,FL VILLA FF LLC,1225 HILLSBORO MILE #FF2 HILLSBORO BEACH  FL 33062
4.94229E+11,FL33311 LLC,2160 NW 24 ST FORT LAUDERDALE  FL 33311
4.94229E+11,FL707.COM LLC,2217 NW 19 ST FORT LAUDERDALE  FL 33311
4.94214E+11,FLA INVESTCO LLC,691 NE 46 CT OAKLAND PARK  FL 33334
494223AJ1030,FLA INVESTCO LLC,4081 N DIXIE HWY #8 OAKLAND PARK  FL 33334
4.84132E+11,FLA NAT'L PROPERTIES INC DDCTD,CORAL SPRINGS DR CORAL SPRINGS  FL 33071
484308BC0390,FLA PDM 1237-506 LTD,1237 HILLSBORO MILE #506 HILLSBORO BEACH  FL 33062
484308BC0750,FLA PDM 1239-309 LTD,1239 HILLSBORO MILE #309 HILLSBORO BEACH  FL 33062
484308BC0810,FLA PDM 1239-406 LTD,1239 HILLSBORO MILE #406 HILLSBORO BEACH  FL 33062
484230BB0320,FLA PROPERTY HOLDINGS LLC,2120 NW 45 AVE #432 COCONUT CREEK  FL 33066
4.94224E+11,FLAATENSARA J ,3628 NE 19 AVE OAKLAND PARK  FL 33308
484308BC1470,FLACCOROBERT & ROSEMARY,1236 HILLSBORO MILE #504 HILLSBORO BEACH  FL 33062
4.74233E+11,FLACKCHRISTINA R,383 NW 41 AVE DEERFIELD BEACH  FL 33442
494124DD0630,FLACKDWIGHT JR,4281 NW 41 ST #321 LAUDERDALE LAKES  FL 33319
494124DG0040,FLACKDWIGHT JR,4270 NW 40 ST #104 LAUDERDALE LAKES  FL 33319
4.84129E+11,FLACKMARGO E,855 NW 110 AVE CORAL SPRINGS  FL 33071
4.94213E+11,FLACKNORMA JEANNE,5540 NE 26 AVE FORT LAUDERDALE  FL 33308
4.94201E+11,FLACKPATRICK J II,261 SE 10 ST POMPANO BEACH  FL 33060
4.84331E+11,FLACKPATRICK JAMES & TAMARA SUE,1000 NE 26 AVE POMPANO BEACH  FL 33062
494128CJ0200,FLADELLBRIAN,2651 SUNRISE LAKES DR E #208 SUNRISE  FL 33322
494203BD0100,FLADELLIRA MARC H/E,2215 CYPRESS ISLAND DR #202 POMPANO BEACH  FL 33069
4.84133E+11,FLADERJIM M & ELIZABETH,384 NW 101 TER CORAL SPRINGS  FL 33071
494203AL0370,FLADERROBERT,2106 S CYPRESS BEND DR #407 POMPANO BEACH  FL 33069
4.84208E+11,FLAFILMOHAMMED S & HAMEST,4080 NW 58 ST COCONUT CREEK  FL 33073
4.74135E+11,FLAGELLOJOHN A & JANE R,7811 ROWAN TER PARKLAND  FL 33067
4.94024E+11,FLAGELLOVIRGINIA,11550 NW 33 ST SUNRISE  FL 33323
494102BJ0580,FLAGGJOHN H JR & ATHLYN A,8020 HAMPTON BLVD #514 NORTH LAUDERDALE  FL 33068
4.94234E+11,FLAGGJON R,1324 NE 16 TER #1-2 FORT LAUDERDALE  FL 33304
4.84212E+11,FLAGGTHOMAS W,1421 SW 5 AVE DEERFIELD BEACH  FL 33441
484331GJ0210,FLAGGEDAVID K,140 NE 28 AVE #304 POMPANO BEACH  FL 33062
484126BB0090,FLAGGEJANET C,7800 NW 18 ST #201 MARGATE  FL 33063
484331GJ0130,FLAGGEJOHN R & JANET,140 NE 28 AVE #205 POMPANO BEACH  FL 33062
494111BC0130,FLAGLER COLONNADE CONDOS LLC,1800 SW 81 AVE #1112 NORTH LAUDERDALE  FL 33068
4.94234E+11,FLAGLER GATEWAY OWNER LLC,745 N ANDREWS AVE FORT LAUDERDALE  FL 33311
4.94235E+11,FLAGLER NORTH LLC,1239 N FLAGLER DR FORT LAUDERDALE  FL 33304
4.94234E+11,FLAGLER PROPERTY OWNER LP,818 NE 4 AVE FORT LAUDERDALE  FL 33304
4.94234E+11,FLAGLER SIXTH LLC,699 N FEDERAL HWY FORT LAUDERDALE  FL 33304
4.94234E+11,FLAGLER SIXTH LLC,513 NE 6 ST FORT LAUDERDALE  FL 33304
4.94234E+11,FLAGLER SIXTH LLC,689 N FEDERAL HWY FORT LAUDERDALE  FL 33304
4.94234E+11,FLAGLER VILLAGE LAND TR,526 NE 8 ST FORT LAUDERDALE  FL 33304
4.94234E+11,FLAGLER VILLAGE LAND TR,727 NE 5 TER FORT LAUDERDALE  FL 33304
4.94234E+11,FLAGLER VILLAGE LAND TR,701 N FEDERAL HWY FORT LAUDERDALE  FL 33304
4.94234E+11,FLAGLER VILLAGE LAND TR,713 N FEDERAL HWY FORT LAUDERDALE  FL 33304
4.94234E+11,FLAGLER VILLAGE OWNER LLC,555 NE 8 ST FORT LAUDERDALE  FL 33304
4.84209E+11,FLAGLERAMY,1351 SW 48 TER DEERFIELD BEACH  FL 33442
494136AK0190,FLAGLERANDREW,1711 NW 46 AVE #119 LAUDERHILL  FL 33313
494124CJ0010,FLAGLERANDREW & PHADADREA M,3530 NW 52 AVE #401 LAUDERDALE LAKES  FL 33319
494126CC0410,FLAGLERANDREW LEONARD,5620 BLUEBERRY CT #170 LAUDERHILL  FL 33313
4.94105E+11,FLAGLERCAMILLE R,9503 NW 74 CT TAMARAC  FL 33321
4.8411E+11,FLAGLERMORGAN,5632 NW 88 TER CORAL SPRINGS  FL 33067
4.84212E+11,FLAGLERSYLATHA J,521 SW 11 ST DEERFIELD BEACH  FL 33441
4.84217E+11,FLAGLERSYLATHA J,4301 NW 39 AVE COCONUT CREEK  FL 33073
4.84217E+11,FLAGLERSYLATHA J,4301 NW 39 AVE COCONUT CREEK  FL 33073
4.94222E+11,FLAHERTYCHRISTOPHER,281 NE 42 CT OAKLAND PARK  FL 33334
494224CB0050,FLAHERTYDAWN,2857 NE 32 ST #5 FORT LAUDERDALE  FL 33306
4.94215E+11,FLAHERTYDONNA,4741 NE 3 TER OAKLAND PARK  FL 33334
4.94226E+11,FLAHERTYJ T & VIRGINIA,805 NE 29 DR WILTON MANORS  FL 33334
4.94128E+11,FLAHERTYKIMBERLY,2780 NW 83 TER SUNRISE  FL 33322
484308AB0490,FLAHERTYMARY ANN ,1160 HILLSBORO MILE #707 HILLSBORO BEACH  FL 33062
4.84307E+11,FLAHERTYPAMELA A,2930 NE 53 CT LIGHTHOUSE POINT  FL 33064
4.74133E+11,FLAHERTYRYAN EDWARD,10130 CAMEILLA ST PARKLAND  FL 33076
484203DA0190,FLAHIVEDONNA,91 LYNDHURST D DEERFIELD BEACH  FL 33442
4.84207E+11,FLAIGBRADFORD J,5467 NW 49 ST COCONUT CREEK  FL 33073
4.84209E+11,FLAIGNICOLE L,4711 SW 13 PL DEERFIELD BEACH  FL 33442
4.94136E+11,FLAIR FLORIDA LAND TR,4551 NW 12 ST LAUDERHILL  FL 33313
4.94224E+11,FLAKTERESA H/E,2731 NE 32 ST FORT LAUDERDALE  FL 33306
494125KA2080,FLAKESMAMIE HARVARD ,2078 NW 43 TER #8 LAUDERHILL  FL 33313
4.84234E+11,FLAKESWILLIAM EST,NW 16 AVE POMPANO BEACH  FL 33069
4.94232E+11,FLAKESWILLIAM EST,2610 NW 16 ST FORT LAUDERDALE  FL 33311
4.84201E+11,FLAKIRBYS PROPERTIES LLC,3635 SW NATURA AVE #B DEERFIELD BEACH  FL 33441
4.94212E+11,FLALLOWILLY,6610 NE 20 TER FORT LAUDERDALE  FL 33308
484202AH0270,FLAMRACHEL,2081 BERKSHIRE E DEERFIELD BEACH  FL 33442
494125CM0120,FLAMSTEVEN JAY ,2900 NW 46 AVE #112 LAUDERDALE LAKES  FL 33313
484202GC0040,FLAMZITA ,104 GRANTHAM A DEERFIELD BEACH  FL 33442
4.84223E+11,FLAMANDCAROL A,131 NW 32 ST POMPANO BEACH  FL 33064
4.84117E+11,FLAMANDOCTAVIO ROMO,3761 NW 114 AVE CORAL SPRINGS  FL 33065
4.84123E+11,FLAMBERTRODNEY & AICHATOU D ,7562 PINEWALK DR S #124 MARGATE  FL 33063
4.84107E+11,FLAMBOMELISSA L,5690 NW 120 TER CORAL SPRINGS  FL 33076
4.94226E+11,FLAMBOYANT PROPERTIES LLC,527 NE 24 ST WILTON MANORS  FL 33305
494136AM0300,FLAMENTELLIOT A,1380 NW 43 TER #310 LAUDERHILL  FL 33313
4.94202E+11,FLAMINGO 1777 LLC,610 SW 12 AVE POMPANO BEACH  FL 33069
4.94202E+11,FLAMINGO 1777 LLC,620 SW 12 AVE POMPANO BEACH  FL 33069
4.94115E+11,FLAMINGO FINANCIAL SERVICES LLC,6421 NW 52 CT LAUDERHILL  FL 33319
4.94231E+11,FLAMINGO PROPERTIES CORP OF FL,3698 NW 15 ST LAUDERHILL  FL 33311
4.94036E+11,FLAMINGO SUNRISE INVESTMENT LLC,12300 W SUNRISE BLVD PLANTATION  FL 33323
4.94036E+11,FLAMINGO SUNRISE INVESTMENT LLC,12398 W SUNRISE BLVD PLANTATION  FL 33323
4.94036E+11,FLAMINGO SUNRISE INVESTMENT LLC,12260 W SUNRISE BLVD PLANTATION  FL 33323
4940252B0014,FLAMINGO SUNRISE PARTNERS LTD,12201 W SUNRISE BLVD PLANTATION  FL 33323
484122DA0010,FLAMINGO TAX LIENS LLC,8401 ROYAL PALM BLVD #8401 CORAL SPRINGS  FL 33065
4.94214E+11,FLAMINGO WEST INC,1016 NE 44 CT OAKLAND PARK  FL 33334
4.94214E+11,FLAMINGO WEST INC,1021 NE 44 ST OAKLAND PARK  FL 33334
4.84132E+11,FLAMMRONALD S & GAIL M,627 NW 105 DR CORAL SPRINGS  FL 33071
4.84305E+11,FLAN LLC,2041 NE 2 ST DEERFIELD BEACH  FL 33441
4.94024E+11,FLANAGAN-GAMMELLJAIME,11820 NW 35 ST SUNRISE  FL 33323
4.84305E+11,FLANAGAN-SMITHDEBORAH,732 SE 13 AVE DEERFIELD BEACH  FL 33441
4.9413E+11,FLANAGANANTHONY & XIMENA REY,10161 NW 24 CT SUNRISE  FL 33322
494221AC6180,FLANAGANCAROLYN L,120 ROYAL PARK DR #2B OAKLAND PARK  FL 33309
4.84205E+11,FLANAGANDAVID H & DANA J,6151 NW 44 TER COCONUT CREEK  FL 33073
494105CA0370,FLANAGANDONNA J,9551 WELDON CIR #E307 TAMARAC  FL 33321
494203AG0510,FLANAGANDONNA LEE,2205 S CYPRESS BEND DR #203 POMPANO BEACH  FL 33069
4.94223E+11,FLANAGANEDWARD,1034 NE 36 ST OAKLAND PARK  FL 33334
484308AP0900,FLANAGANGEORGE J JR,1198 HILLSBORO MILE #234 HILLSBORO BEACH  FL 33062
484331BG0320,FLANAGANHOWARD EDWARD,400 N RIVERSIDE DR #310 POMPANO BEACH  FL 33062
494205CA0380,FLANAGANJOHN,565 OAKS LN #403 POMPANO BEACH  FL 33069
4.94201E+11,FLANAGANJORDAN,381 SE 6 CT POMPANO BEACH  FL 33060
494213AA0010,FLANAGANKAREN S,3090 NE 48 ST #1 FORT LAUDERDALE  FL 33308
494213AK2440,FLANAGANKARI L,5300 NE 24 TER #515C FORT LAUDERDALE  FL 33308
494226AB0270,FLANAGANKATHRYN,3010 NE 16 AVE #602 OAKLAND PARK  FL 33334
4.94132E+11,FLANAGANKIMBERLY,9305 W SUNRISE BLVD PLANTATION  FL 33322
4.94102E+11,FLANAGANLAURIE,7213 SW 4 ST NORTH LAUDERDALE  FL 33068
484330BD0740,FLANAGANMARC M,2850 NE 14 ST #302B POMPANO BEACH  FL 33062
4.94212E+11,FLANAGANMAUREEN K,1950 NE 59 PL FORT LAUDERDALE  FL 33308
494220AH0210,FLANAGANMICHAEL JOSEPH &,2840 S OAKLAND FOREST DR #2901 OAKLAND PARK  FL 33309
494130A90240,FLANAGANMYRTLE L,2503 N NOB HILL RD #304 SUNRISE  FL 33322
4.94201E+11,FLANAGANREGINALD J,351 SE 16 AVE POMPANO BEACH  FL 33060
4.84128E+11,FLANAGANREGINALD J H/E,1609 NW 102 WAY CORAL SPRINGS  FL 33071
4.84109E+11,FLANAGANSCOTT,10010 NW 56 ST CORAL SPRINGS  FL 33076
484126DA0240,FLANAGANSEAN,7608 NW 18 ST #308 MARGATE  FL 33063
484308AH0870,FLANAGANSTEPHEN DAVID,1149 HILLSBORO MILE #811 HILLSBORO BEACH  FL 33062
484220DD0520,FLANAGANTYLER SCOTT,2820 CARAMBOLA CIR S #1992 COCONUT CREEK  FL 33066
4.8411E+11,FLANAGANWILLIAM J & BARBARA L,5024 NW 85 RD CORAL SPRINGS  FL 33067
4.74133E+11,FLANARYRONALD JOSEPH,8177 EMERALD AVE PARKLAND  FL 33076
4.84127E+11,FLANDJOHNNY H/E,9183 SHADOW WOOD BLVD CORAL SPRINGS  FL 33071
494134AA0190,FLANDERSAUDREY ,7269 W SUNRISE BLVD #7269L PLANTATION  FL 33313
4.94227E+11,FLANDERSDANNY CORBIN,516 NW 28 ST WILTON MANORS  FL 33311
4.84232E+11,FLANDERSDARRELL,4340 NW 2 CT COCONUT CREEK  FL 33066
4.94105E+11,FLANDERSFARIA,8029 NW 78 ST TAMARAC  FL 33321
4.94232E+11,FLANDERSGRADY H/E,1800 NW 27 AVE FORT LAUDERDALE  FL 33311
494112BJ2120,FLANDERSKELLY A,5760 ROCK ISLAND RD #312 TAMARAC  FL 33319
4.94221E+11,FLANDERSMICHAEL,2000 NW 35 ST OAKLAND PARK  FL 33309
4.84102E+11,FLANDERSMICHAEL H/E,7152 NW 71 TER PARKLAND  FL 33067
4.94105E+11,FLANDERSTED,9602 NW 73 ST TAMARAC  FL 33321
484229DJ0180,FLANDEZHECTOR,2201 LUCAYA BND #D2 COCONUT CREEK  FL 33066
484211AB1520,FLANDINAJOHN A,2043 SW 15 ST #200 DEERFIELD BEACH  FL 33442
4.94225E+11,FLANIGANB S & KATHLEEN M,2712 NE 21 AVE FORT LAUDERDALE  FL 33306
4.94223E+11,FLANIGANBARRY JR,1668 NE 40 ST OAKLAND PARK  FL 33334
4.94211E+11,FLANIGANERIKA,1620 SW 5 AVE POMPANO BEACH  FL 33060
484229AB0050,FLANIGANJULIA FRANCES,2612 NASSAU BND #E1 COCONUT CREEK  FL 33066
4.94025E+11,FLANIGANLOUIS L & JAYNE T,12105 NW 23 CT PLANTATION  FL 33323
4.94027E+11,FLANIGAN'S ENTERPRISES INC,14301 W SUNRISE BLVD SUNRISE  FL 33323
4.94211E+11,FLANIGAN'S ENTERPRISES INC,1420 NE 50 CT FORT LAUDERDALE  FL 33334
4.94214E+11,FLANIGAN'S ENTERPRISES INC,1290 E COMMERCIAL BLVD OAKLAND PARK  FL 33334
4.94214E+11,FLANIGAN'S ENTERPRISES INC,4990 NE 12 AVE OAKLAND PARK  FL 33334
4.94218E+11,FLANIGAN'S ENTERPRISES INC,5450 N STATE ROAD 7 NORTH LAUDERDALE  FL 33309
4.94211E+11,FLANIGANS ENTERPRISES INC,5059 NE 18 AVE FORT LAUDERDALE  FL 33334
4.94211E+11,FLANIGANS ENTERPRISES INC,NE 51 ST FORT LAUDERDALE  FL 33334
4.94211E+11,FLANIGANS ENTERPRISES INC,1479 NE 50 ST FORT LAUDERDALE  FL 33334
4.94211E+11,FLANIGANS ENTERPRISES INC,1479 E COMMERCIAL BLVD FORT LAUDERDALE  FL 33334
4.94215E+11,FLANNAGANROBERT LEWIS,240 NW 52 ST OAKLAND PARK  FL 33309
484318AG0580,FLANNERY FAM TR,1951 NE 39 ST #152 LIGHTHOUSE POINT  FL 33064
4.94226E+11,FLANNERYAUSTIN CHARLES,2317 NE 19 AVE WILTON MANORS  FL 33305
484308NN0230,FLANNERYMICHAEL,1221 HILLSBORO MILE #17B HILLSBORO BEACH  FL 33062
484219DC0060,FLANNIGANBONNIE J,4792 NW 22 ST #4106 COCONUT CREEK  FL 33063
4.94102E+11,FLANNIGANCHARLES A & BEVERLY D,1160 SW 73 AVE NORTH LAUDERDALE  FL 33068
484317NY0180,FLANSBURGLINDA LEE,1039 HILLSBORO MILE #19 HILLSBORO BEACH  FL 33062
4.84236E+11,FLANSCHADANIELLE O & NICHOLAS L,820 NE 10 AVE POMPANO BEACH  FL 33060
494106DC0080,FLANZBARBARA EST,10761 W CLAIRMONT CIR #108 TAMARAC  FL 33321
4.74135E+11,FLANZERLYNN & STUART,7917 JUNIPER DR PARKLAND  FL 33067
4.94115E+11,FLAPANJULIA,4460 NW 72 AVE LAUDERHILL  FL 33319
484308BC0930,FLAPDM 1239 509 LTD,1239 HILLSBORO MILE #509 HILLSBORO BEACH  FL 33062
4.84319E+11,FLAPROP LLC,2401 NE 26 AVE LIGHTHOUSE POINT  FL 33064
494130CB0270,FLAQUER-SANCHEZCLEOTILDE,10220 NW 30 CT #303 SUNRISE  FL 33322
4.94103E+11,FLAQUERJESSICA M MANON,7110 CARISSA CT TAMARAC  FL 33321
494205CD0120,FLARIDABEATRICE BIANCHI,3970 OAKS CLUBHOUSE DR #202 POMPANO BEACH  FL 33069
4.94013E+11,FLARIDAJACK,11391 NW 36 PL SUNRISE  FL 33323
484305AH0890,FLASCHARHENNY,800 SE 20 AVE #805 DEERFIELD BEACH  FL 33441
4.84214E+11,FLASER RE LLC,862 CRYSTAL LAKE DR DEERFIELD BEACH  FL 33064
484219BM0090,FLASER RE LLC,3753 COCOPLUM CIR #3565 COCONUT CREEK  FL 33063
4.94105E+11,FLASER RE LLC,8137 NW 71 CT TAMARAC  FL 33321
4.94234E+11,FLASHAVA MARIE,1312 NW 6 AVE FORT LAUDERDALE  FL 33311
4.94135E+11,FLASHBARBARA ANN,6221 NW 14 PL SUNRISE  FL 33313
484125BA0250,FLASHGARY,6850 ROYAL PALM BLVD #301G MARGATE  FL 33063
4.94136E+11,FLASHKEITH ANTHONY &,1721 NW 51 AVE LAUDERHILL  FL 33313
494121AD0670,FLASHMICHAEL,3164 N PINE ISLAND RD #904 SUNRISE  FL 33351
494118AF0210,FLASHERKRISTOPHER,10042 NW 46 ST #10042 SUNRISE  FL 33351
494118AF0220,FLASHERKRISTOPHER,10044 NW 46 ST #10044 SUNRISE  FL 33351
494118AF0230,FLASHERKRISTOPHER,10046 NW 46 ST #10046 SUNRISE  FL 33351
494106BA0070,FLASHNERBARRY & GAIL ,9975 N BELFORT CIR #107 TAMARAC  FL 33321
484129BD0560,FLASHYRENEE WEBSTER,11297 LAKEVIEW DR #44-L CORAL SPRINGS  FL 33071
494224AD0020,FLASKLORI ANN,2829 NE 33 CT #102 FORT LAUDERDALE  FL 33306
4.93936E+11,FLASOR LLC,830 SORRENTO DR WESTON  FL 33326
494129KA0020,FLASTEJANICE ,9441 SUNRISE LAKES BLVD #102 SUNRISE  FL 33322
4.94206E+11,FLASTERJOANNA C,675 SW 50 TER MARGATE  FL 33068
484135DK0090,FLASTERMELVIN S ,7877 GOLF CIRCLE DR #109 MARGATE  FL 33063
484214AD3360,FLASTERSTEIN-BAS FAM LIV TR,4394 NW 9 AVE #21-1A DEERFIELD BEACH  FL 33064
484214AD0950,FLASTERSTEIN-BASS FAM LIV TR,4324 NW 9 AVE #6-3C DEERFIELD BEACH  FL 33064
484308CA0060,FLATHENANCY,1155 HILLSBORO MILE #109 HILLSBORO BEACH  FL 33062
484203K70150,FLATLEYMICHAEL,99 VENTNOR E DEERFIELD BEACH  FL 33442
484132AC0100,FLATS 4RENT LLC,11295 W ATLANTIC BLVD #202 CORAL SPRINGS  FL 33071
484132AC0460,FLATS 4RENT LLC,11277 W ATLANTIC BLVD #306 CORAL SPRINGS  FL 33071
484132AC1740,FLATS 4RENT LLC,11229 W ATLANTIC BLVD #106 CORAL SPRINGS  FL 33071
4.84307E+11,FLATTERVICKI,2630 NE 51 ST LIGHTHOUSE POINT  FL 33064
484318AC0140,FLATTERVICKI,2131 NE 42 CT #202E LIGHTHOUSE POINT  FL 33064
4.94235E+11,FLATTERYJOHN M,2024 NE 21 AVE FORT LAUDERDALE  FL 33305
494106KQ0370,FLAUMJOYCE,7647 SOUTHAMPTON TER #301 TAMARAC  FL 33321
4.74135E+11,FLAUMMARTIN C & CAROL R,7823 ROWAN TER PARKLAND  FL 33067
4.84106E+11,FLAVELLSTEVEN & TAMARA,12472 NW 62 CT CORAL SPRINGS  FL 33076
4.94108E+11,FLAVELLTORI,5951 ROYAL WAY TAMARAC  FL 33321
484231AF1050,FLAVIA & JULIA LLC,601 LYONS RD #7201 COCONUT CREEK  FL 33063
494129BM0360,FLAVIENDONALD,8950 SUNRISE LAKES BLVD #312 SUNRISE  FL 33322
4.84126E+11,FLAVIENFRANCK,1527 NW 80 AVE #D MARGATE  FL 33063
4.94221E+11,FLAVINEDWARD J,1961 NW 33 CT OAKLAND PARK  FL 33309
484331BJ0310,FLAVINPATRICIA ANNE,521 N RIVERSIDE DR #601 POMPANO BEACH  FL 33062
494213AB0430,FLAVIO & M LA ROCA REV FAM TR,5203 NE 24 TER #B-101 FORT LAUDERDALE  FL 33308
494213AB0440,FLAVIO & MARIA LAROCCA REV TR,5203 NE 24 TER #B-102 FORT LAUDERDALE  FL 33308
484113AA1260,FLAVIO JOSE MARCELINO,6486 W SAMPLE RD #6486 CORAL SPRINGS  FL 33067
484219AE0160,FLAVIO JOSE MARCELINO REMIGIO ME,3481 MERRICK LN #301 MARGATE  FL 33063
4.94209E+11,FLAVIU PROPERTIES LLC,6721 NW 16 TER FORT LAUDERDALE  FL 33309
4.94127E+11,FLAVIUSANITA,7125 NW 22 ST SUNRISE  FL 33313
494125DJ0560,FLAVIUSMEGAN,4751 NW 21 ST #400 LAUDERHILL  FL 33313
494123BM0660,FLAX-PINTOJAMIE PAULA,5900 NW 44 ST #510 LAUDERHILL  FL 33319
4.94133E+11,FLAXDONNA RAE & GERWYN BREGADO,8200 NW 13 ST PLANTATION  FL 33322
494106KE0250,FLAXLAWRENCE H & EVA,7920 EXETER CIR W #201 TAMARAC  FL 33321
494204GD0740,FLAXLUDMILA V H/E,3080 N COURSE DR #804 POMPANO BEACH  FL 33069
4.8412E+11,FLAXPETER & SUSAN B,2551 NW 105 TER CORAL SPRINGS  FL 33065
484133AD0140,FLAXMANCAROL,9551 SW 1 CT CORAL SPRINGS  FL 33071
4.84127E+11,FLAYDERMANJUDY,8253 NW 6 ST CORAL SPRINGS  FL 33071
4.74133E+11,FLAYMANROBERT,10150 SWEET BAY CT PARKLAND  FL 33076
4.84305E+11,FLBAE LLC,10 NE 20 AVE DEERFIELD BEACH  FL 33441
484228AB0340,FLC MANAGEMENT LLC,1791 BLOUNT RD #803 POMPANO BEACH  FL 33069
4.84235E+11,FLCASA LLC,820 NW 6 AVE POMPANO BEACH  FL 33060
494223AD0710,FLCASA LLC,4051 NE 13 AVE #71-3 OAKLAND PARK  FL 33334
4.94218E+11,FLCC NORTH LLC,5440 NW 33 AVE FORT LAUDERDALE  FL 33309
4.94235E+11,FLCTRUST LLC,1512 N DIXIE HWY #1-2 FORT LAUDERDALE  FL 33304
4.9411E+11,FLEARY-BANNISJACQUELINE,2322 SW 82 TER NORTH LAUDERDALE  FL 33068
494205CD0070,FLEARYALAN H/E,3970 OAKS CLUBHOUSE DR #107 POMPANO BEACH  FL 33069
4.94101E+11,FLEARYANITA C,1305 INTERLACHEN NORTH LAUDERDALE  FL 33068
494205GH0020,FLEARYASHTON H/E,4000 CYPRESS GROVE WAY #102 POMPANO BEACH  FL 33069
4.84126E+11,FLEARYHAMILTON,7329 GRANADA WAY MARGATE  FL 33063
494203AD1020,FLECHACARLOS,2206 S CYPRESS BEND DR #206 POMPANO BEACH  FL 33069
494106JB0230,FLECHASHECTOR & MAGDA,7545 TRENT DR #207 TAMARAC  FL 33321
4.94113E+11,FLECHASWILTON RODRIGO,4949 NW 55 CT TAMARAC  FL 33319
494106CH0040,FLECHNERMARIANA,10445 E CLAIRMONT CIR #104 TAMARAC  FL 33321
484308BJ0040,FLECKCHRISTOPHER M & LAUREEN M,1173 HILLSBORO MILE #1-2 HILLSBORO BEACH  FL 33062
4.84126E+11,FLECKFRANZ,2101 NW 76 AVE MARGATE  FL 33063
4.74132E+11,FLECKKERRY ANN,7525 NW 109 WAY PARKLAND  FL 33076
4.84236E+11,FLECKMARY,1261 NE 3 ST POMPANO BEACH  FL 33060
484330AB1560,FLECKENSTEINANNA L & ROSS,1012 N OCEAN BLVD #1505 POMPANO BEACH  FL 33062
4.94224E+11,FLECKENSTEINKATHRYN,2605 NE 40 CT FORT LAUDERDALE  FL 33308
494023AG0090,FLECKNERBONNIE S ,3055 NW 126 AVE #209 SUNRISE  FL 33323
4.94215E+11,FLEDERBACHERICA,365 NW 47 ST OAKLAND PARK  FL 33309
494205HD0870,FLEECSILHAM,3499 OAKS WAY #907 POMPANO BEACH  FL 33069
4.84109E+11,FLEECSJEFFREY R & SUSAN D,5005 NW 95 DR CORAL SPRINGS  FL 33076
4.74129E+11,FLEEKOPJASON & RACHEL N,10992 PINNACLE WAY PARKLAND  FL 33076
494230BB1990,FLEEMANCLAUDE ALLEN JR,2850 SOMERSET DR #400L LAUDERDALE LAKES  FL 33311
4.94226E+11,FLEENORRONALD JAMES,2300 NE 15 AVE WILTON MANORS  FL 33305
4.94211E+11,FLEETWOOD MIAMI GROUP LLC,1431 NE 56 CT FORT LAUDERDALE  FL 33334
494123DK0430,FLEETWOODYVONNE,4160 INVERRARY DR #409 LAUDERHILL  FL 33319
484331BA0840,FLEGALMICHELLE A,750 N OCEAN BLVD #1010 POMPANO BEACH  FL 33062
4.94115E+11,FLEGEANCEVINCENT A H/E,4900 NW 72 TER LAUDERHILL  FL 33319
4.84307E+11,FLEGELKEENAN,2641 NE 51 CT LIGHTHOUSE POINT  FL 33064
484317AD0030,FLEGELKIRSTEN & TODD,1021 HILLSBORO MILE #G6 HILLSBORO BEACH  FL 33062
4.84318E+11,FLEGELKIRSTEN & TODD,2840 NE 47 ST LIGHTHOUSE POINT  FL 33064
4.84308E+11,FLEGELNOAH,1109 SE 14 AVE DEERFIELD BEACH  FL 33441
484229GG0220,FLEINEKMICHAEL,3203 PORTOFINO PT #H2 COCONUT CREEK  FL 33066
494212AF5470,FLEINGVIVIANA,6600 NE 22 WAY #2327 FORT LAUDERDALE  FL 33308
494133BG0110,FLEISCHJEFFERY,8554 NW 10 ST #C80 PLANTATION  FL 33322
4.94127E+11,FLEISCHSTEVEN M,7651 S ARAGON BLVD #2 SUNRISE  FL 33322
484228AK0290,FLEISCHERALLAN,1705 ANDROS ISLE #A3 COCONUT CREEK  FL 33066
4.94225E+11,FLEISCHERAMIR & BONNIE,2896 NE 25 CT FORT LAUDERDALE  FL 33305
494133BC0230,FLEISCHERBONNIE ANNE,8640 NW 10 CT #A125 PLANTATION  FL 33322
494201AD0230,FLEISCHERBONNIE C,101 E MCNAB RD #124 POMPANO BEACH  FL 33060
4.84124E+11,FLEISCHERDAVID,3051 LILLIAN LN MARGATE  FL 33063
484202MM0670,FLEISCHERFRANCINE,4047 CAMBRIDGE C DEERFIELD BEACH  FL 33442
484203C90270,FLEISCHERHELEN,2093 OAKRIDGE U DEERFIELD BEACH  FL 33442
4.84224E+11,FLEISCHERJOHN A H/E,1436 NE 30 CT POMPANO BEACH  FL 33064
494123CG0080,FLEISCHERJUDI L,3551 INVERRARY DR #108 LAUDERHILL  FL 33319
484202AC0800,FLEISCHERJUDITH,4040 BERKSHIRE B DEERFIELD BEACH  FL 33442
4.94106E+11,FLEISCHERKENNETH H,8117 NW 100 TER TAMARAC  FL 33321
484211AF0280,FLEISCHERMORDECHAI,820 CYPRESS PARK WAY #L2 DEERFIELD BEACH  FL 33064
494204GD0770,FLEISCHERPAUL S,3080 N COURSE DR #807 POMPANO BEACH  FL 33069
494212AF4170,FLEISCHERROBIN L,2261 NE 67 ST #1809 FORT LAUDERDALE  FL 33308
4.84208E+11,FLEISCHERSCOTT & RACHEL,3730 COCO LAKE DR COCONUT CREEK  FL 33073
484229DG0440,FLEISCHMAND REBECCA ,2305 LUCAYA LN #H4 COCONUT CREEK  FL 33066
484229DK0030,FLEISCHMANDAVID ,2102 LUCAYA BND #C1 COCONUT CREEK  FL 33066
4.74129E+11,FLEISCHMANDIRK L,10663 N LAGO VISTA CIR PARKLAND  FL 33076
4.7413E+11,FLEISCHMANGRACE,12170 LAKE HOUSE LN PARKLAND  FL 33076
484202HJ0030,FLEISCHMANIRVING,163 UPMINSTER H DEERFIELD BEACH  FL 33442
4.8412E+11,FLEISCHMANJAMES H,11190 NW 26 DR CORAL SPRINGS  FL 33065
494104AD0520,FLEISCHMANJANIS LEWE,7908 HIBISCUS CT #52 TAMARAC  FL 33321
4.84223E+11,FLEISCHMANLOIS V ,2540 NW 1 AVE POMPANO BEACH  FL 33064
4.84102E+11,FLEISCHMANRENATE,6633 STRATFORD DR PARKLAND  FL 33067
494212AK3150,FLEISCHMANROBERT S,6363 BAY CLUB DR #3 FORT LAUDERDALE  FL 33308
494129A90230,FLEISCHMANROSS EST,9881 SUNRISE LAKES BLVD #211 SUNRISE  FL 33322
4.94105E+11,FLEISCHMANSTUART &,9620 NW 75 ST TAMARAC  FL 33321
4.84102E+11,FLEISCHMANNMOSHE,7087 NW 71 MNR PARKLAND  FL 33067
4.84103E+11,FLEISCHMANNMOSHE H/E,6680 NW 81 TER PARKLAND  FL 33067
4.84331E+11,FLEISCHMANNSUZETTE,705 NE 24 AVE POMPANO BEACH  FL 33062
4.74133E+11,FLEISCHMANNTOMAS,6885 LONG LEAF DR PARKLAND  FL 33076
494124BC0050,FLEISCHNERCAROLYN ANNE,5161 W OAKLAND PARK BLVD #105 LAUDERDALE LAKES  FL 33313
4.84119E+11,FLEISCHNERDEREK & MARIA,12173 NW 24 ST CORAL SPRINGS  FL 33065
4.94127E+11,FLEISHERHERBERT,3014 NW 73 AVE SUNRISE  FL 33313
4.84102E+11,FLEISHERJORDAN & EUGENIA,5960 NW 75 WAY PARKLAND  FL 33067
4.94131E+11,FLEISHMANALAN M ,10641 NW 18 CT PLANTATION  FL 33322
484330AB0200,FLEISHMANDAVID,1012 N OCEAN BLVD #301 POMPANO BEACH  FL 33062
4.94106E+11,FLEISHMANJARA R,11040 CORAL LN TAMARAC  FL 33321
484330AJ0860,FLEISHMANKAREN,1505 N RIVERSIDE DR #1406 POMPANO BEACH  FL 33062
4.94217E+11,FLEISHMANKAYLIE M,5212 NW 27 AVE TAMARAC  FL 33309
494203AD2940,FLEISHMANLEAH,2200 S CYPRESS BEND DR #806 POMPANO BEACH  FL 33069
4.94222E+11,FLEISHMANNOLAN C & JOANNE,420 NW 32 CT OAKLAND PARK  FL 33309
494205JB0310,FLEISIGANDREW,4112 W PALM AIRE DR #126A POMPANO BEACH  FL 33069
4.94207E+11,FLEITAS GONZALEZALAIN,3126 NW 68 ST FORT LAUDERDALE  FL 33309
4.94105E+11,FLEITASCAROLINA A BELTRAN H/E,8217 NW 100 WAY TAMARAC  FL 33321
484207AA0570,FLEITASDANARYS C PACHECO,5530 NW 61 ST #317 COCONUT CREEK  FL 33073
494123BH1570,FLEITASELBA LORENA,6100 S FALLS CIRCLE DR #411 LAUDERHILL  FL 33319
4.94215E+11,FLEITASELBA LORENA,310 NE 51 ST OAKLAND PARK  FL 33334
4.94234E+11,FLEITASMARVEL VAZQUEZ,1608 NW 9 AVE FORT LAUDERDALE  FL 33311
4.84135E+11,FLEITES MORALESRONALD ABRAHAM,209 NW 80 AVE MARGATE  FL 33063
4.84212E+11,FLEITES REYESNATHALIE,1420 SW 1 TER DEERFIELD BEACH  FL 33441
4.94102E+11,FLEITESERNESTO,8241 SW 3 ST NORTH LAUDERDALE  FL 33068
4.84136E+11,FLEITESJUSTO,6343 SW 2 ST MARGATE  FL 33068
4.94116E+11,FLEITESMARIA D,8250 NW 45 CT LAUDERHILL  FL 33351
4.84236E+11,FLEITESRAYMOND,721 NE 7 ST POMPANO BEACH  FL 33060
484203G50570,FLEMING FAM TR,3017 NEWPORT G DEERFIELD BEACH  FL 33442
484229KD0200,FLEMING-MATOSMELANIE & BERNARD,1803 ELEUTHERA PT #K2 COCONUT CREEK  FL 33066
4.84106E+11,FLEMINGADAM M & LINDSAY S,6881 NW 117 AVE PARKLAND  FL 33076
4.94109E+11,FLEMINGALTHEA,5910 NW 81 AVE TAMARAC  FL 33321
4.84213E+11,FLEMINGANITRA JOI,923 SW 15 ST DEERFIELD BEACH  FL 33441
484329AH0430,FLEMINGBARBARA,2508 BAY DR #204 POMPANO BEACH  FL 33062
494126AB2890,FLEMINGBENJAMIN,2208 NW 59 TER #68-A LAUDERHILL  FL 33313
4.94136E+11,FLEMINGBETTY A ,4901 NW 18 ST LAUDERHILL  FL 33313
4.94223E+11,FLEMINGCARL,4030 NE 18 AVE OAKLAND PARK  FL 33334
484329AK0050,FLEMINGCAROL ELLEN H/E,2611 N RIVERSIDE DR #207 POMPANO BEACH  FL 33062
4.84219E+11,FLEMINGCATHERINE T ,2181 NW 40 AVE COCONUT CREEK  FL 33066
4.84212E+11,FLEMINGCHANEY M,1331 SW 6 AVE DEERFIELD BEACH  FL 33441
4.84202E+11,FLEMINGCHRISTOPHER JOHN,2039 DEER CREEK WOODLANDS WAY DEERFIELD BEACH  FL 33442
4.84235E+11,FLEMINGCLARENCE,201 NW 9 ST POMPANO BEACH  FL 33060
4.84223E+11,FLEMINGCORETTA,3200 NW 5 TER #19 POMPANO BEACH  FL 33064
4.94217E+11,FLEMINGDADSI DAVID,2818 NW 48 ST TAMARAC  FL 33309
4.74233E+11,FLEMINGDEAN H/E,343 NW 36 AVE DEERFIELD BEACH  FL 33442
4.84212E+11,FLEMINGEDDIE J JR & JOYCE,5050 NE 6 AVE DEERFIELD BEACH  FL 33064
494229AA0030,FLEMINGEVA MAE,2171 NW 22 ST #C FORT LAUDERDALE  FL 33311
484223BD0160,FLEMINGHAROLD G & CHRISTINE E,301 S GOLF BLVD #274 POMPANO BEACH  FL 33064
4.94103E+11,FLEMINGJAY M JR & TRACY L,8202 NW 72 AVE TAMARAC  FL 33321
484330CC0210,FLEMINGJEFFREY,1341 NE 28 AVE #123 POMPANO BEACH  FL 33062
484203C20290,FLEMINGJOAN E,2072 OAKRIDGE F DEERFIELD BEACH  FL 33442
4.84114E+11,FLEMINGJOHN & RENEE,3603 HIGH PINE DR CORAL SPRINGS  FL 33065
4.84319E+11,FLEMINGJONATHON,2460 NE 21 TER LIGHTHOUSE POINT  FL 33064
494123CG0250,FLEMINGJORGE,3551 INVERRARY DR #301 LAUDERHILL  FL 33319
4.93936E+11,FLEMINGJOSEPH & JENNIFER,1374 PRESIDIO DR WESTON  FL 33327
4.84107E+11,FLEMINGJOSEPH H/E,5290 NW 117 AVE CORAL SPRINGS  FL 33076
4.84107E+11,FLEMINGKEVIN P,12240 NW 48 DR CORAL SPRINGS  FL 33076
4.84319E+11,FLEMINGKYLE WILLIAM,2000 NE 28 ST LIGHTHOUSE POINT  FL 33064
494234AK0090,FLEMINGLAND D,680 TENNIS CLUB DR #109 FORT LAUDERDALE  FL 33311
4.94026E+11,FLEMINGLINCOLN J,11301 NW 27 ST PLANTATION  FL 33323
4.94115E+11,FLEMINGLORIANN & MARLON,5305 NW 66 AVE LAUDERHILL  FL 33319
4.74236E+11,FLEMINGMARTHA,373 NW 3 CT DEERFIELD BEACH  FL 33441
4.94225E+11,FLEMINGMICHAEL DARIN,2806 NE 30 ST #2 FORT LAUDERDALE  FL 33306
484203B60660,FLEMINGMICHELINE,4006 OAKRIDGE A DEERFIELD BEACH  FL 33442
4.94105E+11,FLEMINGONGAIS MONTEL,8274 NW 79 AVE TAMARAC  FL 33321
4.84127E+11,FLEMINGOSHWATAH,9052 NW 13 CT CORAL SPRINGS  FL 33071
494204DC1010,FLEMINGPATRICIA A,3010 N COURSE DR #906 POMPANO BEACH  FL 33069
4.94222E+11,FLEMINGPEARLENE EST,3340 NE 5 AVE OAKLAND PARK  FL 33334
4.94027E+11,FLEMINGRHONDA A,13856 NW 22 ST SUNRISE  FL 33323
494129A70230,FLEMINGRICHARD R,9741 SUNRISE LAKES BLVD #303 SUNRISE  FL 33322
494204BD0350,FLEMINGRITA P ,2651 S COURSE DR #405 POMPANO BEACH  FL 33069
4.84223E+11,FLEMINGRONNIE C H/E,2593 NW 2 DR POMPANO BEACH  FL 33064
4.8421E+11,FLEMINGROSEMARY A H/E,2782 SW 15 ST DEERFIELD BEACH  FL 33442
4.8432E+11,FLEMINGSCOTT A & LESLIE E,2814 NE 30 ST LIGHTHOUSE POINT  FL 33064
4.94136E+11,FLEMINGSHEBBY J,4841 NW 11 PL LAUDERHILL  FL 33313
484219BA0080,FLEMINGSHERLYNE ,5492 COURTYARD DR MARGATE  FL 33063
4.94114E+11,FLEMINGSHERLYNE M & WILLIAM A,4602 NORFOLK ISLAND PINE DR TAMARAC  FL 33319
4.84226E+11,FLEMINGSHIRLEY E,1721 NW 2 AVE POMPANO BEACH  FL 33060
4.84211E+11,FLEMINGTERRENCE D,2022 SW 17 PL DEERFIELD BEACH  FL 33442
4.84126E+11,FLEMINGTHEANDRA GRACE H/E,8081 NW 11 ST #G MARGATE  FL 33063
484202DH0260,FLEMINGTHOMAS,252 GRANTHAM C DEERFIELD BEACH  FL 33442
494129AH0280,FLEMINGTHOMAS D,2881 N PINE ISLAND RD #304 SUNRISE  FL 33322
4.94103E+11,FLEMINGTRACEY,8161 SW 7 CT NORTH LAUDERDALE  FL 33068
494222AC0760,FLEMINGWILLIAM M,659 W OAKLAND PARK BLVD #101C OAKLAND PARK  FL 33311
4.84109E+11,FLEMKEHELEN LINDY,10106 NW 49 ST CORAL SPRINGS  FL 33065
494136DA0250,FLEMMIJEANETTE,4047 NW 16 ST #303 LAUDERHILL  FL 33313
484202DJ0870,FLEMMINGDAWN,4015 HARWOOD C DEERFIELD BEACH  FL 33442
484219AE0360,FLEMMINGELLENA JANE,3373 MERRICK LN #705 MARGATE  FL 33063
4.84307E+11,FLEMMINGJEFFREY MICHAEL,2610 NE 52 ST LIGHTHOUSE POINT  FL 33064
4.94117E+11,FLEMMINGLINCOLN,9338 NW 49 PL SUNRISE  FL 33351
4.84201E+11,FLEMMINGSHEILA &,591 S DIXIE HWY DEERFIELD BEACH  FL 33441
4.94121E+11,FLEMMINGSAUDI H/E,3911 NW 90 WAY SUNRISE  FL 33351
4.94113E+11,FLEMMINGSGENICE,4711 NW 49 DR TAMARAC  FL 33319
4.84201E+11,FLEMMINGSJOYCE,307 SW 1 TER DEERFIELD BEACH  FL 33441
494128HA0060,FLEMMINGSMONICA HYACINTH H/E,8460 SUNRISE LAKES BLVD #106 SUNRISE  FL 33322
4.94136E+11,FLEMMINGSWESLEY &,5010 NW 17 CT LAUDERHILL  FL 33313
4.84123E+11,FLEMONSFELIX S H& IRAZEMA,6910 NW 29 CT MARGATE  FL 33063
4.94234E+11,FLENERROBERT CRAIG,1620 NW 7 TER FORT LAUDERDALE  FL 33311
4.94219E+11,FLERELUSGERBY,3541 NW 39 AVE LAUDERDALE LAKES  FL 33319
484115AK2690,FLERESCATHERINE,4125 NW 88 AVE #206 CORAL SPRINGS  FL 33065
4.94103E+11,FLEREUSLOUIS,7910 NW 74 TER TAMARAC  FL 33321
4.94135E+11,FLERIDORALAIN H/E,1630 NW 55 AVE LAUDERHILL  FL 33313
4.94121E+11,FLERISMEMAGDALA,4011 NW 92 AVE SUNRISE  FL 33351
4.94102E+11,FLERISMONDCARINE P & MAX H,413 SW 71 AVE NORTH LAUDERDALE  FL 33068
494226AB0350,FLESCHEEDGAR H,3010 NE 16 AVE #705 OAKLAND PARK  FL 33334
4.84103E+11,FLESCHERLEONARD M &,9232 NW 63 CT PARKLAND  FL 33067
484202A41120,FLESHELRORI MICHELE,3024 SWANSEA B DEERFIELD BEACH  FL 33442
484203BM0470,FLESHNERSYLVIA LIBERMAN &,3029 ELLESMERE B DEERFIELD BEACH  FL 33442
494212AK5110,FLESSORMICHELLE H/E,6465 BAY CLUB DR #3 FORT LAUDERDALE  FL 33308
4.94119E+11,FLESZAR-BURDOLENAY,11117 NW 37 ST SUNRISE  FL 33351
494122BJ0260,FLETCHER-GAYLELAURELL,6583 RACQUET CLUB DR #134 LAUDERHILL  FL 33319
494129A40140,FLETCHERAINSWORTH,9641 SUNRISE LAKES BLVD #202 SUNRISE  FL 33322
4.94106E+11,FLETCHERALBERT M,7036 NW 107 AVE TAMARAC  FL 33321
494106GC0010,FLETCHERALTON,10901 W CLAIRMONT CIR #101 TAMARAC  FL 33321
4.94113E+11,FLETCHERANDREA JOAN H/E,4903 NW 53 ST TAMARAC  FL 33319
494227AH0030,FLETCHERANDREW L & ETHAN E,15 NE 20 CT #3A WILTON MANORS  FL 33305
4.94114E+11,FLETCHERANGELIA,6208 JACARANDA CIR TAMARAC  FL 33319
4.84329E+11,FLETCHERARRON STEWART,3410 DOVER RD POMPANO BEACH  FL 33062
4.94136E+11,FLETCHERBERYL A,4921 NW 11 CT LAUDERHILL  FL 33313
4.84306E+11,FLETCHERBRIAN,1020 SE 7 CT DEERFIELD BEACH  FL 33441
4.8433E+11,FLETCHERBRIAN A,2800 NE 23 ST POMPANO BEACH  FL 33062
4.84104E+11,FLETCHERBRUCE S & BETSY M,6889 NW 102 TER PARKLAND  FL 33076
4.84129E+11,FLETCHERBRUCE W & SARA B ,1965 NW 112 AVE CORAL SPRINGS  FL 33071
4.84223E+11,FLETCHERBURTON D,160 S GOLF BLVD POMPANO BEACH  FL 33064
494205BK0530,FLETCHERCAREY GENE H/E,3980 OAKS CLUBHOUSE DR #506 POMPANO BEACH  FL 33069
4.84119E+11,FLETCHERCASEY,2568 NW 120 TER CORAL SPRINGS  FL 33065
4.84236E+11,FLETCHERCASEY J,220 NE 19 AVE #1-2 POMPANO BEACH  FL 33060
4.94102E+11,FLETCHERCHRISTINE A,1231 HAMPTON BLVD NORTH LAUDERDALE  FL 33068
4.84105E+11,FLETCHERCHRISTOPHER & AMANDA,11036 NW 62 CT PARKLAND  FL 33076
4.94101E+11,FLETCHERCLAUDETTE O ,6805 RIO PINAR NORTH LAUDERDALE  FL 33068
4.84201E+11,FLETCHERCLIFF,229 SW 2 ST DEERFIELD BEACH  FL 33441
4.94127E+11,FLETCHERDAHLIA D,2421 E ARAGON BLVD #1 SUNRISE  FL 33313
4.94115E+11,FLETCHERDAMION MADRE H/E,5245 NW 75 AVE LAUDERHILL  FL 33319
4.84223E+11,FLETCHERDAVID,341 LEISURE BLVD POMPANO BEACH  FL 33064
4.94136E+11,FLETCHERDAVID ,4941 NW 17 CT LAUDERHILL  FL 33313
4.94206E+11,FLETCHERDEANETTE MARIE,4969 SW 7 ST MARGATE  FL 33068
4.94035E+11,FLETCHERDENA N ,1310 NW 129 AVE SUNRISE  FL 33323
484126AB0310,FLETCHERDENECHIA,1110 NW 80 AVE #201 MARGATE  FL 33063
494110AK0760,FLETCHERDEVINGTON ,8240 SW 24 ST #5306 NORTH LAUDERDALE  FL 33068
4.94134E+11,FLETCHERDONABEL & MILTON ,1050 NW 70 WAY PLANTATION  FL 33313
494123CJ0110,FLETCHERDOROTHY,3531 INVERRARY DR #201 LAUDERHILL  FL 33319
484135GD0080,FLETCHERDOROTHY & CLAUDE,7600 NW 5 CT #108 MARGATE  FL 33063
4.94119E+11,FLETCHERDWAIN,3753 NW 107 WAY SUNRISE  FL 33351
4.94235E+11,FLETCHEREDWARD R,1724 POINSETTIA DR FORT LAUDERDALE  FL 33305
484129AH0230,FLETCHEREVERN,1637 CYPRESS POINTE DR #1-10 CORAL SPRINGS  FL 33071
4.94206E+11,FLETCHERFABIAN ORILEY,5400 SW 14 CT NORTH LAUDERDALE  FL 33068
4.94232E+11,FLETCHERGLASFERD & INGRID,1161 NW 29 AVE UNINCORPORATED  FL 33311
4.94201E+11,FLETCHERGREG A,241 SE 3 CT POMPANO BEACH  FL 33060
494212AF3470,FLETCHERGRETCHEN,2250 NE 66 ST #1511 FORT LAUDERDALE  FL 33308
4.94112E+11,FLETCHERJASON F H/E,4935 NW 59 ST TAMARAC  FL 33319
4.9411E+11,FLETCHERJOAN M,7302 NW 64 ST TAMARAC  FL 33321
4.94211E+11,FLETCHERJUDY J,5131 NE 17 AVE FORT LAUDERDALE  FL 33334
4.94102E+11,FLETCHERKIMBERLY,7849 TAM O'SHANTER BLVD NORTH LAUDERDALE  FL 33068
4.94231E+11,FLETCHERLATANYA,3360 NW 17 ST LAUDERHILL  FL 33311
4.94115E+11,FLETCHERLEON ,4963 NW 66 AVE LAUDERHILL  FL 33319
494127AJ0320,FLETCHERLESRINE E H/E,7991 SUNRISE LAKES DR N #308 SUNRISE  FL 33322
4.94101E+11,FLETCHERLISA,6163 SW 6 ST MARGATE  FL 33068
4.94111E+11,FLETCHERLORRAINE J,5448 NW 56 CT TAMARAC  FL 33319
494205JJ0140,FLETCHERLOYST JR,4111 CARRIAGE DR #1M POMPANO BEACH  FL 33069
4.94216E+11,FLETCHERMARIA,4445 NW 20 AVE OAKLAND PARK  FL 33309
494220CH0040,FLETCHERMARIA,2803 N OAKLAND FOREST DR #102 OAKLAND PARK  FL 33309
494220CH0270,FLETCHERMARIA,2803 N OAKLAND FOREST DR #210 OAKLAND PARK  FL 33309
494220CH0680,FLETCHERMARIA,2811 N OAKLAND FOREST DR #305 OAKLAND PARK  FL 33309
4.8423E+11,FLETCHERMAXINE,4281 ACACIA CIR COCONUT CREEK  FL 33066
4.94117E+11,FLETCHERNADINE,5324 NW 89 AVE SUNRISE  FL 33351
4.84122E+11,FLETCHERNICOLE L,8953 NW 25 CT CORAL SPRINGS  FL 33065
4.94129E+11,FLETCHERNORRIS,9241 NW 20 PL SUNRISE  FL 33322
4.74129E+11,FLETCHEROWEN KARL,10572 N LAGO VISTA CIR PARKLAND  FL 33076
4.84213E+11,FLETCHERPAMELA A,3660 NE 12 AVE POMPANO BEACH  FL 33064
4.94124E+11,FLETCHERPATRICE R,4041 NW 47 TER LAUDERDALE LAKES  FL 33319
4.94125E+11,FLETCHERPAUL,5000 NW 23 ST LAUDERHILL  FL 33313
4.84107E+11,FLETCHERPETER J,5619 NW 118 DR CORAL SPRINGS  FL 33076
494112AC0660,FLETCHERPRISCILLA,6075 N SABAL PALM BLVD #312 TAMARAC  FL 33319
494122AM0220,FLETCHERREBECCA,7080 ENVIRON BLVD #326 LAUDERHILL  FL 33319
4.9413E+11,FLETCHERREBECCA,2383 NW 111 AVE SUNRISE  FL 33322
4.94103E+11,FLETCHERREVA WEAKS,6905 NW 76 ST TAMARAC  FL 33321
4.94122E+11,FLETCHERRICHARD,6776 SIENNA CLUB DR LAUDERHILL  FL 33319
4.84306E+11,FLETCHERRICHARD & AMANDA H/E,28 SE 7 AVE DEERFIELD BEACH  FL 33441
4.74132E+11,FLETCHERRICHARD D & SHIRLEY E,8046 NW 110 DR PARKLAND  FL 33076
4.94113E+11,FLETCHERRICHARD V,5410 NW 48 LN TAMARAC  FL 33319
494123CG0470,FLETCHERRITA,3551 INVERRARY DR #411 LAUDERHILL  FL 33319
4.9411E+11,FLETCHERROWAN,5716 NW 68 AVE TAMARAC  FL 33321
4.9411E+11,FLETCHERROWAN ,6711 NW 58 CT TAMARAC  FL 33321
4.94233E+11,FLETCHERSAMUEL LEONARD,1025 NW 13 ST FORT LAUDERDALE  FL 33311
4.84124E+11,FLETCHERSEAN A & TIFFANY D,3076 GREEN TURTLE PL MARGATE  FL 33063
4.94126E+11,FLETCHERSHAARON M,5300 NW 25 CT LAUDERHILL  FL 33313
4.84109E+11,FLETCHERSHERI-ANN DENISE,4809 NW 103 WAY CORAL SPRINGS  FL 33076
4.94101E+11,FLETCHERSHERONA,224 SAN REMO BLVD NORTH LAUDERDALE  FL 33068
4.94229E+11,FLETCHERSHERRIANN D,2051 NW 28 AVE FORT LAUDERDALE  FL 33311
494133BM0640,FLETCHERSTEPHANIE H/E,8592 W SUNRISE BLVD #417 PLANTATION  FL 33322
4.94232E+11,FLETCHERSUSIE,1710 NW 24 TER FORT LAUDERDALE  FL 33311
4.94223E+11,FLETCHERTERRY B,1609 NE 33 ST OAKLAND PARK  FL 33334
494123BJ1190,FLETCHERTHAMAR C,6061 N FALLS CIRCLE DR #111 LAUDERHILL  FL 33319
484123AA2280,FLETCHERTHOMAS,3160 HOLIDAY SPRINGS BLVD #7-112 MARGATE  FL 33063
4.94101E+11,FLETCHERVERNICA,148 SAN REMO BLVD NORTH LAUDERDALE  FL 33068
4.94115E+11,FLETCHERVERNON BEAU,5210 NW 75 AVE LAUDERHILL  FL 33319
4.94231E+11,FLETCHERWALTER R,1720 NW 33 AVE LAUDERHILL  FL 33311
4.94201E+11,FLETCHERWILLIAM D,450 SE 14 AVE POMPANO BEACH  FL 33060
4.94212E+11,FLETCHERWILLIAM J & J RENEE,5721 NE 19 TER FORT LAUDERDALE  FL 33308
494124CD0020,FLETCHERYVETTE,5000 NW 36 ST #402 LAUDERDALE LAKES  FL 33319
494124DD0490,FLETCHERYVETTE,4211 NW 41 ST #307 LAUDERDALE LAKES  FL 33319
494124HJ0030,FLETCHERYVETTE,3501 NW 47 AVE #403 LAUDERDALE LAKES  FL 33319
4.94233E+11,FLETCHERYVETTE,1726 LAUDERDALE MANOR DR FORT LAUDERDALE  FL 33311
494111BA0470,FLETCHERYVONNE H/E,5800 NW 64 AVE #111 TAMARAC  FL 33319
494227AC1200,FLETES FLETESALFONSO,1950 N ANDREWS AVE #107D WILTON MANORS  FL 33305
4.84212E+11,FLETESDAVID JULIO,1429 S DEERFIELD AVE DEERFIELD BEACH  FL 33441
484136AA0600,FLETTSTEPHEN T,5800 MARGATE BLVD #415-4 MARGATE  FL 33063
484305CH0090,FLEUR DE MER 23 LLC,664 SE 20 AVE #23 DEERFIELD BEACH  FL 33441
4.84131E+11,FLEURALVINS SAINT,219 NW 122 AVE CORAL SPRINGS  FL 33071
4.84307E+11,FLEURSTONY SAINT,1787 NE 49 ST POMPANO BEACH  FL 33064
4.84124E+11,FLEURAIMEMONIQUE MIAMI,6609 WINFIELD BLVD #A-110 MARGATE  FL 33063
494124JJ0160,FLEURANTGARRY,3121 NW 47 TER #116 LAUDERDALE LAKES  FL 33319
494122CH1130,FLEURANTGERDES,3485 ENVIRON BLVD #C203 LAUDERHILL  FL 33319
494116AH0760,FLEURANTJESULA,7730 NW 50 ST #102 LAUDERHILL  FL 33351
4.94234E+11,FLEURANTJOCELAINE,1705 NW 8 AVE FORT LAUDERDALE  FL 33311
484135HM0100,FLEURANTROBERT,7655 W ATLANTIC BLVD #202 MARGATE  FL 33063
494108AD0280,FLEURANTRONALD,9090 LIME BAY BLVD #215 TAMARAC  FL 33321
4.84214E+11,FLEURANTYVES H/E,248 NE 40 CT DEERFIELD BEACH  FL 33064
484134AG0280,FLEURANTINJACQUELINE JABON,9507 NW 2 PL #3-D CORAL SPRINGS  FL 33071
494102BJ0100,FLEURANTINMARIE MONA,8020 HAMPTON BLVD #204 NORTH LAUDERDALE  FL 33068
494108AA0120,FLEURANTINPRESNER H/E,9081 LIME BAY BLVD #112 TAMARAC  FL 33321
4.84215E+11,FLEURANTUSMICHEL ANGE,1000 NW 49 CT DEERFIELD BEACH  FL 33064
494123AA0220,FLEURANVILFABIENNE H/E,6010 S FALLS CIRCLE DR #222 LAUDERHILL  FL 33319
4.94102E+11,FLEUREJUSTEDINEUS & MARIE ANNE,522 SW 72 TER NORTH LAUDERDALE  FL 33068
4.84233E+11,FLEUREJUSTEJANEKA & ROBERDE,2221 NW 10 CT POMPANO BEACH  FL 33069
4.94136E+11,FLEURELUSPIERRE,4951 NW 11 PL LAUDERHILL  FL 33313
494220CA0150,FLEUREMONCHARLINE,3041 N OAKLAND FOREST DR #203 OAKLAND PARK  FL 33309
4.94219E+11,FLEURESTILMYRLANDE & ISAAC,3198 NW 42 ST LAUDERDALE LAKES  FL 33309
4.94124E+11,FLEURIDORAPPOLON & MERLANDE J,4673 NW 41 PL LAUDERDALE LAKES  FL 33319
484136AA0520,FLEURIDORELUCIEN H/E,5800 MARGATE BLVD #344-3 MARGATE  FL 33063
4.94121E+11,FLEURIDORFLORENE,3868 NW 77 AVE SUNRISE  FL 33351
4.84109E+11,FLEURIDORJOCELYN & LOURDIE,9905 NW 48 DR CORAL SPRINGS  FL 33076
4.84233E+11,FLEURIDORMAGALIE G & ERILES,2642 NW 9 CT POMPANO BEACH  FL 33069
494125BK0360,FLEURIDORMISILIA,2772 NW 47 TER #802 LAUDERDALE LAKES  FL 33313
4.94112E+11,FLEURIDORNORSAINT H/E,4905 NW 58 ST TAMARAC  FL 33319
4.84203E+11,FLEURIDORROLENET,336 SW 33 AVE DEERFIELD BEACH  FL 33442
4.9423E+11,FLEURIDORSOFONIE H/E,2987 NW 36 WAY LAUDERDALE LAKES  FL 33311
4.94115E+11,FLEURIGENEALMANITHA H/E,4933 NW 75 AVE LAUDERHILL  FL 33319
4.94101E+11,FLEURIGENEEXSOND,1324 E GLEN OAK RD NORTH LAUDERDALE  FL 33068
4.94125E+11,FLEURIGENEMILIANA H/E,2120 NW 47 AVE LAUDERHILL  FL 33313
494122CJ0100,FLEURIGENENATACHA,6575 W OAKLAND PARK BLVD #110 LAUDERHILL  FL 33313
4.94125E+11,FLEURIGENERAMNER & ESTHER B,2550 NW 47 AVE LAUDERHILL  FL 33313
4.94222E+11,FLEURIMACLAROBERT & CLEONIE,4309 NW 5 AVE OAKLAND PARK  FL 33309
4.94102E+11,FLEURIMAELIAS &,325 SW 78 TER NORTH LAUDERDALE  FL 33068
4.94035E+11,FLEURIMAJOSEPH & MARIE,1440 NW 129 AVE SUNRISE  FL 33323
4.94128E+11,FLEURIMAMARIO,8740 NW 21 ST SUNRISE  FL 33322
4.94102E+11,FLEURIMARENE & CILLIANA,7518 SW 9 ST NORTH LAUDERDALE  FL 33068
484231AH1350,FLEURIMARVOLNIE,5520 LAKESIDE DR #204 MARGATE  FL 33063
4.94117E+11,FLEURIMOND-VERTGILBERTE,9146 NW 49 CT SUNRISE  FL 33351
4.94102E+11,FLEURIMONDCELESTIN & MARIE,706 SW 74 AVE NORTH LAUDERDALE  FL 33068
494125GD1350,FLEURIMONDHERCUL & MARIE,4101 NW 26 ST #368 LAUDERHILL  FL 33313
4.94116E+11,FLEURIMONDJEAN E & MIRLENE,8251 NW 48 ST LAUDERHILL  FL 33351
4.94217E+11,FLEURIMONDMARIE J,2700 NW 54 ST TAMARAC  FL 33309
494230AJ0330,FLEURIMONDMERGENIE ,2861 SOMERSET DR #215 LAUDERDALE LAKES  FL 33311
4.84126E+11,FLEURIMONDNANCY,1440 NW 70 TER MARGATE  FL 33063
4.84223E+11,FLEURIMONDRAYMOND,230 NE 31 CT POMPANO BEACH  FL 33064
484123AC0170,FLEURIMONDROGER & LIVANIE,3050 HOLIDAY SPRINGS BLVD #205 MARGATE  FL 33063
494230AK0050,FLEURIMONTLABAN,2801 SOMERSET DR #104 LAUDERDALE LAKES  FL 33311
4.94128E+11,FLEURINAWILSAINT,8146 NW 21 CT SUNRISE  FL 33322
4.84214E+11,FLEURINEJEAN DANIEL,231 NW 41 ST DEERFIELD BEACH  FL 33064
4.94228E+11,FLEURINORANNA,1217 NW 19 ST #1-2 FORT LAUDERDALE  FL 33311
494134BD0100,FLEURINORDURONEL,7400 NW 17 ST #110 PLANTATION  FL 33313
4.94112E+11,FLEURINORMARCELLE,4702 NW 58 ST TAMARAC  FL 33319
4.94124E+11,FLEURINORMARIE C & TREDLL ,3330 ALCEE L HASTINGS PKWY LAUDERDALE LAKES  FL 33319
4.94115E+11,FLEURINORPAULE,7374 NW 48 CT LAUDERHILL  FL 33319
4.94234E+11,FLEURINORWHISLER,1130 NE 6 AVE FORT LAUDERDALE  FL 33304
4.94232E+11,FLEURINORD NORDELISOFILIA,1831 NW 27 TER FORT LAUDERDALE  FL 33311
4.94125E+11,FLEURINORDCHRISTIANA H/E,2061 NW 47 AVE LAUDERHILL  FL 33313
4.84136E+11,FLEURINORDFAUSTIN & IFFANISE,6690 NW 1 CT MARGATE  FL 33063
4.94127E+11,FLEURINORDFEDNER,7399 NW 20 CT SUNRISE  FL 33313
4.94102E+11,FLEURINORDGUELDIE PHILIPPE,930 SW 80 AVE NORTH LAUDERDALE  FL 33068
4.94219E+11,FLEURINORDILANCIEN H/E,4251 NW 38 TER LAUDERDALE LAKES  FL 33309
4.94125E+11,FLEURINORDJACQUES & JUDETTE,2600 NW 42 TER LAUDERHILL  FL 33313
4.94124E+11,FLEURINORDJOHNY,4601 NW 42 ST LAUDERDALE LAKES  FL 33319
4.94129E+11,FLEURINORDMARIE ALBERTE,9731 NW 19 PL SUNRISE  FL 33322
4.9423E+11,FLEURINORDMARIE ANGE,3670 NW 29 CT LAUDERDALE LAKES  FL 33311
4.94122E+11,FLEURINORDMERLINE,3174 LA MIRAGE DR LAUDERHILL  FL 33319
4.84214E+11,FLEURINORDOBANY H/E,301 W SAMPLE RD DEERFIELD BEACH  FL 33064
494125HG0010,FLEURINORDODELINE,4210 NW 21 ST #101 LAUDERHILL  FL 33313
494123BH0010,FLEURINORDOLUCINNE,6260 S FALLS CIRCLE DR #101 LAUDERHILL  FL 33319
4.94219E+11,FLEURINORDROBINS,3156 NW 42 ST LAUDERDALE LAKES  FL 33309
494111AH0250,FLEURIOTMARIE DENISE H/E,6091 NW 61 AVE #301 TAMARAC  FL 33319
4.84236E+11,FLEURISMAYVROSE,912 NE 9 ST #1-2 POMPANO BEACH  FL 33060
4.84227E+11,FLEURISSAINTCHRISTINA,1580 NW 16 AVE POMPANO BEACH  FL 33069
4.94103E+11,FLEURISSAINTJACQUES & CLAUDENIE,8301 NW 74 AVE TAMARAC  FL 33321
4.94219E+11,FLEURISSAINTPAULNA,3440 NW 41 ST LAUDERDALE LAKES  FL 33309
494204BM0110,FLEURISTILMARIE MAYG,2661 S COURSE DR #201 POMPANO BEACH  FL 33069
4.84232E+11,FLEURISTINJOHNY,3370 NW 5 ST POMPANO BEACH  FL 33069
4.94103E+11,FLEURISTINTANICHA H/E,618 SW 80 TER NORTH LAUDERDALE  FL 33068
4.84223E+11,FLEURIVILCHANTAL,2931 NE 2 TER POMPANO BEACH  FL 33064
4.9422E+11,FLEURIZAFRANCOIS,3940 NW 30 TER LAUDERDALE LAKES  FL 33309
4.94222E+11,FLEURIZAFRANCOIS &,231 NE 40 ST #1-3 OAKLAND PARK  FL 33334
4.94101E+11,FLEURIZAFRANCOIS & CLORAMISE,6619 STARDUST DR NORTH LAUDERDALE  FL 33068
4.94235E+11,FLEURIZARDADRIEN & CELIZENE,716 NE 15 CT FORT LAUDERDALE  FL 33304
4.84112E+11,FLEURIZARDSARDELE & WOLPH P,5386 NW 60 DR CORAL SPRINGS  FL 33067
4.94219E+11,FLEURIZARDWOLPH P,3573 NW 36 TER LAUDERDALE LAKES  FL 33309
484135AH0140,FLEURY CHARLESMAX,7205 W ATLANTIC BLVD #206 MARGATE  FL 33063
4.8421E+11,FLEURYADAM ROBERT,2661 SW 14 CT DEERFIELD BEACH  FL 33442
494206CN0370,FLEURYANNE,37 S CORTEZ DR #37 MARGATE  FL 33068
4.94106E+11,FLEURYCARLINE H/E,10801 NW 71 CT TAMARAC  FL 33321
4.94201E+11,FLEURYCHRISTINE C,271 SE 8 CT POMPANO BEACH  FL 33060
484331AK0260,FLEURYDENISE,305 N POMPANO BEACH BLVD #310 POMPANO BEACH  FL 33062
484202DC0190,FLEURYDOUGLAS J,127 HARWOOD J DEERFIELD BEACH  FL 33442
4.74129E+11,FLEURYELENA,8690 PACIFICA LN PARKLAND  FL 33076
484231AC0290,FLEURYELSIE,380 E LAUREL DR #1D MARGATE  FL 33063
484229DJ0240,FLEURYERNEST J,2201 LUCAYA BND #K2 COCONUT CREEK  FL 33066
4.94111E+11,FLEURYFRANCESE,5913 NW 56 CT TAMARAC  FL 33319
484203H70050,FLEURYFRANCINE ,173 TILFORD I DEERFIELD BEACH  FL 33442
4.94135E+11,FLEURYFRANKI,1480 NW 52 AVE LAUDERHILL  FL 33313
484203BD0080,FLEURYGUY ,580 DURHAM U DEERFIELD BEACH  FL 33442
4.94222E+11,FLEURYJULIENNE,3181 NW 6 AVE OAKLAND PARK  FL 33309
4.94035E+11,FLEURYKEVIN J,1476 NW 126 AVE SUNRISE  FL 33323
4.94111E+11,FLEURYMARIE,5821 SWORDFISH CT TAMARAC  FL 33319
4.84231E+11,FLEURYPHABIOLA,544 NW 47 AVE COCONUT CREEK  FL 33063
4.94127E+11,FLEURYREGINALD,7020 NW 24 CT SUNRISE  FL 33313
4.94101E+11,FLEURYRONY,802 PINE WAY NORTH LAUDERDALE  FL 33068
4.94233E+11,FLEURYSTANLEY H/E,1804 NW 18 CT FORT LAUDERDALE  FL 33311
4.9411E+11,FLEURYTERESA,8400 S CORAL CIR NORTH LAUDERDALE  FL 33068
4.84219E+11,FLEURYWILNISK,5409 NW 27 ST MARGATE  FL 33063
4.94102E+11,FLEUZINORDJAMES,1201 SW 74 AVE NORTH LAUDERDALE  FL 33068
4.84208E+11,FLEWELLYNGHENIA & THOMAS,4515 BANYAN TRAILS DR COCONUT CREEK  FL 33073
484306AJ0040,FLEWELLYNKRISTEN,810 SE 7 ST #104 DEERFIELD BEACH  FL 33441
4.84117E+11,FLEX HOMES 2 LLC,4271 NW 114 TER #1-4 CORAL SPRINGS  FL 33065
4.84117E+11,FLEX HOMES LLC,4141 NW 114 AVE #1-4 CORAL SPRINGS  FL 33065
484109AA2210,FLEX IT SOLUTIONS LLC,9755 WESTVIEW DR #1215 CORAL SPRINGS  FL 33076
484109AA2270,FLEX IT SOLUTIONS LLC,9755 WESTVIEW DR #1223 CORAL SPRINGS  FL 33076
484109AA2290,FLEX IT SOLUTIONS LLC,9755 WESTVIEW DR #1225 CORAL SPRINGS  FL 33076
484109AA2630,FLEX IT SOLUTIONS LLC,9701 WESTVIEW DR #1424 CORAL SPRINGS  FL 33076
484207AB0810,FLEX IT SOLUTIONS LLC,4848 N STATE ROAD 7 #4306 COCONUT CREEK  FL 33073
484207AB1580,FLEX IT SOLUTIONS LLC,4828 N STATE ROAD 7 #8201 COCONUT CREEK  FL 33073
484207AB1620,FLEX IT SOLUTIONS LLC,4828 N STATE ROAD 7 #8205 COCONUT CREEK  FL 33073
484218AA3190,FLEX IT SOLUTIONS LLC,5065 WILES RD #107 COCONUT CREEK  FL 33073
484218AB1980,FLEX IT SOLUTIONS LLC,3880 LYONS RD #202-7 COCONUT CREEK  FL 33073
494129AE1010,FLEX IT SOLUTIONS LLC,9999 SUMMERBREEZE DR #509 SUNRISE  FL 33322
494129AE1490,FLEX IT SOLUTIONS LLC,9999 SUMMERBREEZE DR #717 SUNRISE  FL 33322
494129AE1920,FLEX IT SOLUTIONS LLC,9999 SUMMERBREEZE DR #916 SUNRISE  FL 33322
494129AE1960,FLEX IT SOLUTIONS LLC,9999 SUMMERBREEZE DR #920 SUNRISE  FL 33322
484120CA0170,FLEX LAND TR,10830 ROYAL PALM BLVD #10830 CORAL SPRINGS  FL 33065
484223AF0220,FLEX PARTNERS LLC,201 S GOLF BLVD #2005 POMPANO BEACH  FL 33064
4.94105E+11,FLEXMANELLEN BETH H/E,7004 NW 93 AVE TAMARAC  FL 33321
4.84307E+11,FLEYSHERTATIANA,916 SE 16 PL DEERFIELD BEACH  FL 33441
494226AA1320,FLF-ACI PROPERTY LLC,2990 NE 16 AVE #104 OAKLAND PARK  FL 33334
4.94225E+11,FLH LOVINS LLC,2825 NE 25 ST FORT LAUDERDALE  FL 33305
494201BG0450,FLIBOTTEMARK,1100 SE 5 CT #46 POMPANO BEACH  FL 33060
4.94227E+11,FLIC RESIDENTIAL MTG LOAN TR 1,305 NE 27 ST WILTON MANORS  FL 33334
494112AC0240,FLICKTINA L,5155 E SABAL PALM BLVD #306 TAMARAC  FL 33319
4.8412E+11,FLICKERAMY M,11000 NW 33 ST CORAL SPRINGS  FL 33065
484121AC0310,FLICKERDANIELA M,3207 CORAL SPRINGS DR #131 CORAL SPRINGS  FL 33065
494213AB0130,FLICKERJOHN & TAMMY,5201 NE 24 TER #A-114 FORT LAUDERDALE  FL 33308
4.84124E+11,FLICKERMARIA GLADYS,3267 W BUENA VISTA DR MARGATE  FL 33063
4.74133E+11,FLIEGELBRETT & MARISA,10315 CAMEILLA ST PARKLAND  FL 33076
484203D50190,FLIEGELMANMARCIA,83 PRESCOTT D DEERFIELD BEACH  FL 33442
484202AH0010,FLIEGELMANSHELDON & JOAN ,1069 BERKSHIRE E DEERFIELD BEACH  FL 33442
484114AA0060,FLIGELMANALEXANDER,4140 WOODSIDE DR #106 CORAL SPRINGS  FL 33065
484114AA0140,FLIGELMANALEXANDER,4140 WOODSIDE DR #207 CORAL SPRINGS  FL 33065
494205KA0020,FLIGELMANALEXANDER,3985 W MCNAB RD #102A POMPANO BEACH  FL 33069
494205KA0150,FLIGELMANALEXANDER,3985 W MCNAB RD #203A POMPANO BEACH  FL 33069
494205KA1960,FLIGELMANALEXANDER,4035 W MCNAB RD #304F POMPANO BEACH  FL 33069
494205JN3920,FLIGELMANALEXANDER A,4581 W MCNAB RD #13 POMPANO BEACH  FL 33069
494202BC0150,FLIGELMANANDREW S,313 SW 1 CT #L-7 POMPANO BEACH  FL 33060
494126AB2290,FLIGHT NORTH LLC,2116 NW 59 TER #80-A LAUDERHILL  FL 33313
484203DM0380,FLIKIERCAROLE,3052 LYNDHURST K DEERFIELD BEACH  FL 33442
4.84136E+11,FLIMERLUSJOB,6700 NW 7 CT MARGATE  FL 33068
4.84136E+11,FLIMERLUSJOB,6599 NW 3 ST MARGATE  FL 33063
4.84331E+11,FLINKAMY CHRISTINE & BENJAMIN,2781 NE 9 ST POMPANO BEACH  FL 33062
4.84112E+11,FLINKSTEVEN L & AMY C,4695 NW 58 TER CORAL SPRINGS  FL 33067
4.84207E+11,FLINNSTEPHEN DOUGLAS & RANDA ,5222 NW 51 ST COCONUT CREEK  FL 33073
484110BA2350,FLINT FUTURE LLC,8801 WILES RD #206 CORAL SPRINGS  FL 33067
4.94102E+11,FLINT FUTURE LLC,1437 SUSSEX DR NORTH LAUDERDALE  FL 33068
4.94132E+11,FLINTNANCY J,1857 NW 93 WAY PLANTATION  FL 33322
4.84207E+11,FLINTSUSAN,4922 NW 55 BLVD COCONUT CREEK  FL 33073
484115AK6930,FLINTAOLHA,4156 NW 90 AVE #103 CORAL SPRINGS  FL 33065
4.84202E+11,FLINTERBRENDAN H/E,1803 SANDERLING DR DEERFIELD BEACH  FL 33442
4.94102E+11,FLINVEX LLC,7811 SW 10 CT #A-C NORTH LAUDERDALE  FL 33068
494126CM0200,FLINVEX LLC,5227 NW 24 CT #44 LAUDERHILL  FL 33313
494126DB0030,FLINVEX LLC,5304 NW 24 CT #83 LAUDERHILL  FL 33313
494126DB0190,FLINVEX LLC,5305 NW 24 ST #111 LAUDERHILL  FL 33313
494126DC0150,FLINVEX LLC,5304 NW 24 ST #147 LAUDERHILL  FL 33313
494126DC0210,FLINVEX LLC,5210 NW 24 ST #153 LAUDERHILL  FL 33313
4.94232E+11,FLINVEX LLC,2730 NW 14 CT #1-3 UNINCORPORATED  FL 33311
484231AF0730,FLIP AMERICA LLC,941 LYONS RD #5201 COCONUT CREEK  FL 33063
4.84224E+11,FLIP MY LIFE CORP,3050 NE 13 AVE POMPANO BEACH  FL 33064
4.84235E+11,FLIPME PROPERTIES LLC,204 NE 10 ST POMPANO BEACH  FL 33060
484331BC0250,FLIPPENANNA KATHERINE HEDRICK,405 N OCEAN BLVD #129 POMPANO BEACH  FL 33062
4.94201E+11,FLIPPIN-THOMASSTARLENA S,320 SE 5 AVE POMPANO BEACH  FL 33060
494106CM0340,FLISSERMARVIN & ESTELLE ,10654 W CLAIRMONT CIR #310 TAMARAC  FL 33321
494214AB2500,FLITEBARBARA J,5250 NE 6 AVE #F31 OAKLAND PARK  FL 33334
4.94233E+11,FLL 1337 CHATEAU PARK DR LLC,1337 CHATEAU PARK DR FORT LAUDERDALE  FL 33311
4.94233E+11,FLL 1512 NW 19 AVE LLC,1512 NW 19 AVE FORT LAUDERDALE  FL 33311
4.94233E+11,FLL 1531 NW 13 ST LLC,1531 NW 13 ST FORT LAUDERDALE  FL 33311
4.94232E+11,FLL 2800 NW 14 ST LLC,2800 NW 14 ST UNINCORPORATED  FL 33311
4.9421E+11,FLL 811 LLC,811 NW 57 PL FORT LAUDERDALE  FL 33309
4.94213E+11,FLO 53 REV TR,5320 NE 26 AVE FORT LAUDERDALE  FL 33308
494214AH0200,FLO INVESTMENTS LLC,850 E COMMERCIAL BLVD #210A OAKLAND PARK  FL 33334
484218AB0230,FLO-RENTALS LP,3840 LYONS RD #103-2 COCONUT CREEK  FL 33073
484231AF3560,FLO-RENTALS LP,831 LYONS RD #23104 COCONUT CREEK  FL 33063
4.94201E+11,FLOASIS VACATION RENTAL LLC,1508 SE 1 ST POMPANO BEACH  FL 33060
494230BA0200,FLOBUS LLC,3700 NW 21 ST #206 LAUDERDALE LAKES  FL 33311
494230BA1520,FLOBUS LLC,3600 NW 21 ST #313 LAUDERDALE LAKES  FL 33311
494131AC0160,FLOCAL VENTURES LLC,10630 NW 14 ST #115 PLANTATION  FL 33322
4.84226E+11,FLOCAPZ INVESTMENTS LLC,550 NW 17 ST POMPANO BEACH  FL 33060
4.94103E+11,FLOCKDEBORAH A ,6704 NW 70 CT TAMARAC  FL 33319
4.94117E+11,FLOCKJENS B,4949 NW 92 AVE SUNRISE  FL 33351
4.84205E+11,FLOCKERTIMOTHY A & REBECCA T,6382 NW 42 TER COCONUT CREEK  FL 33073
4.94227E+11,FLOCOLA PROPERTIES LLC,308 NW 28 ST WILTON MANORS  FL 33311
4.74129E+11,FLOCOR REAL ESTATE INC,10545 S LAGO VISTA CIR PARKLAND  FL 33076
4.84236E+11,FLODINRAYMOND,408 NE 10 AVE POMPANO BEACH  FL 33060
4.94111E+11,FLOERSCHNEPHTALIE,1845 RUNNERS WAY NORTH LAUDERDALE  FL 33068
4.84115E+11,FLOIRDA DEPT OF TRANSPORTATION,SAMPLE RD CORAL SPRINGS  FL 33065
484122AM0160,FLOMER DA CRUZGILBERTO,3361 NW 85 AVE #207 CORAL SPRINGS  FL 33065
494113AA0880,FLONICE LLC,4513 TREEHOUSE LN #H TAMARAC  FL 33319
494211AG0020,FLOODDOUGLAS JAMES,1400 NE 57 ST #102 FORT LAUDERDALE  FL 33334
484203G70260,FLOODHELEN,2046 NEWPORT N DEERFIELD BEACH  FL 33442
484220BH0530,FLOODMICHAEL,3751 NW 35 ST #16117 COCONUT CREEK  FL 33066
484202GB0010,FLOODMICHAEL J ,313 FARNHAM P DEERFIELD BEACH  FL 33442
4.84208E+11,FLOODROBERT J,4190 BANYAN TRAILS DR COCONUT CREEK  FL 33073
494134BD0140,FLOODSARAH,7400 NW 17 ST #204 PLANTATION  FL 33313
484219EB0130,FLOODSTEPHEN J & JUDITH,4400 NW 30 ST #225 COCONUT CREEK  FL 33066
4.84202E+11,FLOOKDANIEL,2393 DEER CREEK WOODLANDS WAY DEERFIELD BEACH  FL 33442
494104AG0220,FLOOKJAMIE B,7675 NW 79 AVE #208 TAMARAC  FL 33321
4.84228E+11,FLOORING WORLD J&K LLC,1570 N POWERLINE RD POMPANO BEACH  FL 33069
4.84228E+11,FLOORING WORLD LIMITED INC,1771 N POWERLINE RD POMPANO BEACH  FL 33069
494111AH0900,FLOPA INC,6001 NW 61 AVE #206 TAMARAC  FL 33319
484207AA2850,FLOR ALBA RINCON REV TR,5610 NW 61 ST #1113 COCONUT CREEK  FL 33073
4.94233E+11,FLOR ALMEIDAKARINA,1859 NW 16 CT FORT LAUDERDALE  FL 33311
4.84119E+11,FLORBOLIVAR FERNANDO,11766 NW 28 CT CORAL SPRINGS  FL 33065
4.94024E+11,FLORGUADALUPE ZAPATA,3828 NW 121 AVE SUNRISE  FL 33323
484202JK0300,FLORA FINE-SHAFER REV TR,2010 CAMBRIDGE A DEERFIELD BEACH  FL 33442
4.94112E+11,FLORA JAMES REV LIV TR,6560 SW 20 ST NORTH LAUDERDALE  FL 33068
494125HB0160,FLORA JAMES REV LIV TR,4071 NW 19 ST #4071 LAUDERHILL  FL 33313
494125HB0490,FLORA JAMES REV LIV TR,4149 NW 19 ST #4149 LAUDERHILL  FL 33313
4.94135E+11,FLORA JAMES REV LIV TR,5320 NW 16 ST LAUDERHILL  FL 33313
4.94229E+11,FLORA JAMES REV LIV TR,2400 NW 31 AVE FORT LAUDERDALE  FL 33311
4.9423E+11,FLORA JAMES REV LIV TR,2770 NW 36 TER LAUDERDALE LAKES  FL 33311
484202A40120,FLORA L GROSSMAN IRREV TR,1012 SWANSEA A DEERFIELD BEACH  FL 33442
484305EA0010,FLORA MOONSIE-LALLA LIV TR,233 SE 21 AVE #101 DEERFIELD BEACH  FL 33441
494224AF0140,FLORAALAN,3220 BAYVIEW DR #212 FORT LAUDERDALE  FL 33306
484308BA0250,FLORAANDREA NICHOLE,3180 NE 48 CT #210 LIGHTHOUSE POINT  FL 33064
484202HD0110,FLORAANTHONY JOSEPH,107 UPMINSTER E DEERFIELD BEACH  FL 33442
484318NU0120,FLORAANTHONY JOSEPH,2161 NE 42 CT #112 LIGHTHOUSE POINT  FL 33064
4.8433E+11,FLORACHRISTOPHER,1260 NE 27 WAY POMPANO BEACH  FL 33062
4.8433E+11,FLORACHRISTOPHER & STEPHANIE,1240 NE 27 WAY POMPANO BEACH  FL 33062
494204AG0190,FLORAGENNARO & MARIA C ,2850 N PALM AIRE DR #305 POMPANO BEACH  FL 33069
494123DD0690,FLORAGERALD ,3774 INVERRARY BLVD #309P LAUDERHILL  FL 33319
484331BB0930,FLORAJAMES L,111 N POMPANO BEACH BLVD #909 POMPANO BEACH  FL 33062
494123HH4810,FLORAJO ANN ,3750 INVERRARY DR #2F LAUDERHILL  FL 33319
4.74135E+11,FLORAJOHN A & IRENE D,8200 FALLS LN PARKLAND  FL 33067
4.74133E+11,FLORAJOHN JR,10212 SWEET BAY MNR PARKLAND  FL 33076
484109AA0180,FLORAJOHN M JR,9977 WESTVIEW DR #127 CORAL SPRINGS  FL 33076
484116AM0910,FLORALISA,3632 N UNIVERSITY DR #H-4 CORAL SPRINGS  FL 33065
484330DD0040,FLORANADA 3225 NE 16 ST #3 LLC,3225 NE 16 ST #3A POMPANO BEACH  FL 33062
4.94214E+11,FLORANADA CARWASH LLC,4460 NE 11 AVE OAKLAND PARK  FL 33334
4.94215E+11,FLORANADA COMMERCE CENTER,1099 NE 46 CT OAKLAND PARK  FL 33334
484330DD0020,FLORANADA CONDO ASSN INC,3225 NE 16 ST #1B POMPANO BEACH  FL 33062
4.94213E+11,FLORANADA EAST LLC,1940 NE 45 ST OAKLAND PARK  FL 33308
4.94213E+11,FLORANADA EAST LLC,4451 NE 20 AVE OAKLAND PARK  FL 33308
4.94213E+11,FLORANADA EAST LLC,1940 NE 45 ST OAKLAND PARK  FL 33308
4.94214E+11,FLORANADA WAREHOUSE LLC,4472 NE 11 AVE OAKLAND PARK  FL 33334
4.74131E+11,FLORANTGESNER JUNIOR & TIMIKA,11805 NW 78 PL PARKLAND  FL 33076
4.84108E+11,FLORCZYKADRIENNE M,10731 NW 55 ST CORAL SPRINGS  FL 33076
484135G31170,FLOREKEN,7220 LAKE CIRCLE DR #305 MARGATE  FL 33063
484135G30220,FLOREKEN ,7340 LAKE CIRCLE DR #306 MARGATE  FL 33063
484202JM0320,FLOREAALEXANDRU,268 GRANTHAM E DEERFIELD BEACH  FL 33442
4.8411E+11,FLOREACHRISTOPHER J,5308 NW 84 WAY CORAL SPRINGS  FL 33067
494203AM0050,FLOREAJOSEPH G ,2108 S CYPRESS BEND DR #105 POMPANO BEACH  FL 33069
4.84106E+11,FLOREASILVIU,5861 NW 120 AVE CORAL SPRINGS  FL 33076
484202AJ0260,FLOREAVERONIKA A,2066 CAMBRIDGE D DEERFIELD BEACH  FL 33442
4.94111E+11,FLOREALCHERLINE,5701 NW 54 WAY TAMARAC  FL 33319
4.94101E+11,FLOREALGARDY,6271 SW 8 CT NORTH LAUDERDALE  FL 33068
4.94125E+11,FLOREALGUERLY,2950 NW 45 AVE LAUDERDALE LAKES  FL 33313
4.84212E+11,FLOREALJACQUES H/E,620 SW 14 CT DEERFIELD BEACH  FL 33441
4.94116E+11,FLOREALJUSTIN & JOCELYNE ADRIEN,8330 NW 53 ST LAUDERHILL  FL 33351
4.94234E+11,FLOREALMARIE G,208 NW 16 ST FORT LAUDERDALE  FL 33311
4.84124E+11,FLOREALPHELIDE H/E,2662 NW 64 TER MARGATE  FL 33063
4.84123E+11,FLOREALREMILORT & WISENA,7517 NW 25 ST MARGATE  FL 33063
484231AH1470,FLOREANFINEAS A & ANITA,5530 LAKESIDE DR #203 MARGATE  FL 33063
484214AD1820,FLOREN LLC,4354 NW 9 AVE #12-1C DEERFIELD BEACH  FL 33064
4.84126E+11,FLORENJOSE,1450 NW 70 TER MARGATE  FL 33063
494106CC0270,FLORENCE DUPERVALMARIE L,10568 E CLAIRMONT CIR #303 TAMARAC  FL 33321
494123HH8240,FLORENCE KARP REV TR,3710 INVERRARY DR #3Z LAUDERHILL  FL 33319
4.84223E+11,FLORENCE L SIMMONS REV TR,2770 NE 2 AVE POMPANO BEACH  FL 33064
494108AH1100,FLORENCE R ETTORRE FAM TR,6556 NW 98 TER #C23 TAMARAC  FL 33321
484202AG0040,FLORENCE R LAIFER REV TR,1058 BERKSHIRE D DEERFIELD BEACH  FL 33442
484202DK0210,FLORENCE SZWARCOK LUBINER LIV TR,2003 ASHBY C DEERFIELD BEACH  FL 33442
4.94234E+11,FLORENCEALEXANDER J,845 NW 1 AVE FORT LAUDERDALE  FL 33311
4.94127E+11,FLORENCEBLOSSOM BARBARA,2461 NW 68 AVE SUNRISE  FL 33313
494230AB0170,FLORENCEIDELLA MULDROW,2821 SOMERSET DR #117 LAUDERDALE LAKES  FL 33311
4.94125E+11,FLORENCETIMOTHY J & ESTHER V,2641 NW 46 AVE LAUDERHILL  FL 33313
484123BC3200,FLORENCIA EUGENIA LLC,3320 PINEWALK DR N #1718 MARGATE  FL 33063
484207AB0270,FLORENCIA EUGENIA LLC,4844 N STATE ROAD 7 #2107 COCONUT CREEK  FL 33073
484207AB2570,FLORENCIA EUGENIA LLC,4808 N STATE ROAD 7 #13104 COCONUT CREEK  FL 33073
484218AB0090,FLORENCIA EUGENIA LLC,3848 LYONS RD #201-1 COCONUT CREEK  FL 33073
4.84215E+11,FLORENCIO OLIVEIRANATASHA,4248 ROSA DR DEERFIELD BEACH  FL 33064
4.94216E+11,FLORENCIOFRANKLIN,4485 NW 18 AVE OAKLAND PARK  FL 33309
494128HG0010,FLORENCIOFREDDY,8280 SUNRISE LAKES BLVD #101 SUNRISE  FL 33322
4.94221E+11,FLORENCIOFREDDY R & XIOMARA,4490 NW 16 TER OAKLAND PARK  FL 33309
4.94216E+11,FLORENCIOJOSE LUIS H/E,4871 NW 10 TER FORT LAUDERDALE  FL 33309
4.94103E+11,FLORENCIOLAUREM M,6810 NW 78 CT TAMARAC  FL 33321
4.94109E+11,FLORENCIORAMDHAL JHOSE,6738 N PINE ISLAND RD TAMARAC  FL 33321
4.84213E+11,FLORENCIORENE MARTINEZ,541 NE 38 ST DEERFIELD BEACH  FL 33064
484207AB1100,FLORENCOMARCELA P,4840 N STATE ROAD 7 #6105 COCONUT CREEK  FL 33073
484305AF1790,FLORENCOPATRICIA,1537 E HILLSBORO BLVD #141 DEERFIELD BEACH  FL 33441
4.84131E+11,FLORENTIVAN A & THERESA,234 NW 116 TER CORAL SPRINGS  FL 33071
494116AH0420,FLORENTINEKATHRYN,7740 NW 50 ST #502 LAUDERHILL  FL 33351
494226CD0210,FLORENTINOMARK A,2301 WILTON DR #R307 WILTON MANORS  FL 33305
494105CB0040,FLORES ARCAYAALEJANDRA M,9539 WELDON CIR #F104 TAMARAC  FL 33321
484220AL0830,FLORES CASTELLANOSLUIS G,3963 CARAMBOLA CIR N #29107 COCONUT CREEK  FL 33066
494111AJ0240,FLORES CHAVARRIACARLOS,6021 NW 61 AVE #212 TAMARAC  FL 33319
4.94229E+11,FLORES CIPRIANNOHE,2790 NW 24 ST FORT LAUDERDALE  FL 33311
484223CB0520,FLORES DE LA ROSA PROPERTIES LLC,201 NW 32 CT #108 POMPANO BEACH  FL 33064
494112BJ2030,FLORES DE LA ROSA PROPERTIES LLC,5760 ROCK ISLAND RD #303 TAMARAC  FL 33319
494113AA1880,FLORES DE LA ROSA PROPERTIES LLC,4409 TREEHOUSE LN #F TAMARAC  FL 33319
484110AC1640,FLORES FAMILY CO LLC,5821 RIVERSIDE DR #202B2 CORAL SPRINGS  FL 33067
484110AC0420,FLORES FAMILY COMPANY LLC,5661 RIVERSIDE DR #206B7 CORAL SPRINGS  FL 33067
484110AC0590,FLORES FAMILY COMPANY LLC,5681 RIVERSIDE DR #205A6 CORAL SPRINGS  FL 33067
484110AC1750,FLORES FAMILY COMPANY LLC,5841 RIVERSIDE DR #101A3 CORAL SPRINGS  FL 33067
484132AA0160,FLORES FERNANDEZSTEPHANIE P,10814 CYPRESS GLEN DR #10814 CORAL SPRINGS  FL 33071
4.94113E+11,FLORES GOMESANGELA PRICILA,4409 NW 45 CT TAMARAC  FL 33319
4.84117E+11,FLORES MEDINACARMEN ERIKA,11180 NW 36 CT CORAL SPRINGS  FL 33065
4.84219E+11,FLORES PENAALEYDA H/E,5181 NW 31 ST MARGATE  FL 33063
4.84106E+11,FLORES PONCEGABRIEL M,5621 NW 127 TER CORAL SPRINGS  FL 33076
4.94101E+11,FLORES RIVERAFRANCISCO NELSON,6502 SW 7 PL NORTH LAUDERDALE  FL 33068
4.94127E+11,FLORES RUIZMIRIAN LIZETH,2719 NW 68 WAY SUNRISE  FL 33313
494135BM0250,FLORES VINCESJUAN EDWIN H/E,5900 NW 17 PL #209 SUNRISE  FL 33313
4.7413E+11,FLORES VIVESIDARMIZ M H/E,11830 LEON CIR S PARKLAND  FL 33076
4.94127E+11,FLORES-GONZALEZDAVID,7460 S ARAGON BLVD #1 SUNRISE  FL 33313
4.94103E+11,FLORES-ROMANMANUEL & MARIA S,8105 SW 14 ST NORTH LAUDERDALE  FL 33068
4.94223E+11,FLORES-VELEZJUAN C,4214 N DIXIE HWY #47 OAKLAND PARK  FL 33334
494226AA0470,FLORES-VELEZJUAN CARLOS,3040 NE 16 AVE #315 OAKLAND PARK  FL 33334
4.84214E+11,FLORESADAM & LISSETTE N,4412 NW 1 TER DEERFIELD BEACH  FL 33064
494204HB1090,FLORESADRIAN R ,3095 N COURSE DR #1002 POMPANO BEACH  FL 33069
4.74231E+11,FLORESALBERTO J & JENNIFER,4837 NW 72 PL COCONUT CREEK  FL 33073
494225NS0180,FLORESALEJANDRO S,2829 NE 30 ST #302 FORT LAUDERDALE  FL 33306
4.94108E+11,FLORESALEXIS EDUARDO,9607 NW 66 CT TAMARAC  FL 33321
4.84214E+11,FLORESALEYDA,304 NW 43 PL DEERFIELD BEACH  FL 33064
4.84214E+11,FLORESALEYDA O,305 NW 43 PL DEERFIELD BEACH  FL 33064
4.94212E+11,FLORESALFREDO,5941 NE 18 TER FORT LAUDERDALE  FL 33308
484212AA0960,FLORESALVARO A,1335 S DIXIE HWY #424 DEERFIELD BEACH  FL 33441
4.84108E+11,FLORESALVARO H/E,4855 NW 115 AVE CORAL SPRINGS  FL 33076
4.84307E+11,FLORESAMANDA C,4866 NE 15 AVE POMPANO BEACH  FL 33064
4.84214E+11,FLORESAMY,4730 NW 6 AVE DEERFIELD BEACH  FL 33064
4.74133E+11,FLORESANA M & OSCAR A SR,9564 GINGER CT PARKLAND  FL 33076
494123BG0970,FLORESANDREA,6300 S FALLS CIRCLE DR #313 LAUDERHILL  FL 33319
484330AP0051,FLORESANNA S,3223 NE 12 ST #6E POMPANO BEACH  FL 33062
494106BK0240,FLORESANTONIO & CELIA,9434 S BELFORT CIR #212 TAMARAC  FL 33321
4.94128E+11,FLORESARMANDO RAFAEL & CARMEN E,8393 NW 26 PL SUNRISE  FL 33322
494122AB0280,FLORESAZUCENA Z,7011 ENVIRON BLVD #214 LAUDERHILL  FL 33319
4.94232E+11,FLORESBENYD M,1830 NW 27 AVE FORT LAUDERDALE  FL 33311
4.84226E+11,FLORESBRIZZY KARINA,2010 NE 1 AVE POMPANO BEACH  FL 33060
4.84134E+11,FLORESCARLOS A H/E,8159 NW 3 PL CORAL SPRINGS  FL 33071
4.94112E+11,FLORESCARLOS ALBERTO,6261 SW 21 ST NORTH LAUDERDALE  FL 33068
494204AB0370,FLORESCARMEN P,2751 N PALM AIRE DR #407 POMPANO BEACH  FL 33069
4.84213E+11,FLORESCASSANDRA H/E,1411 NE 41 DR POMPANO BEACH  FL 33064
4.94116E+11,FLORESCATALINA & JOSE MARCELO,7820 NW 45 ST LAUDERHILL  FL 33351
494212AF0091,FLORESCELESTE,6750 NE 21 RD #109 FORT LAUDERDALE  FL 33308
4.94223E+11,FLORESCESAR AUGUSTO,4212 N DIXIE HWY #38 OAKLAND PARK  FL 33334
4.84129E+11,FLORESCHARMAINE C,1058 NW 116 AVE CORAL SPRINGS  FL 33071
4.94222E+11,FLORESCIRO A H/E,4011 NW 8 TER OAKLAND PARK  FL 33309
4.84109E+11,FLORESCLAUDIO &,9930 NW 53 CT CORAL SPRINGS  FL 33076
4.84236E+11,FLORESCONRADO,650 NE 8 CT POMPANO BEACH  FL 33060
4.84114E+11,FLORESDANIEL,3594 SATIN LEAF CT CORAL SPRINGS  FL 33065
494109BB0490,FLORESDANIEL,6451 N UNIVERSITY DR #312 TAMARAC  FL 33321
484331AJ0380,FLORESDANIEL M & PAULA L,301 N OCEAN BLVD #406 POMPANO BEACH  FL 33062
4.94134E+11,FLORESDANNY A,6481 W SUNRISE BLVD PLANTATION  FL 33313
4.94132E+11,FLORESDAVID & DONNA ,9851 NW 10 CT PLANTATION  FL 33322
484228AG0300,FLORESDEBRA,1905 BERMUDA CIR #F3 COCONUT CREEK  FL 33066
4.94023E+11,FLORESDENISSE,3350 NW 125 LN SUNRISE  FL 33323
4.94232E+11,FLORESDOROTHY ,2815 NW 10 CT UNINCORPORATED  FL 33311
484215DA0080,FLORESEDDIE,4570 NW 18 AVE #108 DEERFIELD BEACH  FL 33064
4.84208E+11,FLORESEDUARDO H/E,3749 PEBBLEBROOK CT COCONUT CREEK  FL 33073
4.94101E+11,FLORESEDWIN,740 HOLLY ST NORTH LAUDERDALE  FL 33068
494123HJ1940,FLORESELIO IVAN,5530 NW 44 ST #202C LAUDERHILL  FL 33319
494124JH0440,FLORESENID C EST,3161 NW 47 TER #209 LAUDERDALE LAKES  FL 33319
484219CD0140,FLORESERICK E,3339 NW 47 AVE #3246 COCONUT CREEK  FL 33063
4.94226E+11,FLORESERNIE J & RENEE,2217 NE 18 AVE WILTON MANORS  FL 33305
4.94109E+11,FLORESEVELYN CARMEN,5716 NW 81 TER TAMARAC  FL 33321
4.94105E+11,FLORESFABIO CIRUTA,8260 NW 98 AVE TAMARAC  FL 33321
494106HA0120,FLORESFABIO CIRUTA,7264 S DEVON DR #112 TAMARAC  FL 33321
4.84127E+11,FLORESFATIMA YARELI & KELEK,1251 NW 85 TER CORAL SPRINGS  FL 33071
484224AA0110,FLORESFERNANDO M H/E,1050 E SAMPLE RD #111 POMPANO BEACH  FL 33064
494101AJ0060,FLORESFRANCIA DOMENICA ESPINOZA,617 S STATE ROAD 7 #2A MARGATE  FL 33068
494101AG0220,FLORESFRANCIA ESPINOZA,613 S STATE ROAD 7 #3F MARGATE  FL 33068
4.84135E+11,FLORESFRANCISCO,7870 NW 1 CT MARGATE  FL 33063
4.94105E+11,FLORESGERMAN E,8245 NW 95 AVE TAMARAC  FL 33321
494121CF0290,FLORESGINO,4088 N PINE ISLAND RD #408 SUNRISE  FL 33351
494116AA0050,FLORESGLADIS E,4939 NW 82 AVE #201 LAUDERHILL  FL 33351
4.84129E+11,FLORESGLENDA,11459 NW 18 MNR CORAL SPRINGS  FL 33071
4.84203E+11,FLORESGUSTAVO,3210 SW 4 ST DEERFIELD BEACH  FL 33442
4.94223E+11,FLORESHARRY A & THERESA M,1523 NE 37 ST OAKLAND PARK  FL 33334
494212AF4530,FLORESHAZEL & ARMANDO,2270 NE 68 ST #1929 FORT LAUDERDALE  FL 33308
4.94101E+11,FLORESHECTOR,540 SW 63 TER MARGATE  FL 33068
4.94103E+11,FLORESHECTOR,8200 SW 6 ST NORTH LAUDERDALE  FL 33068
4.94232E+11,FLORESHELEN,2746 NW 13 CT UNINCORPORATED  FL 33311
484220GJ0180,FLORESHELEN CRISTINA,4529 CARAMBOLA CIR S #27270 COCONUT CREEK  FL 33066
4.94232E+11,FLORESHENRY JR & MICHELLE,1711 NW 26 TER FORT LAUDERDALE  FL 33311
494227AJ0120,FLORESHERACLIDES,620 TENNIS CLUB DR #112 FORT LAUDERDALE  FL 33311
4.84306E+11,FLORESHUGO &,214 SE 5 AVE DEERFIELD BEACH  FL 33441
484219CJ0200,FLORESHUMBERTO & CARLA,3956 COCOPLUM CIR #3652 COCONUT CREEK  FL 33063
4.84306E+11,FLORESIAN C,519 SE 8 AVE DEERFIELD BEACH  FL 33441
494129HK0150,FLORESIRAIS,9141 SUNRISE LAKES BLVD #115 SUNRISE  FL 33322
494125AL0150,FLORESIRAIS MARGARITA,4881 NW 22 ST #16A LAUDERHILL  FL 33313
4.74135E+11,FLORESIRASEMA,7915 IRONWOOD WAY PARKLAND  FL 33067
4.94227E+11,FLORESISRAEL,508 NE 28 ST WILTON MANORS  FL 33334
484115CB0180,FLORESIVONNE DE LAS MERCEDES,4270 NW 89 AVE #104 CORAL SPRINGS  FL 33065
4.94115E+11,FLORESJ BUENAVENTURA & VIVIAN M,6505 NW 51 ST LAUDERHILL  FL 33319
4.94106E+11,FLORESJAIRO M,10920 PERIWINKLE LN TAMARAC  FL 33321
4.94103E+11,FLORESJAMES,8011 NW 74 TER TAMARAC  FL 33321
4.84117E+11,FLORESJANITZA &,11221 NW 36 ST CORAL SPRINGS  FL 33065
4.94127E+11,FLORESJASON P,8001 S ARAGON BLVD #1 SUNRISE  FL 33322
4.94105E+11,FLORESJAVIER,9411 NW 74 PL TAMARAC  FL 33321
4.94207E+11,FLORESJENNIFER,3311 NW 66 ST FORT LAUDERDALE  FL 33309
4.94113E+11,FLORESJESUS,4612 NW 47 CT TAMARAC  FL 33319
494226BD0030,FLORESJOHN PAUL,2918 NE 8 TER #103 OAKLAND PARK  FL 33334
4.94206E+11,FLORESJONATHAN ANTONIO H/E,1029 SW 49 TER MARGATE  FL 33068
4.84109E+11,FLORESJORDAN A H/E,10070 NW 56 ST CORAL SPRINGS  FL 33076
484121AC0170,FLORESJORGE & PATRICIA,3111 CORAL SPRINGS DR #117 CORAL SPRINGS  FL 33065
4.84135E+11,FLORESJOSE,7970 NW 8 ST MARGATE  FL 33063
4.94105E+11,FLORESJOSE,10008 NW 83 ST TAMARAC  FL 33321
4.94131E+11,FLORESJOSE & TERESA ,1710 NW 107 WAY PLANTATION  FL 33322
4.74231E+11,FLORESJOSE G,7143 PINECREEK LN COCONUT CREEK  FL 33073
4.94024E+11,FLORESJOSE G & SANDRA,11331 NW 32 MNR SUNRISE  FL 33323
4.94234E+11,FLORESJOSE S,1504 N ANDREWS AVE FORT LAUDERDALE  FL 33304
494108BA0180,FLORESJOSEPH,9351 LIME BAY BLVD #204 TAMARAC  FL 33321
4.94225E+11,FLORESJUAN,2025 NE 21 CT WILTON MANORS  FL 33305
4.84223E+11,FLORESJUAN DE J & LEONIDES ,211 LEISURE BLVD POMPANO BEACH  FL 33064
4.94132E+11,FLORESKARLA,9060 NW 13 ST PLANTATION  FL 33322
4.84206E+11,FLORESKELVIN & LISA,5034 MALLARDS CT COCONUT CREEK  FL 33073
4.8423E+11,FLORESKIM,1800 TAMARIND LN COCONUT CREEK  FL 33063
4.74129E+11,FLORESKRISTEN RENEE & MATTHEW P,10790 CORAL ST PARKLAND  FL 33076
4.94024E+11,FLORESLESLIE,11501 NW 30 PL SUNRISE  FL 33323
4.84229E+11,FLORESLESLYE,3620 NW 20 ST COCONUT CREEK  FL 33066
4.84124E+11,FLORESLILIA M H/E,3382 BONITO LN MARGATE  FL 33063
4.9413E+11,FLORESLILLIAN,10790 NW 21 CT SUNRISE  FL 33322
4.94122E+11,FLORESLILLIAN E,3008 LA MIRAGE DR LAUDERHILL  FL 33319
4.84205E+11,FLORESLORAYNNE CRISTINA,6948 BROADLAND WAY COCONUT CREEK  FL 33073
484135AH0120,FLORESLUIS,7205 W ATLANTIC BLVD #204 MARGATE  FL 33063
4.84201E+11,FLORESLUIS A,528 SW NATURA AVE DEERFIELD BEACH  FL 33441
4.84236E+11,FLORESLUIS ALEJANDRO,821 NW 3 WAY POMPANO BEACH  FL 33060
4.84112E+11,FLORESLUIS J H/E,4691 NW 66 DR CORAL SPRINGS  FL 33067
4.84126E+11,FLORESLUIS L,7338 FLORES WAY MARGATE  FL 33063
4.84125E+11,FLORESLUZ OFELIA,6123 NW 19 CT MARGATE  FL 33063
4.84127E+11,FLORESMABEL H,1172 NW 86 LN CORAL SPRINGS  FL 33071
4.84318E+11,FLORESMAGALY,1820 NE 39 ST POMPANO BEACH  FL 33064
4.94127E+11,FLORESMANDY AMAURY,6641 NW 29 CT SUNRISE  FL 33313
4.84127E+11,FLORESMANUEL FREDDY,8899 NW 21 CT CORAL SPRINGS  FL 33071
474131AB0590,FLORESMARCO,8202 NW 128 LN #40E PARKLAND  FL 33076
4.94109E+11,FLORESMARIA D,5807 NW 81 AVE TAMARAC  FL 33321
494205GB0320,FLORESMARIA DEL ROSARIO,4030 W PALM AIRE DR #408 POMPANO BEACH  FL 33069
494130MK0070,FLORESMARIA E,2560 NW 103 AVE #107 SUNRISE  FL 33322
494123HH6930,FLORESMARIA ENCARNACION,3760 INVERRARY DR #1S LAUDERHILL  FL 33319
4.7413E+11,FLORESMARIALEJANDRA,12095 LAKE TRAIL LN PARKLAND  FL 33076
4.94102E+11,FLORESMARISOL,7859 SW 3 CT NORTH LAUDERDALE  FL 33068
4.94024E+11,FLORESMARYANN ,11420 NW 29 MNR SUNRISE  FL 33323
4.94129E+11,FLORESMICHELLE,8990 NW 24 CT SUNRISE  FL 33322
4.94215E+11,FLORESMICHELLE J H/E,480 NW 45 CT OAKLAND PARK  FL 33309
494129CC0150,FLORESMIGUEL A & PATRICIA E ,8951 SUNRISE LAKES BLVD #203 SUNRISE  FL 33322
4.94206E+11,FLORESMIGUEL E,5500 MONTE CARLO LN MARGATE  FL 33068
4.94234E+11,FLORESMIGUEL E,1408 NW 6 AVE FORT LAUDERDALE  FL 33311
484207AB1900,FLORESMOISES & IRMA YAMILI,4824 N STATE ROAD 7 #9305 COCONUT CREEK  FL 33073
4.94133E+11,FLORESMOISES H/E,1081 NW 77 AVE PLANTATION  FL 33322
484202GH0650,FLORESMONICA,490 GRANTHAM F DEERFIELD BEACH  FL 33442
4.74128E+11,FLORESMONICA & OSCAR ALEJANDRO,8661 MIRALAGO WAY PARKLAND  FL 33076
4.84231E+11,FLORESNAHIMIS,4935 S HEMINGWAY CIR MARGATE  FL 33063
484209AD0830,FLORESNANCY,803 FREEDOM CT DEERFIELD BEACH  FL 33442
494130A70240,FLORESNATALIA,10111 NW 24 PL #306 SUNRISE  FL 33322
4.94215E+11,FLORESNELSON O,231 NW 53 CT OAKLAND PARK  FL 33309
4.84115E+11,FLORESNERY A,8340 NW 38 CT CORAL SPRINGS  FL 33065
4.94219E+11,FLORESOCEAN,3168 NW 33 ST OAKLAND PARK  FL 33309
494106GJ0390,FLORESOFELIA S,7576 FAIRFAX DR #311 TAMARAC  FL 33321
4.94227E+11,FLORESORLANDO AARON H/E,113 ALMAR DR WILTON MANORS  FL 33334
4.94131E+11,FLORESOSCAR A & NATALIA M,10681 NW 16 CT PLANTATION  FL 33322
4.74236E+11,FLORESOSCAR FELIPE TORRES,621 NW 1 TER DEERFIELD BEACH  FL 33441
4.94112E+11,FLORESOSCAR HERNAN,6442 SW 18 CT NORTH LAUDERDALE  FL 33068
4.94121E+11,FLORESPATRICIA,4031 NW 84 TER SUNRISE  FL 33351
4.94102E+11,FLORESPEDRO,702 SW 74 AVE NORTH LAUDERDALE  FL 33068
4.94221E+11,FLORESPEDRO L,1110 NW 41 ST OAKLAND PARK  FL 33309
4.84206E+11,FLORESRAFAEL,5854 EAGLE CAY LN COCONUT CREEK  FL 33073
4.8413E+11,FLORESRAFAEL H/E,12240 EAGLE TRACE BLVD N CORAL SPRINGS  FL 33071
4.94217E+11,FLORESRALPH J,2605 PRIMROSE PL OAKLAND PARK  FL 33309
4.84213E+11,FLORESRAPHAEL LUIS,4351 NE 15 TER POMPANO BEACH  FL 33064
4.94101E+11,FLORESRAUL ANTONIO,612 SW 61 TER MARGATE  FL 33068
494220CH1890,FLORESRAUL ERNESTO  H/E,2861 N OAKLAND FOREST DR #304 OAKLAND PARK  FL 33309
494129JB0170,FLORESREIMER YANEY,9380 SUNRISE LAKES BLVD #205 SUNRISE  FL 33322
4.84125E+11,FLORESRITA J,6134 ROYAL PALM BLVD MARGATE  FL 33063
494129BH0290,FLORESROCIO,8881 SUNRISE LAKES BLVD #305 SUNRISE  FL 33322
484229KA0200,FLORESRONALD,3501 BIMINI LN #F2 COCONUT CREEK  FL 33066
494128DJ0030,FLORESRONALD,8285 SUNRISE LAKES BLVD #103 SUNRISE  FL 33322
4.94024E+11,FLORESRUDOLPH DECLET,11650 NW 41 ST SUNRISE  FL 33323
4.94119E+11,FLORESRUFINO,10622 NW 32 CT SUNRISE  FL 33351
4.94103E+11,FLORESSANTIAGO H/E,1404 SW 82 TER NORTH LAUDERDALE  FL 33068
4.94215E+11,FLORESSERGIO,448 NW 46 CT OAKLAND PARK  FL 33309
494116AG0370,FLORESSERGIO E &,4715 NW 82 AVE #1405 LAUDERHILL  FL 33351
4.84212E+11,FLORESSTACEY,1510 SW 3 TER DEERFIELD BEACH  FL 33441
4.94127E+11,FLORESSTALIN A,8060 NW 20 CT SUNRISE  FL 33322
494121AK0040,FLORESSTEPHANIE L H/E,4040 N PINE ISLAND RD #1D SUNRISE  FL 33351
484219CG0040,FLORESTARCILE,3247 NW 47 AVE #3204 COCONUT CREEK  FL 33063
494134CC0250,FLORESTERESA,1732 NW 72 AVE #88 PLANTATION  FL 33313
4.84136E+11,FLORESTOMAS & MARIA-DOLORES,6351 SOUTHGATE BLVD MARGATE  FL 33068
4.94206E+11,FLORESVALENTIN,5395 SW 8 ST MARGATE  FL 33317
4.94128E+11,FLORESVENTURA,8353 NW 26 PL SUNRISE  FL 33322
4.84215E+11,FLORESVICTOR H & FEBE L,4761 NW 13 AVE DEERFIELD BEACH  FL 33064
4.9421E+11,FLORESWILBER A,221 NE 59 CT OAKLAND PARK  FL 33334
4.84226E+11,FLORESYOLANDA,2210 NE 2 AVE POMPANO BEACH  FL 33060
4.94211E+11,FLORESZOILA E,5723 NE 17 TER FORT LAUDERDALE  FL 33334
4.94124E+11,FLORESENCE LLC,4781 NW 41 PL LAUDERDALE LAKES  FL 33319
4.94229E+11,FLORESTALGETTA,2411 NW 28 AVE FORT LAUDERDALE  FL 33311
494134BA1280,FLORESTALGREGORY,7521 NW 16 ST #4311 PLANTATION  FL 33313
4.84109E+11,FLORESTALJEAN GARRY,5768 NW 101 WAY CORAL SPRINGS  FL 33076
4.84129E+11,FLORESTALJEAN-MARIE ,11208 NW 10 PL CORAL SPRINGS  FL 33071
4.84131E+11,FLORESTALKENCIA,173 NW 118 DR CORAL SPRINGS  FL 33071
4.94108E+11,FLORESTALRICARDO,9604 NW 67 CT TAMARAC  FL 33321
4.94219E+11,FLORESTALVOICIUS H/E,3571 NW 41 ST LAUDERDALE LAKES  FL 33309
4.74135E+11,FLORESTANTMARIE LUCIE,7640 N BLUE SPRING DR PARKLAND  FL 33067
4.94101E+11,FLOREUSRUTH ALTIDOR,6805 MERION PL NORTH LAUDERDALE  FL 33068
4.94124E+11,FLOREXILEMAGDALA H/E,4503 NW 36 ST LAUDERDALE LAKES  FL 33319
4.94229E+11,FLOREXILEROSE MARIE,2070 NW 27 LN FORT LAUDERDALE  FL 33311
484135A90290,FLOREZ ACEVEDOCARLOS MARIO H/E,1055 COUNTRY CLUB DR #402 MARGATE  FL 33063
4.9411E+11,FLOREZ ALDANADIANA C,6705 NW 61 ST TAMARAC  FL 33321
4.84125E+11,FLOREZ CASTILLOJEAN,2294 NW 63 AVE MARGATE  FL 33063
494101AC0450,FLOREZ DE BRAVOMARIA P,605 S STATE ROAD 7 #1G MARGATE  FL 33068
4.94217E+11,FLOREZ GOMEZJUAN JOSE,5405 NW 27 WAY TAMARAC  FL 33309
494123GH0700,FLOREZ GONZALEZLUZ ANGELA,4164 INVERRARY DR #513 LAUDERHILL  FL 33319
4.94103E+11,FLOREZ GUTIERREZYIRLETH H/E,7819 NW 69 TER TAMARAC  FL 33321
4.84107E+11,FLOREZ RUBIOSORAYA PAOLA,11918 NW 56 ST CORAL SPRINGS  FL 33076
4.84236E+11,FLOREZ TRIANAJUAN SEBASTIAN,227 NE 18 AVE #1-2 POMPANO BEACH  FL 33060
484122CD0440,FLOREZ-AGUIRRELUCINA,2820 RIVERSIDE DR #104-2 CORAL SPRINGS  FL 33065
484119AG0230,FLOREZ-MOWINGRID ALEXANDRA,12173 ROYAL PALM BLVD #7C CORAL SPRINGS  FL 33065
4.94103E+11,FLOREZALEXANDER,7907 NW 73 TER TAMARAC  FL 33321
4.94103E+11,FLOREZALEXANDER,8002 NW 74 TER TAMARAC  FL 33321
4.9412E+11,FLOREZAMPARO,3837 NW 95 AVE SUNRISE  FL 33351
4.94103E+11,FLOREZANDERSON,7805 NW 73 AVE TAMARAC  FL 33321
494123AC0200,FLOREZANGELAMARIA,3416 SPRING BLUFF PL #41 LAUDERHILL  FL 33319
4.94035E+11,FLOREZCAROLINA,12603 NW 14 ST SUNRISE  FL 33323
494109AM1280,FLOREZCESAR,8340 SANDS POINT BLVD #108P TAMARAC  FL 33321
494133CA1430,FLOREZCHRISTINA M,1672 NW 81 WAY PLANTATION  FL 33322
4.94103E+11,FLOREZDORA H H/E,6802 NW 76 ST TAMARAC  FL 33321
494102BJ0120,FLOREZDORIS ADRIANA,8020 HAMPTON BLVD #206 NORTH LAUDERDALE  FL 33068
4.84125E+11,FLOREZELKIN DE JESUS N,1816 NW 66 TER MARGATE  FL 33063
494123BM1810,FLOREZGUILLERMO,5860 NW 44 ST #514 LAUDERHILL  FL 33319
494108BH0230,FLOREZHERNANDO CARVAJAL H/E,9920 NW 68 PL #207 TAMARAC  FL 33321
4.84108E+11,FLOREZHUMBERTO &,5013 NW 112 WAY CORAL SPRINGS  FL 33076
484229AG0760,FLOREZJAIRO & LUZ MERY,2606 NASSAU BND #H1 COCONUT CREEK  FL 33066
4.9413E+11,FLOREZJENNIFER K,11088 NW 23 CT SUNRISE  FL 33322
4.94127E+11,FLOREZJHONATHAN E,7801 S ARAGON BLVD #3 SUNRISE  FL 33322
4.84317E+11,FLOREZJOSE R & JERI JO,2221 NE 45 ST LIGHTHOUSE POINT  FL 33064
4.94111E+11,FLOREZJUAN C & ANA LILIANA,1927 PLAYERS PL NORTH LAUDERDALE  FL 33068
4.94035E+11,FLOREZLILIANA PATRICIA,12648 NW 12 CT SUNRISE  FL 33323
494230BB0840,FLOREZLINDA ALPHONSE,2860 SOMERSET DR #111K LAUDERDALE LAKES  FL 33311
494230BB1430,FLOREZLINDA ALPHONSE,2860 SOMERSET DR #417K LAUDERDALE LAKES  FL 33311
4.84208E+11,FLOREZLUZ M,4521 LITTLE PALM LN COCONUT CREEK  FL 33073
484133AA0190,FLOREZMARIA A,9578 SW 1 CT #9-S CORAL SPRINGS  FL 33071
484318AE0660,FLOREZMARIA A ,2050 NE 39 ST #106W LIGHTHOUSE POINT  FL 33064
494120CE2540,FLOREZMARIA CAROLINA M,9947 NOB HILL CT SUNRISE  FL 33351
494106AJ0160,FLOREZMARIA LUISA,7749 ASHMONT CIR #208 TAMARAC  FL 33321
494121BC0100,FLOREZMARIO,3100 N PINE ISLAND RD #110 SUNRISE  FL 33351
4.84114E+11,FLOREZMARIO A,3620 CYPRESS FERN WAY CORAL SPRINGS  FL 33065
484135BB0150,FLOREZMARIO A,7205 NW 4 PL #207 MARGATE  FL 33063
4.94112E+11,FLOREZNAJLA,6632 SW 18 CT NORTH LAUDERDALE  FL 33068
4.84219E+11,FLOREZNUBIA ,2560 CALAMONDIN CIR COCONUT CREEK  FL 33063
4.8412E+11,FLOREZPAULA,11310 NW 25 ST CORAL SPRINGS  FL 33065
4.84128E+11,FLOREZPEDRO,10296 RAMBLEWOOD DR CORAL SPRINGS  FL 33071
494101AC0050,FLOREZRICARDO A,601 S STATE ROAD 7 #1E MARGATE  FL 33068
494101AC0070,FLOREZRICARDO A,601 S STATE ROAD 7 #1G MARGATE  FL 33068
494101AC1000,FLOREZRICARDO A,609 S STATE ROAD 7 #2J MARGATE  FL 33068
494136AG0200,FLOREZRICARDO A,4451 NW 16 ST #209K LAUDERHILL  FL 33313
4.94127E+11,FLOREZROBERTO C,6599 NW 20 CT SUNRISE  FL 33313
484202BM0100,FLOREZROSARIO M VARGAS DE,34 FARNHAM B DEERFIELD BEACH  FL 33442
4.84108E+11,FLOREZSALLEY PATRICIA &,10665 NW 48 ST CORAL SPRINGS  FL 33076
4.84125E+11,FLOREZSTELLA ,1685 NW 69 AVE MARGATE  FL 33063
494123HH4720,FLORI HOMES LAND TR,3750 INVERRARY DR #1W LAUDERHILL  FL 33319
494230BG0130,FLORIALFLORILIEN EQLE,2541 NW 39 TER #102 LAUDERDALE LAKES  FL 33311
4.94106E+11,FLORIANADRIANA H/E,7818 CATALINA CIR TAMARAC  FL 33321
4.84208E+11,FLORIANANDRAS,3773 NW 59 ST COCONUT CREEK  FL 33073
4.94234E+11,FLORIANANDREW,1226 NW 2 AVE FORT LAUDERDALE  FL 33311
494130GB0240,FLORIANBLANCA & CARLOS H/E,10402 SUNRISE LAKES BLVD #212 SUNRISE  FL 33322
494108BD0880,FLORIANEILEEN,8826 W MCNAB RD #203 TAMARAC  FL 33321
4.9411E+11,FLORIANJENNIFER MERCEDES,8448 S CORAL CIR NORTH LAUDERDALE  FL 33068
484220AL0130,FLORIANMARIBEL EVELYN E H/E,3951 CARAMBOLA CIR N #2913 COCONUT CREEK  FL 33066
4.94102E+11,FLORIANRICARDO,313 SW 76 TER NORTH LAUDERDALE  FL 33068
494203BD0800,FLORIANOEURIMAR,2213 CYPRESS ISLAND DR #108 POMPANO BEACH  FL 33069
4.8421E+11,FLORIANOMAURICI & RUDELIR M,5117 E LAKES DR DEERFIELD BEACH  FL 33064
484219AE0030,FLORIANOMAURICI & RUDELIR M,3543 MERRICK LN #103 MARGATE  FL 33063
4.84208E+11,FLORIANOMAURICI & RUDELIR MOTA,4171 NW 58 ST COCONUT CREEK  FL 33073
4.94223E+11,FLORIBBEAN PROPERTIES LLC,1558 NE 34 CT OAKLAND PARK  FL 33334
4.8423E+11,FLORIBBEAN WHOLESALE INC,NW 17 ST MARGATE  FL 33063
4.8423E+11,FLORIBBEAN WHOLESALE INC,5151 NW 17 ST MARGATE  FL 33063
494203BD0710,FLORIBEC U S A INC,2215 CYPRESS ISLAND DR #907 POMPANO BEACH  FL 33069
484117BC0130,FLORIDA 151 LAND TR,11477 NW 39 CT #206-1 CORAL SPRINGS  FL 33065
494202BA0100,FLORIDA 151 LAND TR,214 SW 1 ST #I-2 POMPANO BEACH  FL 33060
484214AD1450,FLORIDA 954 LLC,4344 NW 9 AVE #9-2F DEERFIELD BEACH  FL 33064
484214AD2570,FLORIDA 954 LLC,4374 NW 9 AVE #16-3B DEERFIELD BEACH  FL 33064
484231AD0510,FLORIDA 954 LLC,416 LAKESIDE DR #128 MARGATE  FL 33063
484231AD0900,FLORIDA 954 LLC,426 LAKESIDE DR #247 MARGATE  FL 33063
494120AM1230,FLORIDA 954 LLC,3584 NW 95 TER #3P SUNRISE  FL 33351
4.94215E+11,FLORIDA ACTUARIAL LLC,121 E COMMERCIAL BLVD OAKLAND PARK  FL 33334
4.94136E+11,FLORIDA ADDICTION &,1041 NW 47 AVE PLANTATION  FL 33313
4.94136E+11,FLORIDA ADDICTION & RECOVERY,1061 NW 47 AVE PLANTATION  FL 33313
494126DK0540,FLORIDA AFFORDABLE,2541 NW 56 AVE #2-19 LAUDERHILL  FL 33313
484119AA0240,FLORIDA AFFORDABLE RENTALS LLC,3246 CORAL RIDGE DR #3246 CORAL SPRINGS  FL 33065
494126AB2565,FLORIDA AFFORDABLE RENTALS LLC,2041 NW 56 AVE #35-A LAUDERHILL  FL 33313
494135HG0040,FLORIDA AFFORDABLE RENTALS LLC,1516 NW 56 AVE #5 LAUDERHILL  FL 33313
494135JD0080,FLORIDA AFFORDABLE RENTALS LLC,5861 NW 16 PL #108 SUNRISE  FL 33313
4.84224E+11,FLORIDA BLUE ISLAND,930 NE 24 ST POMPANO BEACH  FL 33064
484134AE0500,FLORIDA BRASIL INC,7200 SOUTHGATE BLVD #7200 TAMARAC  FL 33321
4.94111E+11,FLORIDA BRASIL INC,5827 NW 57 AVE TAMARAC  FL 33319
494206CH0090,FLORIDA BRASIL INC,719 GARDENS DR #203 POMPANO BEACH  FL 33069
4.94228E+11,FLORIDA CELLULAR SERV INC,1841 NW 22 ST FORT LAUDERDALE  FL 33311
4.84108E+11,FLORIDA CHARTER SCHOOL,11421 NW 56 DR CORAL SPRINGS  FL 33076
4.94034E+11,FLORIDA CIRCUIT HOLDINGS LLC,1669 NW 144 TER #211 SUNRISE  FL 33323
4.94123E+11,FLORIDA COAST MIDLANTIC TR &,INVERRARY DR LAUDERHILL  FL 33319
4.84331E+11,FLORIDA COAST MIDLANTIC TR CO,750 N OCEAN BLVD POMPANO BEACH  FL 33062
4.84118E+11,FLORIDA COMMERCIAL ESTATES LLC,12341 NW 35 ST CORAL SPRINGS  FL 33065
4.84231E+11,FLORIDA COMMUNITY BANK,5375 W ATLANTIC BLVD MARGATE  FL 33063
4.84214E+11,FLORIDA COMPLEX 14 LAND TR,4066 EASTRIDGE CIR DEERFIELD BEACH  FL 33064
4.84307E+11,FLORIDA COMPLEX 6 LAND TR,5218 NE 14 AVE POMPANO BEACH  FL 33064
4.94231E+11,FLORIDA CONCORDE INC,1600 NW 34 TER LAUDERHILL  FL 33311
494121BH0200,FLORIDA CONDO LLC,3710 N PINE ISLAND RD #221 SUNRISE  FL 33351
494121BH0220,FLORIDA CONDO LLC,3710 N PINE ISLAND RD #223 SUNRISE  FL 33351
494121BH0280,FLORIDA CONDO LLC,3710 N PINE ISLAND RD #317 SUNRISE  FL 33351
494121BJ0020,FLORIDA CONDO LLC,3720 N PINE ISLAND RD #127 SUNRISE  FL 33351
494121BJ0070,FLORIDA CONDO LLC,3720 N PINE ISLAND RD #132 SUNRISE  FL 33351
494121BJ0080,FLORIDA CONDO LLC,3720 N PINE ISLAND RD #133 SUNRISE  FL 33351
494121BJ0310,FLORIDA CONDO LLC,3720 N PINE ISLAND RD #332 SUNRISE  FL 33351
494121BJ0320,FLORIDA CONDO LLC,3720 N PINE ISLAND RD #333 SUNRISE  FL 33351
494121BJ0430,FLORIDA CONDO LLC,3720 N PINE ISLAND RD #432 SUNRISE  FL 33351
494121CA0150,FLORIDA CONDO LLC,3730 N PINE ISLAND RD #240 SUNRISE  FL 33351
494121CA0230,FLORIDA CONDO LLC,3730 N PINE ISLAND RD #248 SUNRISE  FL 33351
484207AA2150,FLORIDA CONDOMINIUM LLC,5590 NW 61 ST #827 COCONUT CREEK  FL 33073
4.94219E+11,FLORIDA CONFERENCE ASSN,3245 W OAKLAND PARK BLVD LAUDERDALE LAKES  FL 33309
4.84117E+11,FLORIDA CONFERENCE ASSN OF,11401 W SAMPLE RD CORAL SPRINGS  FL 33065
4.84223E+11,FLORIDA CONFERENCE ASSN OF,3401 NE 3 AVE POMPANO BEACH  FL 33064
4.84307E+11,FLORIDA CONFERENCE ASSN OF,1250 SE 6 AVE DEERFIELD BEACH  FL 33441
4.94103E+11,FLORIDA CONFERENCE ASSN OF,7550 N UNIVERSITY DR TAMARAC  FL 33321
4.94103E+11,FLORIDA CONFERENCE ASSN OF,NW 75 AVE TAMARAC  FL 33321
4.94103E+11,FLORIDA CONFERENCE ASSN OF,N UNIVERSITY DR TAMARAC  FL 33321
4.94127E+11,FLORIDA CONFERENCE ASSN OF,6800 W OAKLAND PARK BLVD SUNRISE  FL 33313
4.94136E+11,FLORIDA CONFERENCE ASSN OF,1175 NW 40 AVE LAUDERHILL  FL 33313
4.94136E+11,FLORIDA CONFERENCE ASSN OF,1179 NW 40 AVE LAUDERHILL  FL 33313
4.94136E+11,FLORIDA CONFERENCE ASSN OF,1178 NW 41 TER LAUDERHILL  FL 33313
4.94136E+11,FLORIDA CONFERENCE ASSN OF,4100 NW 11 CT LAUDERHILL  FL 33313
4.94136E+11,FLORIDA CONFERENCE ASSN OF,1173 NW 40 AVE LAUDERHILL  FL 33313
494206CJ0010,FLORIDA CONFERENCE ASSN OF,1100 S STATE ROAD 7 #100 MARGATE  FL 33063
4.94221E+11,FLORIDA CONFERENCE ASSN OF,3980 NW 21 AVE OAKLAND PARK  FL 33309
4.94235E+11,FLORIDA CONFERENCE ASSN OF,1820 NE 17 WAY FORT LAUDERDALE  FL 33305
494213AK2460,FLORIDA CONNECTS INC,5300 NE 24 TER #517C FORT LAUDERDALE  FL 33308
4.84329E+11,FLORIDA CONSTRUCTION &,3207 ROBBINS RD POMPANO BEACH  FL 33062
484122CM0310,FLORIDA CONSULTATION GROUP INC,2501 RIVERSIDE DR #215-A CORAL SPRINGS  FL 33065
484122DG0070,FLORIDA CONSULTATION GROUP INC,2771 RIVERSIDE DR #108-A CORAL SPRINGS  FL 33065
484122DG1580,FLORIDA CONSULTATION GROUP INC,2701 RIVERSIDE DR #506-B CORAL SPRINGS  FL 33065
484122DG0610,FLORIDA CONSULTATION GRP INC,2771 RIVERSIDE DR #411-A CORAL SPRINGS  FL 33065
4.84209E+11,FLORIDA DEPT OF TRANSPORATION,POWERLINE RD DEERFIELD BEACH  FL 33442
4.8421E+11,FLORIDA DEPT OF TRANSPORATION,SW 10 ST DEERFIELD BEACH  FL 33442
4.94034E+11,FLORIDA DEPT OF TRANSPORATION,SAWGRASS CORPORATE PKWY SUNRISE  FL 33323
4.94218E+11,FLORIDA DEPT OF TRANSPORTAION,W COMMERCIAL BLVD TAMARAC  FL 33309
4.73725E+11,FLORIDA DEPT OF TRANSPORTATION,EVERGLADES UNINCORPORATED  FL 33327
4.73828E+11,FLORIDA DEPT OF TRANSPORTATION,EVERGLADES UNINCORPORATED  FL 33327
4.74136E+11,FLORIDA DEPT OF TRANSPORTATION,STATE ROAD 7 COCONUT CREEK  FL 33073
4.74136E+11,FLORIDA DEPT OF TRANSPORTATION,N STATE ROAD 7 PARKLAND  FL 33067
4.74232E+11,FLORIDA DEPT OF TRANSPORTATION,W HILLSBORO BLVD COCONUT CREEK  FL 33073
4.74232E+11,FLORIDA DEPT OF TRANSPORTATION,HILLSBORO BLVD COCONUT CREEK  FL 33073
4.74232E+11,FLORIDA DEPT OF TRANSPORTATION,W HILLSBORO BLVD COCONUT CREEK  FL 33073
4.74233E+11,FLORIDA DEPT OF TRANSPORTATION,POWERLINE RD DEERFIELD BEACH  FL 33442
4.74233E+11,FLORIDA DEPT OF TRANSPORTATION,POWERLINE RD DEERFIELD BEACH  FL 33442
4.74233E+11,FLORIDA DEPT OF TRANSPORTATION,HILLSBORO BLVD DEERFIELD BEACH  FL 33064
4.74233E+11,FLORIDA DEPT OF TRANSPORTATION,N POWERLINE RD DEERFIELD BEACH  FL 33442
4.74233E+11,FLORIDA DEPT OF TRANSPORTATION,NW 45 AVE DEERFIELD BEACH  FL 33442
4.74235E+11,FLORIDA DEPT OF TRANSPORTATION,NW 3 ST DEERFIELD BEACH  FL 33442
4.74236E+11,FLORIDA DEPT OF TRANSPORTATION,NW 6 ST DEERFIELD BEACH  FL 33442
4.74236E+11,FLORIDA DEPT OF TRANSPORTATION,I95 DEERFIELD BEACH  FL 33441
4.74236E+11,FLORIDA DEPT OF TRANSPORTATION,I95 DEERFIELD BEACH  FL 33441
4.74236E+11,FLORIDA DEPT OF TRANSPORTATION,I95 DEERFIELD BEACH  FL 33441
4.74236E+11,FLORIDA DEPT OF TRANSPORTATION,W HILLSBORO BLVD DEERFIELD BEACH  FL 33442
4.74331E+11,FLORIDA DEPT OF TRANSPORTATION,HILLSBORO BLVD DEERFIELD BEACH  FL 33441
4.74331E+11,FLORIDA DEPT OF TRANSPORTATION,HILLSBORO BLVD DEERFIELD BEACH  FL 33441
4.74331E+11,FLORIDA DEPT OF TRANSPORTATION,HILLSBORO BLVD DEERFIELD BEACH  FL 33441
4.74331E+11,FLORIDA DEPT OF TRANSPORTATION,E HILLSBORO BLVD DEERFIELD BEACH  FL 33441
4.74331E+11,FLORIDA DEPT OF TRANSPORTATION,E HILLSBORO BLVD DEERFIELD BEACH  FL 33441
4.74331E+11,FLORIDA DEPT OF TRANSPORTATION,E HILLSBORO BLVD DEERFIELD BEACH  FL 33441
4.74331E+11,FLORIDA DEPT OF TRANSPORTATION,E HILLSBORO BLVD DEERFIELD BEACH  FL 33441
4.74331E+11,FLORIDA DEPT OF TRANSPORTATION,HILLSBORO BLVD DEERFIELD BEACH  FL 33441
4.74331E+11,FLORIDA DEPT OF TRANSPORTATION,E HILLSBORO BLVD DEERFIELD BEACH  FL 33441
4.84101E+11,FLORIDA DEPT OF TRANSPORTATION,STATE ROAD 7 COCONUT CREEK  FL 33073
4.84102E+11,FLORIDA DEPT OF TRANSPORTATION,NW 79 WAY PARKLAND  FL 33067
4.84102E+11,FLORIDA DEPT OF TRANSPORTATION,NW 80 TER PARKLAND  FL 33067
4.84102E+11,FLORIDA DEPT OF TRANSPORTATION,NW 80 TER PARKLAND  FL 33067
4.84102E+11,FLORIDA DEPT OF TRANSPORTATION,SAWGRASS EXPY PARKLAND  FL 33067
4.84103E+11,FLORIDA DEPT OF TRANSPORTATION,SAWGRASS PARKLAND  FL 33067
4.84103E+11,FLORIDA DEPT OF TRANSPORTATION,RIVERSIDE DR PARKLAND  FL 33067
4.84103E+11,FLORIDA DEPT OF TRANSPORTATION,NW 62 DR PARKLAND  FL 33067
4.84104E+11,FLORIDA DEPT OF TRANSPORTATION,SAWGRASS EXPY PARKLAND  FL 33076
4.84104E+11,FLORIDA DEPT OF TRANSPORTATION,SAWGRASS EXPY PARKLAND  FL 33076
4.84104E+11,FLORIDA DEPT OF TRANSPORTATION,SAWGRASS PARKLAND  FL 33076
4.84104E+11,FLORIDA DEPT OF TRANSPORTATION,UNIVERSITY DR PARKLAND  FL 33076
4.84104E+11,FLORIDA DEPT OF TRANSPORTATION,ASTON GARDENS CT PARKLAND  FL 33076
4.84105E+11,FLORIDA DEPT OF TRANSPORTATION,PINE ISLAND RD PARKLAND  FL 33076
4.84105E+11,FLORIDA DEPT OF TRANSPORTATION,SAWGRASS EXPY CORAL SPRINGS  FL 33076
4.84105E+11,FLORIDA DEPT OF TRANSPORTATION,SAWGRASS EXPY CORAL SPRINGS  FL 33076
4.84105E+11,FLORIDA DEPT OF TRANSPORTATION,SAWGRASS EXPY CORAL SPRINGS  FL 33076
4.84106E+11,FLORIDA DEPT OF TRANSPORTATION,SAWGRASS EXPY CORAL SPRINGS  FL 33076
4.84106E+11,FLORIDA DEPT OF TRANSPORTATION,SAWGRASS EXPY CORAL SPRINGS  FL 33076
4.84106E+11,FLORIDA DEPT OF TRANSPORTATION,SAWGRASS CORAL SPRINGS  FL 33076
4.84107E+11,FLORIDA DEPT OF TRANSPORTATION,SAWGRASS CORAL SPRINGS  FL 33076
4.84107E+11,FLORIDA DEPT OF TRANSPORTATION,SAWGRASS EXPY CORAL SPRINGS  FL 33076
4.84107E+11,FLORIDA DEPT OF TRANSPORTATION,SAWGRASS EXPY CORAL SPRINGS  FL 33076
4.84107E+11,FLORIDA DEPT OF TRANSPORTATION,SAWGRASS EXPY CORAL SPRINGS  FL 33076
4.84107E+11,FLORIDA DEPT OF TRANSPORTATION,SAWGRASS EXPY CORAL SPRINGS  FL 33076
4.84108E+11,FLORIDA DEPT OF TRANSPORTATION,SAWGRASS CORAL SPRINGS  FL 33076
4.84108E+11,FLORIDA DEPT OF TRANSPORTATION,SAWGRASS CORAL SPRINGS  FL 33076
4.84108E+11,FLORIDA DEPT OF TRANSPORTATION,CORAL RIDGE DR CORAL SPRINGS  FL 33076
4.84108E+11,FLORIDA DEPT OF TRANSPORTATION,SAWGRASS CORAL SPRINGS  FL 33076
4.84109E+11,FLORIDA DEPT OF TRANSPORTATION,SAWGRASS CORAL SPRINGS  FL 33076
4.84109E+11,FLORIDA DEPT OF TRANSPORTATION,SAWGRASS CORAL SPRINGS  FL 33076
4.8411E+11,FLORIDA DEPT OF TRANSPORTATION,SAWGRASS CORAL SPRINGS  FL 33067
4.8411E+11,FLORIDA DEPT OF TRANSPORTATION,SAWGRASS CORAL SPRINGS  FL 33076
4.8411E+11,FLORIDA DEPT OF TRANSPORTATION,RIVERSIDE DR CORAL SPRINGS  FL 33067
4.8411E+11,FLORIDA DEPT OF TRANSPORTATION,UNIVERSITY DR CORAL SPRINGS  FL 33067
4.8411E+11,FLORIDA DEPT OF TRANSPORTATION,UNIVERSITY DR CORAL SPRINGS  FL 33067
4.84111E+11,FLORIDA DEPT OF TRANSPORTATION,SAWGRASS EXPY CORAL SPRINGS  FL 33067
4.84111E+11,FLORIDA DEPT OF TRANSPORTATION,SAWGRASS EXPY CORAL SPRINGS  FL 33067
4.84111E+11,FLORIDA DEPT OF TRANSPORTATION,SAWGRASS EXPY CORAL SPRINGS  FL 33067
4.84111E+11,FLORIDA DEPT OF TRANSPORTATION,NW 79 WAY PARKLAND  FL 33067
4.84111E+11,FLORIDA DEPT OF TRANSPORTATION,SAWGRASS EXPY PARKLAND  FL 33067
4.84111E+11,FLORIDA DEPT OF TRANSPORTATION,SAWGRASS EXPY PARKLAND  FL 33067
4.84111E+11,FLORIDA DEPT OF TRANSPORTATION,NW 80 TER PARKLAND  FL 33067
4.84111E+11,FLORIDA DEPT OF TRANSPORTATION,NW 57 ST PARKLAND  FL 33067
4.84111E+11,FLORIDA DEPT OF TRANSPORTATION,SAWGRASS EXPY PARKLAND  FL 33067
4.84111E+11,FLORIDA DEPT OF TRANSPORTATION,SAWGRASS EXPY PARKLAND  FL 33067
4.84111E+11,FLORIDA DEPT OF TRANSPORTATION,SAWGRASS EXPY PARKLAND  FL 33067
4.84111E+11,FLORIDA DEPT OF TRANSPORTATION,SAWGRASS EXPY CORAL SPRINGS  FL 33067
4.84111E+11,FLORIDA DEPT OF TRANSPORTATION,SAWGRASS EXPY CORAL SPRINGS  FL 33067
4.84111E+11,FLORIDA DEPT OF TRANSPORTATION,SAWGRASS EXPY CORAL SPRINGS  FL 33067
4.84112E+11,FLORIDA DEPT OF TRANSPORTATION,STATE ROAD 7 CORAL SPRINGS  FL 33065
4.84112E+11,FLORIDA DEPT OF TRANSPORTATION,N STATE ROAD 7 CORAL SPRINGS  FL 33067
4.84113E+11,FLORIDA DEPT OF TRANSPORTATION,W SAMPLE RD CORAL SPRINGS  FL 33067
4.84113E+11,FLORIDA DEPT OF TRANSPORTATION,STATE ROAD 7 CORAL SPRINGS  FL 33063
4.84113E+11,FLORIDA DEPT OF TRANSPORTATION,W SAMPLE RD CORAL SPRINGS  FL 33063
4.84113E+11,FLORIDA DEPT OF TRANSPORTATION,SAMPLE RD CORAL SPRINGS  FL 33063
4.84114E+11,FLORIDA DEPT OF TRANSPORTATION,W SAMPLE RD CORAL SPRINGS  FL 33065
4.84115E+11,FLORIDA DEPT OF TRANSPORTATION,UNIVERSITY DR CORAL SPRINGS  FL 33065
4.84115E+11,FLORIDA DEPT OF TRANSPORTATION,UNIVERSITY DR CORAL SPRINGS  FL 33065
4.84116E+11,FLORIDA DEPT OF TRANSPORTATION,U NIVERSITY DR CORAL SPRINGS  FL 33065
4.84118E+11,FLORIDA DEPT OF TRANSPORTATION,SAWGRASS EXPY CORAL SPRINGS  FL 33065
4.84118E+11,FLORIDA DEPT OF TRANSPORTATION,SAWGRASS EXPY CORAL SPRINGS  FL 33065
4.84118E+11,FLORIDA DEPT OF TRANSPORTATION,SAWGRASS CORAL SPRINGS  FL 33065
4.84118E+11,FLORIDA DEPT OF TRANSPORTATION,SAWGRASS EXPWY CORAL SPRINGS  FL 33065
4.84118E+11,FLORIDA DEPT OF TRANSPORTATION,W SAMPLE RD CORAL SPRINGS  FL 33065
4.84119E+11,FLORIDA DEPT OF TRANSPORTATION,SAWGRASS EXPY CORAL SPRINGS  FL 33071
4.84119E+11,FLORIDA DEPT OF TRANSPORTATION,SAWGRASS EXPY CORAL SPRINGS  FL 33065
4.84119E+11,FLORIDA DEPT OF TRANSPORTATION,SAWGRASS CORAL SPRINGS  FL 33065
4.84121E+11,FLORIDA DEPT OF TRANSPORTATION,UNIVERSITY DR CORAL SPRINGS  FL 33065
4.84121E+11,FLORIDA DEPT OF TRANSPORTATION,UNIVERSITY DR CORAL SPRINGS  FL 33065
4.84121E+11,FLORIDA DEPT OF TRANSPORTATION,UNIVERSITY DR CORAL SPRINGS  FL 33065
4.84121E+11,FLORIDA DEPT OF TRANSPORTATION,UNIVERSITY DR CORAL SPRINGS  FL 33065
4.84121E+11,FLORIDA DEPT OF TRANSPORTATION,UNIVERSITY DR CORAL SPRINGS  FL 33065
4.84121E+11,FLORIDA DEPT OF TRANSPORTATION,UNIVERSITY DR CORAL SPRINGS  FL 33065
4.84121E+11,FLORIDA DEPT OF TRANSPORTATION,UNIVERSITY DR CORAL SPRINGS  FL 33065
4.84121E+11,FLORIDA DEPT OF TRANSPORTATION,UNIVERSITY DR CORAL SPRINGS  FL 33065
4.84122E+11,FLORIDA DEPT OF TRANSPORTATION,UNIVERSITY DR CORAL SPRINGS  FL 33065
4.8413E+11,FLORIDA DEPT OF TRANSPORTATION,SAWGRASS EXPY CORAL SPRINGS  FL 33071
4.8413E+11,FLORIDA DEPT OF TRANSPORTATION,SAWGRASS EXPY CORAL SPRINGS  FL 33071
4.8413E+11,FLORIDA DEPT OF TRANSPORTATION,SAWGRASS EXPY CORAL SPRINGS  FL 33071
4.8413E+11,FLORIDA DEPT OF TRANSPORTATION,SAWGRASS EXPY CORAL SPRINGS  FL 33071
4.84131E+11,FLORIDA DEPT OF TRANSPORTATION,SAWGRASS CORAL SPRINGS  FL 33071
4.84131E+11,FLORIDA DEPT OF TRANSPORTATION,SAWGRASS EXPY CORAL SPRINGS  FL 33071
4.84131E+11,FLORIDA DEPT OF TRANSPORTATION,SAWGRASS CORAL SPRINGS  FL 33071
4.84131E+11,FLORIDA DEPT OF TRANSPORTATION,SAWGRASS EXPY CORAL SPRINGS  FL 33071
4.84131E+11,FLORIDA DEPT OF TRANSPORTATION,SAWGRASS EXPY CORAL SPRINGS  FL 33071
4.84131E+11,FLORIDA DEPT OF TRANSPORTATION,SAWGRASS CORAL SPRINGS  FL 33071
4.84131E+11,FLORIDA DEPT OF TRANSPORTATION,W ATLANTIC BLVD CORAL SPRINGS  FL 33071
4.84131E+11,FLORIDA DEPT OF TRANSPORTATION,W ATLANTIC BLVD CORAL SPRINGS  FL 33071
4.84131E+11,FLORIDA DEPT OF TRANSPORTATION,W ATLANTIC BLVD CORAL SPRINGS  FL 33071
4.84133E+11,FLORIDA DEPT OF TRANSPORTATION,N UNIVERSITY DR TAMARAC  FL 33321
4.84136E+11,FLORIDA DEPT OF TRANSPORTATION,W ATLANTIC BLVD MARGATE  FL 33063
4.84136E+11,FLORIDA DEPT OF TRANSPORTATION,W ATLANTIC BLVD MARGATE  FL 33063
4.84201E+11,FLORIDA DEPT OF TRANSPORTATION,I95 DEERFIELD BEACH  FL 33441
4.84201E+11,FLORIDA DEPT OF TRANSPORTATION,NATURA BLVD DEERFIELD BEACH  FL 33441
4.84201E+11,FLORIDA DEPT OF TRANSPORTATION,I95 DEERFIELD BEACH  FL 33441
4.84201E+11,FLORIDA DEPT OF TRANSPORTATION,I95 DEERFIELD BEACH  FL 33441
4.84201E+11,FLORIDA DEPT OF TRANSPORTATION,I95 DEERFIELD BEACH  FL 33441
4.84201E+11,FLORIDA DEPT OF TRANSPORTATION,HILLSBORO BLVD DEERFIELD BEACH  FL 33441
4.84201E+11,FLORIDA DEPT OF TRANSPORTATION,HILLSBORO BLVD DEERFIELD BEACH  FL 33441
4.84201E+11,FLORIDA DEPT OF TRANSPORTATION,HILLSBORO BLVD DEERFIELD BEACH  FL 33441
4.84201E+11,FLORIDA DEPT OF TRANSPORTATION,HILLSBORO BLVD DEERFIELD BEACH  FL 33441
4.84201E+11,FLORIDA DEPT OF TRANSPORTATION,I95 DEERFIELD BEACH  FL 33441
4.84201E+11,FLORIDA DEPT OF TRANSPORTATION,HILLSBORO BLVD DEERFIELD BEACH  FL 33441
4.84201E+11,FLORIDA DEPT OF TRANSPORTATION,S DIXIE HWY DEERFIELD BEACH  FL 33441
4.84201E+11,FLORIDA DEPT OF TRANSPORTATION,S DIXIE HWY DEERFIELD BEACH  FL 33441
4.84201E+11,FLORIDA DEPT OF TRANSPORTATION,S DIXIE HWY DEERFIELD BEACH  FL 33441
4.84201E+11,FLORIDA DEPT OF TRANSPORTATION,771 DIXIE HWY S DEERFIELD BEACH  FL 33441
4.84201E+11,FLORIDA DEPT OF TRANSPORTATION,S DIXIE HWY DEERFIELD BEACH  FL 33441
4.84201E+11,FLORIDA DEPT OF TRANSPORTATION,S DIXIE HWY DEERFIELD BEACH  FL 33441
4.84201E+11,FLORIDA DEPT OF TRANSPORTATION,S DIXIE HWY DEERFIELD BEACH  FL 33441
4.84201E+11,FLORIDA DEPT OF TRANSPORTATION,S DIXIE HWY DEERFIELD BEACH  FL 33441
4.84201E+11,FLORIDA DEPT OF TRANSPORTATION,825 S DIXIE HWY DEERFIELD BEACH  FL 33441
4.84201E+11,FLORIDA DEPT OF TRANSPORTATION,833 S DIXIE HWY DEERFIELD BEACH  FL 33441
4.84201E+11,FLORIDA DEPT OF TRANSPORTATION,841 S DIXIE HWY DEERFIELD BEACH  FL 33441
4.84201E+11,FLORIDA DEPT OF TRANSPORTATION,849 S DIXIE HWY DEERFIELD BEACH  FL 33441
4.84201E+11,FLORIDA DEPT OF TRANSPORTATION,857 S DIXIE HWY DEERFIELD BEACH  FL 33441
4.84201E+11,FLORIDA DEPT OF TRANSPORTATION,865 S DIXIE HWY DEERFIELD BEACH  FL 33441
4.84201E+11,FLORIDA DEPT OF TRANSPORTATION,S DIXIE HWY DEERFIELD BEACH  FL 33441
4.84201E+11,FLORIDA DEPT OF TRANSPORTATION,S DIXIE HWY DEERFIELD BEACH  FL 33441
4.84201E+11,FLORIDA DEPT OF TRANSPORTATION,1033 S DIXIE HWY DEERFIELD BEACH  FL 33441
4.84201E+11,FLORIDA DEPT OF TRANSPORTATION,1049 S DIXIE HWY DEERFIELD BEACH  FL 33441
4.84201E+11,FLORIDA DEPT OF TRANSPORTATION,1057 S DIXIE HWY DEERFIELD BEACH  FL 33441
4.84201E+11,FLORIDA DEPT OF TRANSPORTATION,1065 S DIXIE HWY DEERFIELD BEACH  FL 33441
4.84201E+11,FLORIDA DEPT OF TRANSPORTATION,1073 S DIXIE HWY DEERFIELD BEACH  FL 33441
4.84201E+11,FLORIDA DEPT OF TRANSPORTATION,1081 S DIXIE HWY DEERFIELD BEACH  FL 33441
4.84201E+11,FLORIDA DEPT OF TRANSPORTATION,1097 S DIXIE HWY DEERFIELD BEACH  FL 33441
4.84201E+11,FLORIDA DEPT OF TRANSPORTATION,S DIXIE HWY DEERFIELD BEACH  FL 33441
4.84201E+11,FLORIDA DEPT OF TRANSPORTATION,S DIXIE HWY DEERFIELD BEACH  FL 33441
4.84201E+11,FLORIDA DEPT OF TRANSPORTATION,S DIXIE HWY DEERFIELD BEACH  FL 33441
4.84201E+11,FLORIDA DEPT OF TRANSPORTATION,531 S DIXIE HWY DEERFIELD BEACH  FL 33441
4.84201E+11,FLORIDA DEPT OF TRANSPORTATION,590 S DIXIE HWY DEERFIELD BEACH  FL 33441
4.84201E+11,FLORIDA DEPT OF TRANSPORTATION,S DIXIE HWY DEERFIELD BEACH  FL 33441
4.84201E+11,FLORIDA DEPT OF TRANSPORTATION,S DIXIE HWY DEERFIELD BEACH  FL 33441
4.84201E+11,FLORIDA DEPT OF TRANSPORTATION,S DIXIE HWY DEERFIELD BEACH  FL 33441
4.84201E+11,FLORIDA DEPT OF TRANSPORTATION,S DIXIE HWY DEERFIELD BEACH  FL 33441
4.84201E+11,FLORIDA DEPT OF TRANSPORTATION,W HILLSBORO BLVD DEERFIELD BEACH  FL 33441
4.84201E+11,FLORIDA DEPT OF TRANSPORTATION,SW 12 AVE DEERFIELD BEACH  FL 33442
4.84201E+11,FLORIDA DEPT OF TRANSPORTATION,SW 10 ST DEERFIELD BEACH  FL 33441
4.84201E+11,FLORIDA DEPT OF TRANSPORTATION,I95 DEERFIELD BEACH  FL 33441
4.84201E+11,FLORIDA DEPT OF TRANSPORTATION,HILLSBORO BLVD DEERFIELD BEACH  FL 33441
4.84202E+11,FLORIDA DEPT OF TRANSPORTATION,1293 W HILLSBORO BLVD DEERFIELD BEACH  FL 33442
4.84202E+11,FLORIDA DEPT OF TRANSPORTATION,1295 W HILLSBORO BLVD DEERFIELD BEACH  FL 33442
4.84202E+11,FLORIDA DEPT OF TRANSPORTATION,HILLSBORO BLVD DEERFIELD BEACH  FL 33442
4.84202E+11,FLORIDA DEPT OF TRANSPORTATION,HILLSBORO BLVD DEERFIELD BEACH  FL 33442
4.84202E+11,FLORIDA DEPT OF TRANSPORTATION,1290 W HILLSBORO BLVD DEERFIELD BEACH  FL 33442
4.84202E+11,FLORIDA DEPT OF TRANSPORTATION,SW 10 ST DEERFIELD BEACH  FL 33442
4.84202E+11,FLORIDA DEPT OF TRANSPORTATION,SW 10 ST DEERFIELD BEACH  FL 33442
4.84202E+11,FLORIDA DEPT OF TRANSPORTATION,MILITARY TRL DEERFIELD BEACH  FL 33442
4.84202E+11,FLORIDA DEPT OF TRANSPORTATION,SW 10 ST DEERFIELD BEACH  FL 33442
4.84202E+11,FLORIDA DEPT OF TRANSPORTATION,W HILLSBORO BLVD DEERFIELD BEACH  FL 33442
4.84202E+11,FLORIDA DEPT OF TRANSPORTATION,SW 10 ST DEERFIELD BEACH  FL 33442
4.84202E+11,FLORIDA DEPT OF TRANSPORTATION,SW 10 ST DEERFIELD BEACH  FL 33442
4.84202E+11,FLORIDA DEPT OF TRANSPORTATION,1400 SW 12 AVE DEERFIELD BEACH  FL 33442
4.84202E+11,FLORIDA DEPT OF TRANSPORTATION,1260 W HILLSBORO BLVD DEERFIELD BEACH  FL 33442
4.84202E+11,FLORIDA DEPT OF TRANSPORTATION,W HILLSBORO BLVD DEERFIELD BEACH  FL 33442
4.84202E+11,FLORIDA DEPT OF TRANSPORTATION,W HILLSBORO BLVD DEERFIELD BEACH  FL 33442
4.84202E+11,FLORIDA DEPT OF TRANSPORTATION,W HILLSBORO BLVD DEERFIELD BEACH  FL 33442
4.84202E+11,FLORIDA DEPT OF TRANSPORTATION,1505 SW 10 ST DEERFIELD BEACH  FL 33442
4.84202E+11,FLORIDA DEPT OF TRANSPORTATION,1301 W HILLSBORO BLVD DEERFIELD BEACH  FL 33442
4.84202E+11,FLORIDA DEPT OF TRANSPORTATION,W HILLSBORO BLVD DEERFIELD BEACH  FL 33442
4.84202E+11,FLORIDA DEPT OF TRANSPORTATION,SW 10 ST DEERFIELD BEACH  FL 33442
4.84202E+11,FLORIDA DEPT OF TRANSPORTATION,SW 10 ST DEERFIELD BEACH  FL 33442
4.84202E+11,FLORIDA DEPT OF TRANSPORTATION,W HILLSBORO BLVD DEERFIELD BEACH  FL 33442
4.84203E+11,FLORIDA DEPT OF TRANSPORTATION,S POWERLINE RD DEERFIELD BEACH  FL 33442
4.84203E+11,FLORIDA DEPT OF TRANSPORTATION,SW 10 ST DEERFIELD BEACH  FL 33442
4.84203E+11,FLORIDA DEPT OF TRANSPORTATION,SW 10 ST DEERFIELD BEACH  FL 33442
4.84203E+11,FLORIDA DEPT OF TRANSPORTATION,SW 10 ST DEERFIELD BEACH  FL 33442
4.84203E+11,FLORIDA DEPT OF TRANSPORTATION,SW 10 ST DEERFIELD BEACH  FL 33441
4.84203E+11,FLORIDA DEPT OF TRANSPORTATION,SW 10 AVE DEERFIELD BEACH  FL 33442
4.84203E+11,FLORIDA DEPT OF TRANSPORTATION,HILLSBORO BLVD DEERFIELD BEACH  FL 33442
4.84203E+11,FLORIDA DEPT OF TRANSPORTATION,HILLSBORO BLVD DEERFIELD BEACH  FL 33442
4.84203E+11,FLORIDA DEPT OF TRANSPORTATION,POWERLINE RD DEERFIELD BEACH  FL 33442
4.84203E+11,FLORIDA DEPT OF TRANSPORTATION,HILLSBORO BLVD DEERFIELD BEACH  FL 33442
4.84203E+11,FLORIDA DEPT OF TRANSPORTATION,SW 10 ST DEERFIELD BEACH  FL 33442
4.84203E+11,FLORIDA DEPT OF TRANSPORTATION,W HILLSBORO BLVD DEERFIELD BEACH  FL 33442
4.84203E+11,FLORIDA DEPT OF TRANSPORTATION,SW 10 ST DEERFIELD BEACH  FL 33442
4.84204E+11,FLORIDA DEPT OF TRANSPORTATION,W HILLSBORO BLVD DEERFIELD BEACH  FL 33442
4.84204E+11,FLORIDA DEPT OF TRANSPORTATION,SW 10 ST DEERFIELD BEACH  FL 33442
4.84204E+11,FLORIDA DEPT OF TRANSPORTATION,SW 10 ST DEERFIELD BEACH  FL 33442
4.84204E+11,FLORIDA DEPT OF TRANSPORTATION,POWERLINE RD DEERFIELD BEACH  FL 33442
4.84204E+11,FLORIDA DEPT OF TRANSPORTATION,POWERLINE RD DEERFIELD BEACH  FL 33442
4.84204E+11,FLORIDA DEPT OF TRANSPORTATION,POWERLINE RD DEERFIELD BEACH  FL 33442
4.84204E+11,FLORIDA DEPT OF TRANSPORTATION,POWERLINE RD DEERFIELD BEACH  FL 33442
4.84204E+11,FLORIDA DEPT OF TRANSPORTATION,POWERLINE RD DEERFIELD BEACH  FL 33442
4.84204E+11,FLORIDA DEPT OF TRANSPORTATION,HILLSBORO BLVD DEERFIELD BEACH  FL 33442
4.84204E+11,FLORIDA DEPT OF TRANSPORTATION,POWERLINE RD DEERFIELD BEACH  FL 33442
4.84204E+11,FLORIDA DEPT OF TRANSPORTATION,FLORIDA TURNPIKE DEERFIELD BEACH  FL 33064
4.84204E+11,FLORIDA DEPT OF TRANSPORTATION,POWERLINE RD DEERFIELD BEACH  FL 33064
4.84204E+11,FLORIDA DEPT OF TRANSPORTATION,HILLSBORO BLVD DEERFIELD BEACH  FL 33064
4.84204E+11,FLORIDA DEPT OF TRANSPORTATION,POWERLINE RD DEERFIELD BEACH  FL 33442
4.84204E+11,FLORIDA DEPT OF TRANSPORTATION,POWERLINE RD DEERFIELD BEACH  FL 33442
4.84204E+11,FLORIDA DEPT OF TRANSPORTATION,HILLSBORO BLVD DEERFIELD BEACH  FL 33442
4.84204E+11,FLORIDA DEPT OF TRANSPORTATION,POWERLINE RD DEERFIELD BEACH  FL 33442
4.84204E+11,FLORIDA DEPT OF TRANSPORTATION,NW 41 WAY DEERFIELD BEACH  FL 33442
4.84204E+11,FLORIDA DEPT OF TRANSPORTATION,W HILLSBORO BLVD DEERFIELD BEACH  FL 33442
4.84204E+11,FLORIDA DEPT OF TRANSPORTATION,W HILLSBORO BLVD DEERFIELD BEACH  FL 33442
4.84204E+11,FLORIDA DEPT OF TRANSPORTATION,W HILLSBORO BLVD DEERFIELD BEACH  FL 33442
4.84204E+11,FLORIDA DEPT OF TRANSPORTATION,W HILLSBORO BLVD DEERFIELD BEACH  FL 33442
4.84204E+11,FLORIDA DEPT OF TRANSPORTATION,W HILLSBORO BLVD DEERFIELD BEACH  FL 33442
4.84204E+11,FLORIDA DEPT OF TRANSPORTATION,W HILLSBORO BLVD DEERFIELD BEACH  FL 33442
4.84204E+11,FLORIDA DEPT OF TRANSPORTATION,W HILLSBORO BLVD DEERFIELD BEACH  FL 33442
4.84204E+11,FLORIDA DEPT OF TRANSPORTATION,W HILLSBORO BLVD DEERFIELD BEACH  FL 33442
4.84204E+11,FLORIDA DEPT OF TRANSPORTATION,W HILLSBORO BLVD DEERFIELD BEACH  FL 33442
4.84204E+11,FLORIDA DEPT OF TRANSPORTATION,W HILLSBORO BLVD DEERFIELD BEACH  FL 33442
4.84204E+11,FLORIDA DEPT OF TRANSPORTATION,W HILLSBORO BLVD DEERFIELD BEACH  FL 33442
4.84204E+11,FLORIDA DEPT OF TRANSPORTATION,HILLSBORO BLVD DEERFIELD BEACH  FL 33442
4.84205E+11,FLORIDA DEPT OF TRANSPORTATION,W HILLSBORO BLVD COCONUT CREEK  FL 33073
4.84205E+11,FLORIDA DEPT OF TRANSPORTATION,W HILLSBORO BLVD UNINCORPORATED  FL 33073
4.84205E+11,FLORIDA DEPT OF TRANSPORTATION,W HILLSBORO BLVD COCONUT CREEK  FL 33073
4.84205E+11,FLORIDA DEPT OF TRANSPORTATION,W HILLSBORO BLVD COCONUT CREEK  FL 33073
4.84205E+11,FLORIDA DEPT OF TRANSPORTATION,W HILLSBORO BLVD COCONUT CREEK  FL 33073
4.84205E+11,FLORIDA DEPT OF TRANSPORTATION,SAWGRASS EXPY COCONUT CREEK  FL 33073
4.84205E+11,FLORIDA DEPT OF TRANSPORTATION,W HILLSBORO BLVD COCONUT CREEK  FL 33073
4.84205E+11,FLORIDA DEPT OF TRANSPORTATION,W HILLSBORO BLVD COCONUT CREEK  FL 33073
4.84205E+11,FLORIDA DEPT OF TRANSPORTATION,W HILLSBORO BLVD COCONUT CREEK  FL 33073
4.84205E+11,FLORIDA DEPT OF TRANSPORTATION,W HILLSBORO BLVD COCONUT CREEK  FL 33073
4.84205E+11,FLORIDA DEPT OF TRANSPORTATION,HILLSBORO BLVD COCONUT CREEK  FL 33073
4.84206E+11,FLORIDA DEPT OF TRANSPORTATION,W HILLSBORO BLVD COCONUT CREEK  FL 33073
4.84206E+11,FLORIDA DEPT OF TRANSPORTATION,W HILLSBORO BLVD COCONUT CREEK  FL 33073
4.84206E+11,FLORIDA DEPT OF TRANSPORTATION,REGENCY LAKES BLVD COCONUT CREEK  FL 33073
4.84206E+11,FLORIDA DEPT OF TRANSPORTATION,W HILLSBORO BLVD COCONUT CREEK  FL 33073
4.84206E+11,FLORIDA DEPT OF TRANSPORTATION,W HILLSBORO BLVD COCONUT CREEK  FL 33073
4.84206E+11,FLORIDA DEPT OF TRANSPORTATION,W HILLSBORO BLVD COCONUT CREEK  FL 33073
4.84206E+11,FLORIDA DEPT OF TRANSPORTATION,W HILLSBORO BLVD COCONUT CREEK  FL 33073
4.84206E+11,FLORIDA DEPT OF TRANSPORTATION,W HILLSBORO BLVD COCONUT CREEK  FL 33073
4.84206E+11,FLORIDA DEPT OF TRANSPORTATION,STATE ROAD 7 COCONUT CREEK  FL 33063
4.84206E+11,FLORIDA DEPT OF TRANSPORTATION,STATE ROAD 7 COCONUT CREEK  FL 33063
4.84206E+11,FLORIDA DEPT OF TRANSPORTATION,STATE ROAD 7 COCONUT CREEK  FL 33063
4.84206E+11,FLORIDA DEPT OF TRANSPORTATION,STATE ROAD 7 COCONUT CREEK  FL 33063
4.84206E+11,FLORIDA DEPT OF TRANSPORTATION,STATE ROAD 7 COCONUT CREEK  FL 33063
4.84206E+11,FLORIDA DEPT OF TRANSPORTATION,W HILLSBORO BLVD COCONUT CREEK  FL 33073
4.84206E+11,FLORIDA DEPT OF TRANSPORTATION,W HILLSBORO BLVD COCONUT CREEK  FL 33073
4.84206E+11,FLORIDA DEPT OF TRANSPORTATION,W HILLSBORO BLVD COCONUT CREEK  FL 33073
4.84206E+11,FLORIDA DEPT OF TRANSPORTATION,W HILLSBORO BLVD COCONUT CREEK  FL 33073
4.84206E+11,FLORIDA DEPT OF TRANSPORTATION,W HILLSBORO BLVD COCONUT CREEK  FL 33073
4.84206E+11,FLORIDA DEPT OF TRANSPORTATION,W HILLSBORO BLVD COCONUT CREEK  FL 33073
4.84206E+11,FLORIDA DEPT OF TRANSPORTATION,W HILLSBORO BLVD COCONUT CREEK  FL 33073
4.84206E+11,FLORIDA DEPT OF TRANSPORTATION,W HILLSBORO BLVD COCONUT CREEK  FL 33073
4.84206E+11,FLORIDA DEPT OF TRANSPORTATION,HILLSBORO BLVD COCONUT CREEK  FL 33073
4.84206E+11,FLORIDA DEPT OF TRANSPORTATION,HILLSBORO BLVD COCONUT CREEK  FL 33442
4.84206E+11,FLORIDA DEPT OF TRANSPORTATION,HILLSBORO BLVD COCONUT CREEK  FL 33073
4.84206E+11,FLORIDA DEPT OF TRANSPORTATION,W HILLSBORO BLVD COCONUT CREEK  FL 33073
4.84206E+11,FLORIDA DEPT OF TRANSPORTATION,ACCESS RD COCONUT CREEK  FL 33073
4.84207E+11,FLORIDA DEPT OF TRANSPORTATION,SAWGRASS EXPY COCONUT CREEK  FL 33073
4.84207E+11,FLORIDA DEPT OF TRANSPORTATION,SAWGRASS EXPY COCONUT CREEK  FL 33073
4.84207E+11,FLORIDA DEPT OF TRANSPORTATION,SAWGRASS COCONUT CREEK  FL 33073
4.84207E+11,FLORIDA DEPT OF TRANSPORTATION,NW 56 ST COCONUT CREEK  FL 33073
4.84207E+11,FLORIDA DEPT OF TRANSPORTATION,ACCESS RD COCONUT CREEK  FL 33073
4.84207E+11,FLORIDA DEPT OF TRANSPORTATION,LYONS RD COCONUT CREEK  FL 33073
4.84207E+11,FLORIDA DEPT OF TRANSPORTATION,LYONS RD COCONUT CREEK  FL 33073
4.84207E+11,FLORIDA DEPT OF TRANSPORTATION,NW 55 BLVD COCONUT CREEK  FL 33073
4.84208E+11,FLORIDA DEPT OF TRANSPORTATION,SW 48 TER UNINCORPORATED  FL 33442
4.84208E+11,FLORIDA DEPT OF TRANSPORTATION,SW 48 TER UNINCORPORATED  FL 33442
4.84208E+11,FLORIDA DEPT OF TRANSPORTATION,NW 48 ST UNINCORPORATED  FL 33442
4.84208E+11,FLORIDA DEPT OF TRANSPORTATION,SAWGRASS EXPY COCONUT CREEK  FL 33073
4.84208E+11,FLORIDA DEPT OF TRANSPORTATION,SAWGRASS COCONUT CREEK  FL 33073
4.84208E+11,FLORIDA DEPT OF TRANSPORTATION,LYONS RD COCONUT CREEK  FL 33073
4.84209E+11,FLORIDA DEPT OF TRANSPORTATION,POWERLINE RD UNINCORPORATED  FL 33442
4.84209E+11,FLORIDA DEPT OF TRANSPORTATION,POWERLINE RD UNINCORPORATED  FL 33073
4.84209E+11,FLORIDA DEPT OF TRANSPORTATION,POWERLINE RD DEERFIELD BEACH  FL 33442
4.84209E+11,FLORIDA DEPT OF TRANSPORTATION,POWERLINE RD DEERFIELD BEACH  FL 33442
4.8421E+11,FLORIDA DEPT OF TRANSPORTATION,SW 10 ST DEERFIELD BEACH  FL 33442
4.8421E+11,FLORIDA DEPT OF TRANSPORTATION,SW 10 ST DEERFIELD BEACH  FL 33442
4.8421E+11,FLORIDA DEPT OF TRANSPORTATION,SW 10 ST DEERFIELD BEACH  FL 33442
4.8421E+11,FLORIDA DEPT OF TRANSPORTATION,SW 11 ST DEERFIELD BEACH  FL 33442
4.8421E+11,FLORIDA DEPT OF TRANSPORTATION,POWERLINE RD DEERFIELD BEACH  FL 33442
4.8421E+11,FLORIDA DEPT OF TRANSPORTATION,POWERLINE RD DEERFIELD BEACH  FL 33442
4.8421E+11,FLORIDA DEPT OF TRANSPORTATION,POWERLINE RD DEERFIELD BEACH  FL 33441
4.8421E+11,FLORIDA DEPT OF TRANSPORTATION,POWERLINE RD DEERFIELD BEACH  FL 33442
4.8421E+11,FLORIDA DEPT OF TRANSPORTATION,POWERLINE RD DEERFIELD BEACH  FL 33442
4.8421E+11,FLORIDA DEPT OF TRANSPORTATION,SW 10 ST DEERFIELD BEACH  FL 33442
4.8421E+11,FLORIDA DEPT OF TRANSPORTATION,SW 10 ST DEERFIELD BEACH  FL 33442
4.8421E+11,FLORIDA DEPT OF TRANSPORTATION,POWERLINE RD DEERFIELD BEACH  FL 33442
4.8421E+11,FLORIDA DEPT OF TRANSPORTATION,SW 10 ST DEERFIELD BEACH  FL 33442
4.8421E+11,FLORIDA DEPT OF TRANSPORTATION,SW 10 ST DEERFIELD BEACH  FL 33442
4.84211E+11,FLORIDA DEPT OF TRANSPORTATION,S MILITARY TRL DEERFIELD BEACH  FL 33442
4.84211E+11,FLORIDA DEPT OF TRANSPORTATION,SW 10 ST DEERFIELD BEACH  FL 33442
4.84211E+11,FLORIDA DEPT OF TRANSPORTATION,SW 10 ST DEERFIELD BEACH  FL 33442
4.84211E+11,FLORIDA DEPT OF TRANSPORTATION,SW 10 ST DEERFIELD BEACH  FL 33442
4.84211E+11,FLORIDA DEPT OF TRANSPORTATION,SW 24 AVE DEERFIELD BEACH  FL 33442
4.84211E+11,FLORIDA DEPT OF TRANSPORTATION,SW 10 ST DEERFIELD BEACH  FL 33442
4.84211E+11,FLORIDA DEPT OF TRANSPORTATION,1391 SW 11 WAY DEERFIELD BEACH  FL 33441
4.84211E+11,FLORIDA DEPT OF TRANSPORTATION,1503 SW 11 WAY DEERFIELD BEACH  FL 33441
4.84211E+11,FLORIDA DEPT OF TRANSPORTATION,NW 48 ST DEERFIELD BEACH  FL 33064
4.84211E+11,FLORIDA DEPT OF TRANSPORTATION,SW 15 ST DEERFIELD BEACH  FL 33442
4.84211E+11,FLORIDA DEPT OF TRANSPORTATION,SW 10 ST DEERFIELD BEACH  FL 33442
4.84211E+11,FLORIDA DEPT OF TRANSPORTATION,SW 10 ST DEERFIELD BEACH  FL 33442
4.84211E+11,FLORIDA DEPT OF TRANSPORTATION,SW 10 ST DEERFIELD BEACH  FL 33442
4.84211E+11,FLORIDA DEPT OF TRANSPORTATION,SW 10 ST #1801 DEERFIELD BEACH  FL 33301
4.84211E+11,FLORIDA DEPT OF TRANSPORTATION,SW 10 ST DEERFIELD BEACH  FL 33442
4.84211E+11,FLORIDA DEPT OF TRANSPORTATION,SW 10 ST DEERFIELD BEACH  FL 33442
4.84211E+11,FLORIDA DEPT OF TRANSPORTATION,I95 DEERFIELD BEACH  FL 33064
4.84211E+11,FLORIDA DEPT OF TRANSPORTATION,I95 DEERFIELD BEACH  FL 33442
4.84211E+11,FLORIDA DEPT OF TRANSPORTATION,SW 10 ST DEERFIELD BEACH  FL 33442
4.84211E+11,FLORIDA DEPT OF TRANSPORTATION,SW 10 ST DEERFIELD BEACH  FL 33441
4.84211E+11,FLORIDA DEPT OF TRANSPORTATION,SW 10 ST DEERFIELD BEACH  FL 33442
4.84211E+11,FLORIDA DEPT OF TRANSPORTATION,SW 10 ST DEERFIELD BEACH  FL 33442
4.84211E+11,FLORIDA DEPT OF TRANSPORTATION,S MILITARY TRL DEERFIELD BEACH  FL 33442
4.84212E+11,FLORIDA DEPT OF TRANSPORTATION,S DIXIE HWY DEERFIELD BEACH  FL 33441
4.84212E+11,FLORIDA DEPT OF TRANSPORTATION,S DIXIE HWY DEERFIELD BEACH  FL 33441
4.84212E+11,FLORIDA DEPT OF TRANSPORTATION,S DIXIE HWY DEERFIELD BEACH  FL 33441
4.84212E+11,FLORIDA DEPT OF TRANSPORTATION,SW 10 ST DEERFIELD BEACH  FL 33441
4.84212E+11,FLORIDA DEPT OF TRANSPORTATION,SW 10 ST DEERFIELD BEACH  FL 33441
4.84212E+11,FLORIDA DEPT OF TRANSPORTATION,I95 DEERFIELD BEACH  FL 33441
4.84212E+11,FLORIDA DEPT OF TRANSPORTATION,SW 11 WAY DEERFIELD BEACH  FL 33441
4.84212E+11,FLORIDA DEPT OF TRANSPORTATION,5391 N DIXIE HWY DEERFIELD BEACH  FL 33441
4.84212E+11,FLORIDA DEPT OF TRANSPORTATION,SW 10 ST DEERFIELD BEACH  FL 33441
4.84212E+11,FLORIDA DEPT OF TRANSPORTATION,DIXIE HWY DEERFIELD BEACH  FL 33064
4.84212E+11,FLORIDA DEPT OF TRANSPORTATION,SW 11 WAY DEERFIELD BEACH  FL 33441
4.84212E+11,FLORIDA DEPT OF TRANSPORTATION,4901 N DIXIE HWY DEERFIELD BEACH  FL 33064
4.84212E+11,FLORIDA DEPT OF TRANSPORTATION,4903 N DIXIE HWY DEERFIELD BEACH  FL 33064
4.84212E+11,FLORIDA DEPT OF TRANSPORTATION,4801 N DIXIE HWY DEERFIELD BEACH  FL 33064
4.84212E+11,FLORIDA DEPT OF TRANSPORTATION,5051 N DIXIE HWY DEERFIELD BEACH  FL 33064
4.84212E+11,FLORIDA DEPT OF TRANSPORTATION,5055 N DIXIE HWY DEERFIELD BEACH  FL 33064
4.84212E+11,FLORIDA DEPT OF TRANSPORTATION,5061 N DIXIE HWY DEERFIELD BEACH  FL 33064
4.84213E+11,FLORIDA DEPT OF TRANSPORTATION,N DIXIE HWY DEERFIELD BEACH  FL 33064
4.84213E+11,FLORIDA DEPT OF TRANSPORTATION,SAMPLE RD DEERFIELD BEACH  FL 33064
4.84213E+11,FLORIDA DEPT OF TRANSPORTATION,DIXIE HWY DEERFIELD BEACH  FL 33064
4.84213E+11,FLORIDA DEPT OF TRANSPORTATION,DIXIE HWY DEERFIELD BEACH  FL 33064
4.84213E+11,FLORIDA DEPT OF TRANSPORTATION,DIXIE HWY DEERFIELD BEACH  FL 33441
4.84213E+11,FLORIDA DEPT OF TRANSPORTATION,N DIXIE HWY DEERFIELD BEACH  FL 33064
4.84213E+11,FLORIDA DEPT OF TRANSPORTATION,N DIXIE HWY DEERFIELD BEACH  FL 33064
4.84213E+11,FLORIDA DEPT OF TRANSPORTATION,E SAMPLE RD POMPANO BEACH  FL 33064
4.84213E+11,FLORIDA DEPT OF TRANSPORTATION,E SAMPLE RD POMPANO BEACH  FL 33064
4.84213E+11,FLORIDA DEPT OF TRANSPORTATION,E SAMPLE RD DEERFIELD BEACH  FL 33064
4.84213E+11,FLORIDA DEPT OF TRANSPORTATION,E SAMPLE RD DEERFIELD BEACH  FL 33064
4.84213E+11,FLORIDA DEPT OF TRANSPORTATION,E SAMPLE RD POMPANO BEACH  FL 33064
4.84213E+11,FLORIDA DEPT OF TRANSPORTATION,NE 15 AVE POMPANO BEACH  FL 33064
4.84213E+11,FLORIDA DEPT OF TRANSPORTATION,SAMPLE RD POMPANO BEACH  FL 33064
4.84213E+11,FLORIDA DEPT OF TRANSPORTATION,SAMPLE RD POMPANO BEACH  FL 33064
4.84213E+11,FLORIDA DEPT OF TRANSPORTATION,3701 N DIXIE HWY DEERFIELD BEACH  FL 33064
4.84213E+11,FLORIDA DEPT OF TRANSPORTATION,N DIXIE HWY DEERFIELD BEACH  FL 33064
4.84213E+11,FLORIDA DEPT OF TRANSPORTATION,N DIXIE HWY DEERFIELD BEACH  FL 33064
4.84214E+11,FLORIDA DEPT OF TRANSPORTATION,I95 DEERFIELD BEACH  FL 33064
4.84214E+11,FLORIDA DEPT OF TRANSPORTATION,I95 DEERFIELD BEACH  FL 33064
4.84214E+11,FLORIDA DEPT OF TRANSPORTATION,I95 DEERFIELD BEACH  FL 33064
4.84214E+11,FLORIDA DEPT OF TRANSPORTATION,I95 DEERFIELD BEACH  FL 33064
4.84214E+11,FLORIDA DEPT OF TRANSPORTATION,SAMPLE RD DEERFIELD BEACH  FL 33064
4.84214E+11,FLORIDA DEPT OF TRANSPORTATION,NW 42 PL DEERFIELD BEACH  FL 33064
4.84214E+11,FLORIDA DEPT OF TRANSPORTATION,W SAMPLE RD DEERFIELD BEACH  FL 33064
4.84214E+11,FLORIDA DEPT OF TRANSPORTATION,W SAMPLE RD DEERFIELD BEACH  FL 33442
4.84214E+11,FLORIDA DEPT OF TRANSPORTATION,W SAMPLE RD DEERFIELD BEACH  FL 33442
4.84214E+11,FLORIDA DEPT OF TRANSPORTATION,W SAMPLE RD POMPANO BEACH  FL 33069
4.84214E+11,FLORIDA DEPT OF TRANSPORTATION,I95 DEERFIELD BEACH  FL 33064
4.84214E+11,FLORIDA DEPT OF TRANSPORTATION,I95 DEERFIELD BEACH  FL 33064
4.84214E+11,FLORIDA DEPT OF TRANSPORTATION,I95 DEERFIELD BEACH  FL 33064
4.84214E+11,FLORIDA DEPT OF TRANSPORTATION,I95 DEERFIELD BEACH  FL 33064
4.84214E+11,FLORIDA DEPT OF TRANSPORTATION,NW 37 ST DEERFIELD BEACH  FL 33064
4.84214E+11,FLORIDA DEPT OF TRANSPORTATION,I-95 DEERFIELD BEACH  FL 33064
4.84214E+11,FLORIDA DEPT OF TRANSPORTATION,I95 DEERFIELD BEACH  FL 33064
4.84214E+11,FLORIDA DEPT OF TRANSPORTATION,I95 DEERFIELD BEACH  FL 33064
4.84214E+11,FLORIDA DEPT OF TRANSPORTATION,I95 DEERFIELD BEACH  FL 33064
4.84214E+11,FLORIDA DEPT OF TRANSPORTATION,I95 DEERFIELD BEACH  FL 33064
4.84214E+11,FLORIDA DEPT OF TRANSPORTATION,I95 DEERFIELD BEACH  FL 33064
4.84214E+11,FLORIDA DEPT OF TRANSPORTATION,I95 DEERFIELD BEACH  FL 33064
4.84214E+11,FLORIDA DEPT OF TRANSPORTATION,I95 DEERFIELD BEACH  FL 33064
4.84214E+11,FLORIDA DEPT OF TRANSPORTATION,NW 38 ST DEERFIELD BEACH  FL 33064
4.84214E+11,FLORIDA DEPT OF TRANSPORTATION,NW 38 ST DEERFIELD BEACH  FL 33064
4.84214E+11,FLORIDA DEPT OF TRANSPORTATION,SAMPLE RD DEERFIELD BEACH  FL 33064
4.84214E+11,FLORIDA DEPT OF TRANSPORTATION,SAMPLE RD DEERFIELD BEACH  FL 33064
4.84214E+11,FLORIDA DEPT OF TRANSPORTATION,I95 DEERFIELD BEACH  FL 33064
4.84214E+11,FLORIDA DEPT OF TRANSPORTATION,I95 DEERFIELD BEACH  FL 33064
4.84214E+11,FLORIDA DEPT OF TRANSPORTATION,I95 DEERFIELD BEACH  FL 33064
4.84214E+11,FLORIDA DEPT OF TRANSPORTATION,NW 38 CT DEERFIELD BEACH  FL 33064
4.84214E+11,FLORIDA DEPT OF TRANSPORTATION,SAMPLE RD DEERFIELD BEACH  FL 33064
4.84214E+11,FLORIDA DEPT OF TRANSPORTATION,SAMPLE RD DEERFIELD BEACH  FL 33064
4.84214E+11,FLORIDA DEPT OF TRANSPORTATION,I95 DEERFIELD BEACH  FL 33064
4.84214E+11,FLORIDA DEPT OF TRANSPORTATION,I95 DEERFIELD BEACH  FL 33064
4.84214E+11,FLORIDA DEPT OF TRANSPORTATION,I95 DEERFIELD BEACH  FL 33064
4.84214E+11,FLORIDA DEPT OF TRANSPORTATION,I95 DEERFIELD BEACH  FL 33064
4.84214E+11,FLORIDA DEPT OF TRANSPORTATION,I95 DEERFIELD BEACH  FL 33064
4.84214E+11,FLORIDA DEPT OF TRANSPORTATION,I95 DEERFIELD BEACH  FL 33064
4.84214E+11,FLORIDA DEPT OF TRANSPORTATION,I95 DEERFIELD BEACH  FL 33064
4.84214E+11,FLORIDA DEPT OF TRANSPORTATION,SAMPLE RD DEERFIELD BEACH  FL 33064
4.84214E+11,FLORIDA DEPT OF TRANSPORTATION,SAMPLE RD DEERFIELD BEACH  FL 33064
4.84214E+11,FLORIDA DEPT OF TRANSPORTATION,SAMPLE RD DEERFIELD BEACH  FL 33064
4.84214E+11,FLORIDA DEPT OF TRANSPORTATION,SAMPLE RD DEERFIELD BEACH  FL 33064
4.84214E+11,FLORIDA DEPT OF TRANSPORTATION,SAMPLE RD DEERFIELD BEACH  FL 33064
4.84214E+11,FLORIDA DEPT OF TRANSPORTATION,SAMPLE RD DEERFIELD BEACH  FL 33064
4.84214E+11,FLORIDA DEPT OF TRANSPORTATION,NW 2 AVE DEERFIELD BEACH  FL 33064
4.84214E+11,FLORIDA DEPT OF TRANSPORTATION,NW 2 AVE DEERFIELD BEACH  FL 33064
4.84214E+11,FLORIDA DEPT OF TRANSPORTATION,I-95 DEERFIELD BEACH  FL 33442
4.84214E+11,FLORIDA DEPT OF TRANSPORTATION,I-95 DEERFIELD BEACH  FL 33442
4.84214E+11,FLORIDA DEPT OF TRANSPORTATION,I-95 DEERFIELD BEACH  FL 33442
4.84215E+11,FLORIDA DEPT OF TRANSPORTATION,POWERLINE RD DEERFIELD BEACH  FL 33064
4.84215E+11,FLORIDA DEPT OF TRANSPORTATION,W SAMPLE RD POMPANO BEACH  FL 33064
4.84215E+11,FLORIDA DEPT OF TRANSPORTATION,POWERLINE RD DEERFIELD BEACH  FL 33073
4.84215E+11,FLORIDA DEPT OF TRANSPORTATION,POWERLINE RD DEERFIELD BEACH  FL 33064
4.84215E+11,FLORIDA DEPT OF TRANSPORTATION,POWERLINE RD DEERFIELD BEACH  FL 33064
4.84215E+11,FLORIDA DEPT OF TRANSPORTATION,POWERLINE RD DEERFIELD BEACH  FL 33064
4.84215E+11,FLORIDA DEPT OF TRANSPORTATION,N POWERLINE RD DEERFIELD BEACH  FL 33073
4.84216E+11,FLORIDA DEPT OF TRANSPORTATION,W SAMPLE RD UNINCORPORATED  FL 33073
4.84216E+11,FLORIDA DEPT OF TRANSPORTATION,W SAMPLE RD UNINCORPORATED  FL 33069
4.84216E+11,FLORIDA DEPT OF TRANSPORTATION,POWERLINE RD DEERFIELD BEACH  FL 33064
4.84216E+11,FLORIDA DEPT OF TRANSPORTATION,POWERLINE RD UNINCORPORATED  FL 33073
4.84216E+11,FLORIDA DEPT OF TRANSPORTATION,POWERLINE RD UNINCORPORATED  FL 33073
4.84216E+11,FLORIDA DEPT OF TRANSPORTATION,POWERLINE RD DEERFIELD BEACH  FL 33442
4.84216E+11,FLORIDA DEPT OF TRANSPORTATION,POWERLINE RD DEERFIELD BEACH  FL 33073
4.84216E+11,FLORIDA DEPT OF TRANSPORTATION,POWERLINE RD DEERFIELD BEACH  FL 33073
4.84216E+11,FLORIDA DEPT OF TRANSPORTATION,POWERLINE RD DEERFIELD BEACH  FL 33073
4.84216E+11,FLORIDA DEPT OF TRANSPORTATION,POWERLINE RD DEERFIELD BEACH  FL 33073
4.84216E+11,FLORIDA DEPT OF TRANSPORTATION,POWERLINE RD DEERFIELD BEACH  FL 33073
4.84216E+11,FLORIDA DEPT OF TRANSPORTATION,POWERLINE RD DEERFIELD BEACH  FL 33073
4.84216E+11,FLORIDA DEPT OF TRANSPORTATION,SAMPLE RD POMPANO BEACH  FL 33073
4.84216E+11,FLORIDA DEPT OF TRANSPORTATION,POWERLINE RD DEERFIELD BEACH  FL 33073
4.84217E+11,FLORIDA DEPT OF TRANSPORTATION,SAMPLE RD COCONUT CREEK  FL 33073
4.84217E+11,FLORIDA DEPT OF TRANSPORTATION,SAMPLE RD COCONUT CREEK  FL 33073
4.84217E+11,FLORIDA DEPT OF TRANSPORTATION,W SAMPLE RD COCONUT CREEK  FL 33073
4.84218E+11,FLORIDA DEPT OF TRANSPORTATION,WILES RD COCONUT CREEK  FL 33073
4.84218E+11,FLORIDA DEPT OF TRANSPORTATION,WILES RD COCONUT CREEK  FL 33073
4.84218E+11,FLORIDA DEPT OF TRANSPORTATION,CULLUM RD COCONUT CREEK  FL 33073
4.84218E+11,FLORIDA DEPT OF TRANSPORTATION,STATE ROAD 7 COCONUT CREEK  FL 33073
4.84218E+11,FLORIDA DEPT OF TRANSPORTATION,STATE ROAD 7 COCONUT CREEK  FL 33073
4.84218E+11,FLORIDA DEPT OF TRANSPORTATION,STATE ROAD 7 COCONUT CREEK  FL 33073
4.84218E+11,FLORIDA DEPT OF TRANSPORTATION,STATE ROAD 7 COCONUT CREEK  FL 33073
4.84218E+11,FLORIDA DEPT OF TRANSPORTATION,STATE ROAD 7 COCONUT CREEK  FL 33073
4.84218E+11,FLORIDA DEPT OF TRANSPORTATION,W SAMPLE RD COCONUT CREEK  FL 33073
4.84218E+11,FLORIDA DEPT OF TRANSPORTATION,STATE ROAD 7 COCONUT CREEK  FL 33073
4.84218E+11,FLORIDA DEPT OF TRANSPORTATION,STATE ROAD 7 COCONUT CREEK  FL 33073
4.84218E+11,FLORIDA DEPT OF TRANSPORTATION,NW 40 ST COCONUT CREEK  FL 33073
4.84219E+11,FLORIDA DEPT OF TRANSPORTATION,W SAMPLE RD COCONUT CREEK  FL 33063
4.84219E+11,FLORIDA DEPT OF TRANSPORTATION,STATE ROAD 7 COCONUT CREEK  FL 33073
4.84219E+11,FLORIDA DEPT OF TRANSPORTATION,W SAMPLE RD MARGATE  FL 33063
4.84219E+11,FLORIDA DEPT OF TRANSPORTATION,SAMPLE RD COCONUT CREEK  FL 33066
4.84219E+11,FLORIDA DEPT OF TRANSPORTATION,STATE ROAD 7 MARGATE  FL 33063
4.84219E+11,FLORIDA DEPT OF TRANSPORTATION,SAMPLE RD COCONUT CREEK  FL 33073
4.84219E+11,FLORIDA DEPT OF TRANSPORTATION,SAMPLE RD COCONUT CREEK  FL 33073
4.84219E+11,FLORIDA DEPT OF TRANSPORTATION,SAMPLE RD MARGATE  FL 33063
4.84219E+11,FLORIDA DEPT OF TRANSPORTATION,STATE ROAD 7 MARGATE  FL 33063
4.84219E+11,FLORIDA DEPT OF TRANSPORTATION,STATE ROAD 7 MARGATE  FL 33063
4.84219E+11,FLORIDA DEPT OF TRANSPORTATION,SAMPLE RD MARGATE  FL 33063
4.84219E+11,FLORIDA DEPT OF TRANSPORTATION,STATE ROAD 7 MARGATE  FL 33063
4.8422E+11,FLORIDA DEPT OF TRANSPORTATION,W SAMPLE RD UNINCORPORATED  FL 33066
4.8422E+11,FLORIDA DEPT OF TRANSPORTATION,SAMPLE RD COCONUT CREEK  FL 33073
4.8422E+11,FLORIDA DEPT OF TRANSPORTATION,SAMPLE RD COCONUT CREEK  FL 33066
4.84221E+11,FLORIDA DEPT OF TRANSPORTATION,W SAMPLE RD POMPANO BEACH  FL 33060
4.84221E+11,FLORIDA DEPT OF TRANSPORTATION,POWERLINE RD POMPANO BEACH  FL 33069
4.84221E+11,FLORIDA DEPT OF TRANSPORTATION,NW 29 MNR POMPANO BEACH  FL 33064
4.84221E+11,FLORIDA DEPT OF TRANSPORTATION,NW 29 MNR POMPANO BEACH  FL 33069
4.84221E+11,FLORIDA DEPT OF TRANSPORTATION,POWERLINE RD POMPANO BEACH  FL 33060
4.84221E+11,FLORIDA DEPT OF TRANSPORTATION,2900 W SAMPLE RD POMPANO BEACH  FL 33073
4.84222E+11,FLORIDA DEPT OF TRANSPORTATION,COPANS RD POMPANO BEACH  FL 33064
4.84222E+11,FLORIDA DEPT OF TRANSPORTATION,I95 POMPANO BEACH  FL 33064
4.84222E+11,FLORIDA DEPT OF TRANSPORTATION,N POWERLINE RD POMPANO BEACH  FL 33064
4.84222E+11,FLORIDA DEPT OF TRANSPORTATION,W SAMPLE RD POMPANO BEACH  FL 33064
4.84223E+11,FLORIDA DEPT OF TRANSPORTATION,I95 POMPANO BEACH  FL 33064
4.84223E+11,FLORIDA DEPT OF TRANSPORTATION,W SAMPLE RD POMPANO BEACH  FL 33064
4.84223E+11,FLORIDA DEPT OF TRANSPORTATION,I95 POMPANO BEACH  FL 33064
4.84223E+11,FLORIDA DEPT OF TRANSPORTATION,SAMPLE RD POMPANO BEACH  FL 33064
4.84223E+11,FLORIDA DEPT OF TRANSPORTATION,I95 POMPANO BEACH  FL 33064
4.84223E+11,FLORIDA DEPT OF TRANSPORTATION,SAMPLE RD POMPANO BEACH  FL 33064
4.84223E+11,FLORIDA DEPT OF TRANSPORTATION,I-95 POMPANO BEACH  FL 33064
4.84223E+11,FLORIDA DEPT OF TRANSPORTATION,SAMPLE RD POMPANO BEACH  FL 33064
4.84223E+11,FLORIDA DEPT OF TRANSPORTATION,SAMPLE RD POMPANO BEACH  FL 33064
4.84223E+11,FLORIDA DEPT OF TRANSPORTATION,SAMPLE RD POMPANO BEACH  FL 33064
4.84223E+11,FLORIDA DEPT OF TRANSPORTATION,SAMPLE RD POMPANO BEACH  FL 33064
4.84223E+11,FLORIDA DEPT OF TRANSPORTATION,I95 POMPANO BEACH  FL 33064
4.84223E+11,FLORIDA DEPT OF TRANSPORTATION,I95 POMPANO BEACH  FL 33064
4.84223E+11,FLORIDA DEPT OF TRANSPORTATION,I95 POMPANO BEACH  FL 33064
4.84223E+11,FLORIDA DEPT OF TRANSPORTATION,I95 POMPANO BEACH  FL 33064
4.84223E+11,FLORIDA DEPT OF TRANSPORTATION,I95 POMPANO BEACH  FL 33064
4.84223E+11,FLORIDA DEPT OF TRANSPORTATION,I95 POMPANO BEACH  FL 33064
4.84223E+11,FLORIDA DEPT OF TRANSPORTATION,SAMPLE RD POMPANO BEACH  FL 33069
4.84223E+11,FLORIDA DEPT OF TRANSPORTATION,SAMPLE RD POMPANO BEACH  FL 33064
4.84223E+11,FLORIDA DEPT OF TRANSPORTATION,SAMPLE RD POMPANO BEACH  FL 33064
4.84223E+11,FLORIDA DEPT OF TRANSPORTATION,SAMPLE RD POMPANO BEACH  FL 33064
4.84223E+11,FLORIDA DEPT OF TRANSPORTATION,SAMPLE RD POMPANO BEACH  FL 33064
4.84223E+11,FLORIDA DEPT OF TRANSPORTATION,SAMPLE RD POMPANO BEACH  FL 33064
4.84223E+11,FLORIDA DEPT OF TRANSPORTATION,SAMPLE RD POMPANO BEACH  FL 33064
4.84223E+11,FLORIDA DEPT OF TRANSPORTATION,I95 POMPANO BEACH  FL 33064
4.84223E+11,FLORIDA DEPT OF TRANSPORTATION,SAMPLE RD POMPANO BEACH  FL 33064
4.84223E+11,FLORIDA DEPT OF TRANSPORTATION,W SAMPLE RD POMPANO BEACH  FL 33064
4.84223E+11,FLORIDA DEPT OF TRANSPORTATION,NW 3 AVE POMPANO BEACH  FL 33064
4.84223E+11,FLORIDA DEPT OF TRANSPORTATION,NW 3 AVE POMPANO BEACH  FL 33064
4.84223E+11,FLORIDA DEPT OF TRANSPORTATION,NW 3 AVE POMPANO BEACH  FL 33064
4.84223E+11,FLORIDA DEPT OF TRANSPORTATION,SAMPLE RD POMPANO BEACH  FL 33064
4.84223E+11,FLORIDA DEPT OF TRANSPORTATION,SAMPLE RD POMPANO BEACH  FL 33064
4.84223E+11,FLORIDA DEPT OF TRANSPORTATION,SAMPLE RD POMPANO BEACH  FL 33064
4.84223E+11,FLORIDA DEPT OF TRANSPORTATION,I95 POMPANO BEACH  FL 33064
4.84223E+11,FLORIDA DEPT OF TRANSPORTATION,COPANS RD POMPANO BEACH  FL 33064
4.84223E+11,FLORIDA DEPT OF TRANSPORTATION,COPANS RD POMPANO BEACH  FL 33064
4.84223E+11,FLORIDA DEPT OF TRANSPORTATION,COPANS RD POMPANO BEACH  FL 33064
4.84224E+11,FLORIDA DEPT OF TRANSPORTATION,SAMPLE RD POMPANO BEACH  FL 33064
4.84224E+11,FLORIDA DEPT OF TRANSPORTATION,SAMPLE RD POMPANO BEACH  FL 33064
4.84224E+11,FLORIDA DEPT OF TRANSPORTATION,NE 33 ST POMPANO BEACH  FL 33064
4.84224E+11,FLORIDA DEPT OF TRANSPORTATION,SAMPLE RD POMPANO BEACH  FL 33064
4.84224E+11,FLORIDA DEPT OF TRANSPORTATION,E SAMPLE RD POMPANO BEACH  FL 33064
4.84224E+11,FLORIDA DEPT OF TRANSPORTATION,E SAMPLE RD POMPANO BEACH  FL 33064
4.84224E+11,FLORIDA DEPT OF TRANSPORTATION,E SAMPLE RD POMPANO BEACH  FL 33064
4.84224E+11,FLORIDA DEPT OF TRANSPORTATION,E SAMPLE RD POMPANO BEACH  FL 33064
4.84224E+11,FLORIDA DEPT OF TRANSPORTATION,E SAMPLE RD POMPANO BEACH  FL 33064
4.84224E+11,FLORIDA DEPT OF TRANSPORTATION,SAMPLE RD POMPANO BEACH  FL 33064
4.84226E+11,FLORIDA DEPT OF TRANSPORTATION,W COPANS RD POMPANO BEACH  FL 33064
4.84226E+11,FLORIDA DEPT OF TRANSPORTATION,N DIXIE HWY POMPANO BEACH  FL 33060
4.84227E+11,FLORIDA DEPT OF TRANSPORTATION,W COPANS RD POMPANO BEACH  FL 33069
4.84227E+11,FLORIDA DEPT OF TRANSPORTATION,I95 POMPANO BEACH  FL 33060
4.84227E+11,FLORIDA DEPT OF TRANSPORTATION,W COPANS RD POMPANO BEACH  FL 33069
4.84227E+11,FLORIDA DEPT OF TRANSPORTATION,N POWERLINE RD POMPANO BEACH  FL 33069
4.84227E+11,FLORIDA DEPT OF TRANSPORTATION,I95 POMPANO BEACH  FL 33060
4.84227E+11,FLORIDA DEPT OF TRANSPORTATION,SW 15 ST POMPANO BEACH  FL 33069
4.84227E+11,FLORIDA DEPT OF TRANSPORTATION,COPAN RD POMPANO BEACH  FL 33069
4.84227E+11,FLORIDA DEPT OF TRANSPORTATION,W COPANS RD POMPANO BEACH  FL 33060
4.84227E+11,FLORIDA DEPT OF TRANSPORTATION,1251 NW 15 ST POMPANO BEACH  FL 33069
4.84227E+11,FLORIDA DEPT OF TRANSPORTATION,COPANS RD POMPANO BEACH  FL 33069
4.84227E+11,FLORIDA DEPT OF TRANSPORTATION,W COPANS RD POMPANO BEACH  FL 33066
4.84228E+11,FLORIDA DEPT OF TRANSPORTATION,N POWERLINE RD POMPANO BEACH  FL 33069
4.84228E+11,FLORIDA DEPT OF TRANSPORTATION,NW 17 ST POMPANO BEACH  FL 33069
4.8423E+11,FLORIDA DEPT OF TRANSPORTATION,STATE ROAD 7 MARGATE  FL 33063
4.8423E+11,FLORIDA DEPT OF TRANSPORTATION,STATE ROAD 7 MARGATE  FL 33063
4.8423E+11,FLORIDA DEPT OF TRANSPORTATION,STATE ROAD 7 MARGATE  FL 33063
4.84231E+11,FLORIDA DEPT OF TRANSPORTATION,W ATLANTIC BLVD MARGATE  FL 33063
4.84232E+11,FLORIDA DEPT OF TRANSPORTATION,W ATLANTIC BLVD POMPANO BEACH  FL 33069
4.84232E+11,FLORIDA DEPT OF TRANSPORTATION,W ATLANTIC BLVD COCONUT CREEK  FL 33066
4.84232E+11,FLORIDA DEPT OF TRANSPORTATION,W ATLANTIC BLVD POMPANO BEACH  FL 33069
4.84232E+11,FLORIDA DEPT OF TRANSPORTATION,FLORIDA TPKE COCONUT CREEK  FL 33066
4.84232E+11,FLORIDA DEPT OF TRANSPORTATION,W ATLANTIC BLVD COCONUT CREEK  FL 33066
4.84233E+11,FLORIDA DEPT OF TRANSPORTATION,POWERLINE RD POMPANO BEACH  FL 33069
4.84233E+11,FLORIDA DEPT OF TRANSPORTATION,ATLANTIC BLVD POMPANO BEACH  FL 33069
4.84233E+11,FLORIDA DEPT OF TRANSPORTATION,ATLANTIC BLVD POMPANO BEACH  FL 33069
4.84233E+11,FLORIDA DEPT OF TRANSPORTATION,NW 31 AVE POMPANO BEACH  FL 33069
4.84233E+11,FLORIDA DEPT OF TRANSPORTATION,N POWERLINE RD POMPANO BEACH  FL 33069
4.84233E+11,FLORIDA DEPT OF TRANSPORTATION,W ATLANTIC BLVD POMPANO BEACH  FL 33069
4.84233E+11,FLORIDA DEPT OF TRANSPORTATION,NW 24 AVE POMPANO BEACH  FL 33069
4.84233E+11,FLORIDA DEPT OF TRANSPORTATION,W ATLANTIC BLVD POMPANO BEACH  FL 33069
4.84234E+11,FLORIDA DEPT OF TRANSPORTATION,1413 NW 33 DR POMPANO BEACH  FL 33069
4.84234E+11,FLORIDA DEPT OF TRANSPORTATION,NW 31 AVE POMPANO BEACH  FL 33069
4.84234E+11,FLORIDA DEPT OF TRANSPORTATION,NW 31 AVE POMPANO BEACH  FL 33069
4.84234E+11,FLORIDA DEPT OF TRANSPORTATION,NW 31 AVE POMPANO BEACH  FL 33069
4.84234E+11,FLORIDA DEPT OF TRANSPORTATION,W ATLANTIC BLVD POMPANO BEACH  FL 33069
4.84234E+11,FLORIDA DEPT OF TRANSPORTATION,I95 POMPANO BEACH  FL 33060
4.84234E+11,FLORIDA DEPT OF TRANSPORTATION,I-95 POMPANO BEACH  FL 33060
4.84234E+11,FLORIDA DEPT OF TRANSPORTATION,NW 13 ST POMPANO BEACH  FL 33069
4.84234E+11,FLORIDA DEPT OF TRANSPORTATION,NW 15 AVE POMPANO BEACH  FL 33069
4.84234E+11,FLORIDA DEPT OF TRANSPORTATION,I95 POMPANO BEACH  FL 33060
4.84234E+11,FLORIDA DEPT OF TRANSPORTATION,W ATLANTIC BLVD POMPANO BEACH  FL 33069
4.84234E+11,FLORIDA DEPT OF TRANSPORTATION,I95 POMPANO BEACH  FL 33060
4.84234E+11,FLORIDA DEPT OF TRANSPORTATION,I95 POMPANO BEACH  FL 33069
4.84234E+11,FLORIDA DEPT OF TRANSPORTATION,I95 POMPANO BEACH  FL 33060
4.84234E+11,FLORIDA DEPT OF TRANSPORTATION,I95 POMPANO BEACH  FL 33060
4.84234E+11,FLORIDA DEPT OF TRANSPORTATION,I95 POMPANO BEACH  FL 33060
4.84234E+11,FLORIDA DEPT OF TRANSPORTATION,NW 8 ST POMPANO BEACH  FL 33069
4.84234E+11,FLORIDA DEPT OF TRANSPORTATION,DR MARTIN LUTHER KING JR BLVD POMPANO BEACH  FL 33069
4.84234E+11,FLORIDA DEPT OF TRANSPORTATION,N ANDREWS AVE POMPANO BEACH  FL 33069
4.84234E+11,FLORIDA DEPT OF TRANSPORTATION,I95 POMPANO BEACH  FL 33069
4.84234E+11,FLORIDA DEPT OF TRANSPORTATION,DR MARTIN LUTHER KING JR BLVD POMPANO BEACH  FL 33060
4.84234E+11,FLORIDA DEPT OF TRANSPORTATION,I95 POMPANO BEACH  FL 33060
4.84234E+11,FLORIDA DEPT OF TRANSPORTATION,I95 POMPANO BEACH  FL 33069
4.84234E+11,FLORIDA DEPT OF TRANSPORTATION,ATLANTIC BLVD POMPANO BEACH  FL 33069
4.84234E+11,FLORIDA DEPT OF TRANSPORTATION,ATLANTIC BLVD POMPANO BEACH  FL 33069
4.84234E+11,FLORIDA DEPT OF TRANSPORTATION,ATLANTIC BLVD POMPANO BEACH  FL 33069
4.84234E+11,FLORIDA DEPT OF TRANSPORTATION,DR MARTIN LUTHER KING JR BLVD POMPANO BEACH  FL 33069
4.84234E+11,FLORIDA DEPT OF TRANSPORTATION,W ATLANTIC BLVD POMPANO BEACH  FL 33069
4.84234E+11,FLORIDA DEPT OF TRANSPORTATION,DR MARTIN LUTHER KING JR BLVD POMPANO BEACH  FL 33069
4.84234E+11,FLORIDA DEPT OF TRANSPORTATION,NW 15 ST POMPANO BEACH  FL 33069
4.84234E+11,FLORIDA DEPT OF TRANSPORTATION,POWERLINE RD POMPANO BEACH  FL 33069
4.84234E+11,FLORIDA DEPT OF TRANSPORTATION,ATLANTIC BLVD POMPANO BEACH  FL 33069
4.84234E+11,FLORIDA DEPT OF TRANSPORTATION,I95 POMPANO BEACH  FL 33060
4.84234E+11,FLORIDA DEPT OF TRANSPORTATION,I95 POMPANO BEACH  FL 33060
4.84234E+11,FLORIDA DEPT OF TRANSPORTATION,I95 POMPANO BEACH  FL 33060
4.84234E+11,FLORIDA DEPT OF TRANSPORTATION,NW 1 ST POMPANO BEACH  FL 33060
4.84234E+11,FLORIDA DEPT OF TRANSPORTATION,NW 1 ST POMPANO BEACH  FL 33060
4.84234E+11,FLORIDA DEPT OF TRANSPORTATION,NW 10 AVE POMPANO BEACH  FL 33060
4.84234E+11,FLORIDA DEPT OF TRANSPORTATION,NW 10 AVE POMPANO BEACH  FL 33060
4.84234E+11,FLORIDA DEPT OF TRANSPORTATION,I95 POMPANO BEACH  FL 33060
4.84234E+11,FLORIDA DEPT OF TRANSPORTATION,NW 10 AVE POMPANO BEACH  FL 33060
4.84234E+11,FLORIDA DEPT OF TRANSPORTATION,NW 10 AVE POMPANO BEACH  FL 33060
4.84234E+11,FLORIDA DEPT OF TRANSPORTATION,NW 10 AVE POMPANO BEACH  FL 33060
4.84234E+11,FLORIDA DEPT OF TRANSPORTATION,NW 10 AVE POMPANO BEACH  FL 33060
4.84234E+11,FLORIDA DEPT OF TRANSPORTATION,NW 10 AVE POMPANO BEACH  FL 33060
4.84234E+11,FLORIDA DEPT OF TRANSPORTATION,I95 POMPANO BEACH  FL 33060
4.84234E+11,FLORIDA DEPT OF TRANSPORTATION,I95 POMPANO BEACH  FL 33060
4.84234E+11,FLORIDA DEPT OF TRANSPORTATION,I95 POMPANO BEACH  FL 33060
4.84234E+11,FLORIDA DEPT OF TRANSPORTATION,NW 10 AVE POMPANO BEACH  FL 33060
4.84234E+11,FLORIDA DEPT OF TRANSPORTATION,I95 POMPANO BEACH  FL 33060
4.84234E+11,FLORIDA DEPT OF TRANSPORTATION,I95 POMPANO BEACH  FL 33060
4.84234E+11,FLORIDA DEPT OF TRANSPORTATION,I95 POMPANO BEACH  FL 33060
4.84234E+11,FLORIDA DEPT OF TRANSPORTATION,I95 POMPANO BEACH  FL 33060
4.84234E+11,FLORIDA DEPT OF TRANSPORTATION,I95 POMPANO BEACH  FL 33060
4.84234E+11,FLORIDA DEPT OF TRANSPORTATION,I95 POMPANO BEACH  FL 33060
4.84234E+11,FLORIDA DEPT OF TRANSPORTATION,I95 POMPANO BEACH  FL 33060
4.84234E+11,FLORIDA DEPT OF TRANSPORTATION,I95 POMPANO BEACH  FL 33060
4.84234E+11,FLORIDA DEPT OF TRANSPORTATION,I95 POMPANO BEACH  FL 33060
4.84234E+11,FLORIDA DEPT OF TRANSPORTATION,I95 POMPANO BEACH  FL 33060
4.84234E+11,FLORIDA DEPT OF TRANSPORTATION,I95 POMPANO BEACH  FL 33060
4.84234E+11,FLORIDA DEPT OF TRANSPORTATION,I95 POMPANO BEACH  FL 33060
4.84234E+11,FLORIDA DEPT OF TRANSPORTATION,I95 POMPANO BEACH  FL 33060
4.84234E+11,FLORIDA DEPT OF TRANSPORTATION,I95 POMPANO BEACH  FL 33060
4.84234E+11,FLORIDA DEPT OF TRANSPORTATION,I95 POMPANO BEACH  FL 33060
4.84234E+11,FLORIDA DEPT OF TRANSPORTATION,I95 POMPANO BEACH  FL 33060
4.84234E+11,FLORIDA DEPT OF TRANSPORTATION,I95 POMPANO BEACH  FL 33060
4.84234E+11,FLORIDA DEPT OF TRANSPORTATION,I95 POMPANO BEACH  FL 33060
4.84234E+11,FLORIDA DEPT OF TRANSPORTATION,I95 POMPANO BEACH  FL 33060
4.84234E+11,FLORIDA DEPT OF TRANSPORTATION,I95 POMPANO BEACH  FL 33060
4.84234E+11,FLORIDA DEPT OF TRANSPORTATION,I95 POMPANO BEACH  FL 33060
4.84234E+11,FLORIDA DEPT OF TRANSPORTATION,I95 POMPANO BEACH  FL 33069
4.84234E+11,FLORIDA DEPT OF TRANSPORTATION,I95 POMPANO BEACH  FL 33069
4.84234E+11,FLORIDA DEPT OF TRANSPORTATION,I95 POMPANO BEACH  FL 33069
4.84234E+11,FLORIDA DEPT OF TRANSPORTATION,I95 POMPANO BEACH  FL 33069
4.84234E+11,FLORIDA DEPT OF TRANSPORTATION,I95 POMPANO BEACH  FL 33069
4.84234E+11,FLORIDA DEPT OF TRANSPORTATION,I95 POMPANO BEACH  FL 33069
4.84234E+11,FLORIDA DEPT OF TRANSPORTATION,I95 POMPANO BEACH  FL 33069
4.84234E+11,FLORIDA DEPT OF TRANSPORTATION,I95 POMPANO BEACH  FL 33069
4.84234E+11,FLORIDA DEPT OF TRANSPORTATION,I95 POMPANO BEACH  FL 33069
4.84234E+11,FLORIDA DEPT OF TRANSPORTATION,I95 POMPANO BEACH  FL 33069
4.84234E+11,FLORIDA DEPT OF TRANSPORTATION,I95 POMPANO BEACH  FL 33069
4.84234E+11,FLORIDA DEPT OF TRANSPORTATION,I95 POMPANO BEACH  FL 33069
4.84234E+11,FLORIDA DEPT OF TRANSPORTATION,I95 POMPANO BEACH  FL 33069
4.84234E+11,FLORIDA DEPT OF TRANSPORTATION,I95 POMPANO BEACH  FL 33069
4.84234E+11,FLORIDA DEPT OF TRANSPORTATION,W ATLANTIC BLVD POMPANO BEACH  FL 33069
4.84234E+11,FLORIDA DEPT OF TRANSPORTATION,ATLANTIC BLVD POMPANO BEACH  FL 33069
4.84234E+11,FLORIDA DEPT OF TRANSPORTATION,NW 16 AVE POMPANO BEACH  FL 33069
4.84234E+11,FLORIDA DEPT OF TRANSPORTATION,W ATLANTIC BLVD POMPANO BEACH  FL 33069
4.84234E+11,FLORIDA DEPT OF TRANSPORTATION,W ATLANTIC BLVD POMPANO BEACH  FL 33069
4.84234E+11,FLORIDA DEPT OF TRANSPORTATION,NW 1 ST POMPANO BEACH  FL 33069
4.84234E+11,FLORIDA DEPT OF TRANSPORTATION,W ATLANTIC BLVD POMPANO BEACH  FL 33069
4.84234E+11,FLORIDA DEPT OF TRANSPORTATION,NW 17 AVE POMPANO BEACH  FL 33069
4.84234E+11,FLORIDA DEPT OF TRANSPORTATION,W ATLANTIC BLVD POMPANO BEACH  FL 33069
4.84234E+11,FLORIDA DEPT OF TRANSPORTATION,NW 17 AVE POMPANO BEACH  FL 33069
4.84234E+11,FLORIDA DEPT OF TRANSPORTATION,W ATLANTIC BLVD POMPANO BEACH  FL 33069
4.84234E+11,FLORIDA DEPT OF TRANSPORTATION,I95 POMPANO BEACH  FL 33060
4.84234E+11,FLORIDA DEPT OF TRANSPORTATION,N ANDREWS AVE POMPANO BEACH  FL 33069
4.84234E+11,FLORIDA DEPT OF TRANSPORTATION,N POWERLINE RD POMPANO BEACH  FL 33069
4.84234E+11,FLORIDA DEPT OF TRANSPORTATION,N POWERLINE RD POMPANO BEACH  FL 33069
4.84235E+11,FLORIDA DEPT OF TRANSPORTATION,NW 16 AVE POMPANO BEACH  FL 33069
4.84235E+11,FLORIDA DEPT OF TRANSPORTATION,W ATLANTIC BLVD POMPANO BEACH  FL 33060
4.84235E+11,FLORIDA DEPT OF TRANSPORTATION,W ATLANTIC BLVD POMPANO BEACH  FL 33060
4.84235E+11,FLORIDA DEPT OF TRANSPORTATION,W ATLANTIC BLVD POMPANO BEACH  FL 33060
4.84235E+11,FLORIDA DEPT OF TRANSPORTATION,W ATLANTIC BLVD POMPANO BEACH  FL 33060
4.84235E+11,FLORIDA DEPT OF TRANSPORTATION,I95 POMPANO BEACH  FL 33060
4.84235E+11,FLORIDA DEPT OF TRANSPORTATION,W ATLANTIC BLVD POMPANO BEACH  FL 33060
4.84235E+11,FLORIDA DEPT OF TRANSPORTATION,W ATLANTIC BLVD POMPANO BEACH  FL 33060
4.84235E+11,FLORIDA DEPT OF TRANSPORTATION,NW 1 ST POMPANO BEACH  FL 33060
4.84235E+11,FLORIDA DEPT OF TRANSPORTATION,N DIXIE HWY POMPANO BEACH  FL 33060
4.84235E+11,FLORIDA DEPT OF TRANSPORTATION,1377 N DIXIE HWY POMPANO BEACH  FL 33060
4.84235E+11,FLORIDA DEPT OF TRANSPORTATION,NW 10 AVE POMPANO BEACH  FL 33060
4.84235E+11,FLORIDA DEPT OF TRANSPORTATION,I95 POMPANO BEACH  FL 33060
4.84235E+11,FLORIDA DEPT OF TRANSPORTATION,NW 10 AVE POMPANO BEACH  FL 33060
4.84235E+11,FLORIDA DEPT OF TRANSPORTATION,NW 10 AVE POMPANO BEACH  FL 33060
4.84235E+11,FLORIDA DEPT OF TRANSPORTATION,NW 10 AVE POMPANO BEACH  FL 33060
4.84235E+11,FLORIDA DEPT OF TRANSPORTATION,NW 10 AVE POMPANO BEACH  FL 33060
4.84235E+11,FLORIDA DEPT OF TRANSPORTATION,I95 POMPANO BEACH  FL 33060
4.84236E+11,FLORIDA DEPT OF TRANSPORTATION,W ATLANTIC BLVD POMPANO BEACH  FL 33063
4.84236E+11,FLORIDA DEPT OF TRANSPORTATION,N FEDERAL HWY POMPANO BEACH  FL 33062
4.84236E+11,FLORIDA DEPT OF TRANSPORTATION,NE 20 AVE POMPANO BEACH  FL 33060
4.84236E+11,FLORIDA DEPT OF TRANSPORTATION,E ATLANTIC BLVD POMPANO BEACH  FL 33062
4.84236E+11,FLORIDA DEPT OF TRANSPORTATION,N FEDERAL HWY POMPANO BEACH  FL 33060
4.84236E+11,FLORIDA DEPT OF TRANSPORTATION,N FEDERAL HWY POMPANO BEACH  FL 33062
4.84236E+11,FLORIDA DEPT OF TRANSPORTATION,N FEDERAL HWY POMPANO BEACH  FL 33062
4.84305E+11,FLORIDA DEPT OF TRANSPORTATION,NE 2 ST DEERFIELD BEACH  FL 33441
4.84306E+11,FLORIDA DEPT OF TRANSPORTATION,HILLSBORO BLVD DEERFIELD BEACH  FL 33441
4.84306E+11,FLORIDA DEPT OF TRANSPORTATION,W HILLSBORO BLVD DEERFIELD BEACH  FL 33441
4.84306E+11,FLORIDA DEPT OF TRANSPORTATION,S DIXIE HWY DEERFIELD BEACH  FL 33441
4.84306E+11,FLORIDA DEPT OF TRANSPORTATION,S DIXIE HWY DEERFIELD BEACH  FL 33441
4.84306E+11,FLORIDA DEPT OF TRANSPORTATION,S DIXIE HWY DEERFIELD BEACH  FL 33441
4.84306E+11,FLORIDA DEPT OF TRANSPORTATION,E HILLSBORO BLVD DEERFIELD BEACH  FL 33441
4.84306E+11,FLORIDA DEPT OF TRANSPORTATION,NE 2 ST DEERFIELD BEACH  FL 33441
4.84306E+11,FLORIDA DEPT OF TRANSPORTATION,S DIXIE HWY DEERFIELD BEACH  FL 33441
4.84306E+11,FLORIDA DEPT OF TRANSPORTATION,62 SW 2 CT DEERFIELD BEACH  FL 33441
4.84306E+11,FLORIDA DEPT OF TRANSPORTATION,291 S DIXIE HWY DEERFIELD BEACH  FL 33441
4.84306E+11,FLORIDA DEPT OF TRANSPORTATION,E HILLSBORO BLVD DEERFIELD BEACH  FL 33441
4.84306E+11,FLORIDA DEPT OF TRANSPORTATION,14 SW 1 CT DEERFIELD BEACH  FL 33441
4.84306E+11,FLORIDA DEPT OF TRANSPORTATION,179 S DIXIE HWY DEERFIELD BEACH  FL 33441
4.84306E+11,FLORIDA DEPT OF TRANSPORTATION,183 S DIXIE HWY DEERFIELD BEACH  FL 33441
4.84306E+11,FLORIDA DEPT OF TRANSPORTATION,DIXIE HWY DEERFIELD BEACH  FL 33441
4.84306E+11,FLORIDA DEPT OF TRANSPORTATION,201 S DIXIE HWY DEERFIELD BEACH  FL 33441
4.84306E+11,FLORIDA DEPT OF TRANSPORTATION,231 S DIXIE HWY DEERFIELD BEACH  FL 33441
4.84306E+11,FLORIDA DEPT OF TRANSPORTATION,249 S DIXIE HWY DEERFIELD BEACH  FL 33441
4.84306E+11,FLORIDA DEPT OF TRANSPORTATION,SE 1 TER DEERFIELD BEACH  FL 33441
4.84306E+11,FLORIDA DEPT OF TRANSPORTATION,HILLSBORO BLVD DEERFIELD BEACH  FL 33441
4.84306E+11,FLORIDA DEPT OF TRANSPORTATION,HILLSBORO BLVD DEERFIELD BEACH  FL 33441
4.84306E+11,FLORIDA DEPT OF TRANSPORTATION,HILLSBORO BLVD DEERFIELD BEACH  FL 33441
4.84306E+11,FLORIDA DEPT OF TRANSPORTATION,S DIXIE HWY DEERFIELD BEACH  FL 33441
4.84306E+11,FLORIDA DEPT OF TRANSPORTATION,509 S DIXIE HWY DEERFIELD BEACH  FL 33441
4.84306E+11,FLORIDA DEPT OF TRANSPORTATION,S DIXIE HWY DEERFIELD BEACH  FL 33441
4.84306E+11,FLORIDA DEPT OF TRANSPORTATION,E HILLSBORO BLVD DEERFIELD BEACH  FL 33441
4.84306E+11,FLORIDA DEPT OF TRANSPORTATION,385 S DIXIE HWY DEERFIELD BEACH  FL 33441
4.84306E+11,FLORIDA DEPT OF TRANSPORTATION,285 S DIXIE HWY DEERFIELD BEACH  FL 33441
4.84306E+11,FLORIDA DEPT OF TRANSPORTATION,279 S DIXIE HWY DEERFIELD BEACH  FL 33441
4.84306E+11,FLORIDA DEPT OF TRANSPORTATION,HILLSBORO BLVD DEERFIELD BEACH  FL 33441
4.84306E+11,FLORIDA DEPT OF TRANSPORTATION,HILLSBORO BLVD DEERFIELD BEACH  FL 33441
4.84306E+11,FLORIDA DEPT OF TRANSPORTATION,HILLSBORO BLVD DEERFIELD BEACH  FL 33441
4.84306E+11,FLORIDA DEPT OF TRANSPORTATION,HILLSBORO BLVD DEERFIELD BEACH  FL 33441
4.84306E+11,FLORIDA DEPT OF TRANSPORTATION,HILLSBORO BLVD DEERFIELD BEACH  FL 33441
4.84306E+11,FLORIDA DEPT OF TRANSPORTATION,E HILLSBORO BLVD DEERFIELD BEACH  FL 33441
4.84306E+11,FLORIDA DEPT OF TRANSPORTATION,E HILLSBORO BLVD DEERFIELD BEACH  FL 33441
4.84306E+11,FLORIDA DEPT OF TRANSPORTATION,E HILLSBORO BLVD DEERFIELD BEACH  FL 33441
4.84306E+11,FLORIDA DEPT OF TRANSPORTATION,E HILLSBORO BLVD DEERFIELD BEACH  FL 33441
4.84306E+11,FLORIDA DEPT OF TRANSPORTATION,E HILLSBORO BLVD DEERFIELD BEACH  FL 33441
4.84306E+11,FLORIDA DEPT OF TRANSPORTATION,E HILLSBORO BLVD DEERFIELD BEACH  FL 33441
4.84306E+11,FLORIDA DEPT OF TRANSPORTATION,HILLSBORO BLVD DEERFIELD BEACH  FL 33441
4.84306E+11,FLORIDA DEPT OF TRANSPORTATION,HILLSBORO BLVD DEERFIELD BEACH  FL 33441
4.84306E+11,FLORIDA DEPT OF TRANSPORTATION,HILLSBORO BLVD DEERFIELD BEACH  FL 33441
4.84307E+11,FLORIDA DEPT OF TRANSPORTATION,W HILLSBORO BLVD DEERFIELD BEACH  FL 33441
4.84307E+11,FLORIDA DEPT OF TRANSPORTATION,SE 15 ST DEERFIELD BEACH  FL 33441
4.84307E+11,FLORIDA DEPT OF TRANSPORTATION,SE 10 ST DEERFIELD BEACH  FL 33441
4.84307E+11,FLORIDA DEPT OF TRANSPORTATION,SE 13 CT DEERFIELD BEACH  FL 33441
4.84307E+11,FLORIDA DEPT OF TRANSPORTATION,SE 13 CT DEERFIELD BEACH  FL 33441
4.84307E+11,FLORIDA DEPT OF TRANSPORTATION,N FEDERAL HWY POMPANO BEACH  FL 33064
4.84307E+11,FLORIDA DEPT OF TRANSPORTATION,NE 49 ST POMPANO BEACH  FL 33064
4.84308E+11,FLORIDA DEPT OF TRANSPORTATION,HILLSBORO MILE HILLSBORO BEACH  FL 33062
4.84308E+11,FLORIDA DEPT OF TRANSPORTATION,HILLSBORO MILE HILLSBORO BEACH  FL 33062
4.84317E+11,FLORIDA DEPT OF TRANSPORTATION,HILLSBORO MILE HILLSBORO BEACH  FL 33062
4.84317E+11,FLORIDA DEPT OF TRANSPORTATION,HILLSBORO MILE HILLSBORO BEACH  FL 33062
4.84318E+11,FLORIDA DEPT OF TRANSPORTATION,NE 48 ST POMPANO BEACH  FL 33064
4.84318E+11,FLORIDA DEPT OF TRANSPORTATION,N FEDERAL HWY POMPANO BEACH  FL 33064
4.84318E+11,FLORIDA DEPT OF TRANSPORTATION,E SAMPLE RD POMPANO BEACH  FL 33064
4.84318E+11,FLORIDA DEPT OF TRANSPORTATION,E SAMPLE RD POMPANO BEACH  FL 33064
4.84318E+11,FLORIDA DEPT OF TRANSPORTATION,N FEDERAL HWY LIGHTHOUSE POINT  FL 33064
4.84319E+11,FLORIDA DEPT OF TRANSPORTATION,N FEDERAL HWY LIGHTHOUSE POINT  FL 33064
4.84319E+11,FLORIDA DEPT OF TRANSPORTATION,US-1 LIGHTHOUSE POINT  FL 33064
4.84319E+11,FLORIDA DEPT OF TRANSPORTATION,N FEDERAL HWY LIGHTHOUSE POINT  FL 33064
4.84319E+11,FLORIDA DEPT OF TRANSPORTATION,N FEDERAL HWY POMPANO BEACH  FL 33064
4.8432E+11,FLORIDA DEPT OF TRANSPORTATION,HILLSBORO MILE HILLSBORO BEACH  FL 33062
4.8432E+11,FLORIDA DEPT OF TRANSPORTATION,STATE RD A-1-A HILLSBORO BEACH  FL 33062
4.8432E+11,FLORIDA DEPT OF TRANSPORTATION,HILLSBORO MILE HILLSBORO BEACH  FL 33062
4.8432E+11,FLORIDA DEPT OF TRANSPORTATION,HILLSBORO MILE HILLSBORO BEACH  FL 33062
4.8432E+11,FLORIDA DEPT OF TRANSPORTATION,SR A-1-A (OCEAN BLVD) HILLSBORO BEACH  FL 33062
4.84329E+11,FLORIDA DEPT OF TRANSPORTATION,SR A-1-A (OCEAN BLVD) POMPANO BEACH  FL 33062
4.84329E+11,FLORIDA DEPT OF TRANSPORTATION,STATE ROAD AIA POMPANO BEACH  FL 33062
4.84329E+11,FLORIDA DEPT OF TRANSPORTATION,ST ROAD A-1-A POMPANO BEACH  FL 33062
4.84329E+11,FLORIDA DEPT OF TRANSPORTATION,N OCEAN BLVD POMPANO BEACH  FL 33062
4.8433E+11,FLORIDA DEPT OF TRANSPORTATION,NE 14 ST POMPANO BEACH  FL 33062
4.8433E+11,FLORIDA DEPT OF TRANSPORTATION,ST RD A-1-A POMPANO BEACH  FL 33062
4.8433E+11,FLORIDA DEPT OF TRANSPORTATION,US HWY 1 POMPANO BEACH  FL 33062
4.8433E+11,FLORIDA DEPT OF TRANSPORTATION,N FEDERAL HWY POMPANO BEACH  FL 33062
4.8433E+11,FLORIDA DEPT OF TRANSPORTATION,N OCEAN BLVD POMPANO BEACH  FL 33062
4.8433E+11,FLORIDA DEPT OF TRANSPORTATION,N OCEAN BLVD POMPANO BEACH  FL 33062
4.8433E+11,FLORIDA DEPT OF TRANSPORTATION,N OCEAN BLVD POMPANO BEACH  FL 33062
4.8433E+11,FLORIDA DEPT OF TRANSPORTATION,N OCEAN BLVD POMPANO BEACH  FL 33062
4.8433E+11,FLORIDA DEPT OF TRANSPORTATION,N OCEAN BLVD POMPANO BEACH  FL 33062
4.8433E+11,FLORIDA DEPT OF TRANSPORTATION,NE 14 ST POMPANO BEACH  FL 33069
4.8433E+11,FLORIDA DEPT OF TRANSPORTATION,N OCEAN BLVD POMPANO BEACH  FL 33062
4.84331E+11,FLORIDA DEPT OF TRANSPORTATION,ST RD A-1-A POMPANO BEACH  FL 33062
4.84331E+11,FLORIDA DEPT OF TRANSPORTATION,US HWY 1 POMPANO BEACH  FL 33062
4.84331E+11,FLORIDA DEPT OF TRANSPORTATION,E ATLANTIC BLVD POMPANO BEACH  FL 33060
4.84331E+11,FLORIDA DEPT OF TRANSPORTATION,N OCEAN BLVD POMPANO BEACH  FL 33062
4.84331E+11,FLORIDA DEPT OF TRANSPORTATION,N OCEAN BLVD POMPANO BEACH  FL 33062
4.84331E+11,FLORIDA DEPT OF TRANSPORTATION,NE 10 ST POMPANO BEACH  FL 33062
4.84331E+11,FLORIDA DEPT OF TRANSPORTATION,N OCEAN BLVD POMPANO BEACH  FL 33062
4.84331E+11,FLORIDA DEPT OF TRANSPORTATION,N OCEAN BLVD POMPANO BEACH  FL 33062
4.84331E+11,FLORIDA DEPT OF TRANSPORTATION,N STATE ROAD A-1-A POMPANO BEACH  FL 33062
4.84331E+11,FLORIDA DEPT OF TRANSPORTATION,S STATE ROAD A-1-A POMPANO BEACH  FL 33062
4.84332E+11,FLORIDA DEPT OF TRANSPORTATION,N OCEAN BLVD POMPANO BEACH  FL 33062
4.93921E+11,FLORIDA DEPT OF TRANSPORTATION,EVERGLADES UNINCORPORATED  FL 33327
4.93927E+11,FLORIDA DEPT OF TRANSPORTATION,EVERGLADES UNINCORPORATED  FL 33327
4.93927E+11,FLORIDA DEPT OF TRANSPORTATION,EVERGLADES UNINCORPORATED  FL 33327
4.93928E+11,FLORIDA DEPT OF TRANSPORTATION,EVERGLADES UNINCORPORATED  FL 33327
4.93928E+11,FLORIDA DEPT OF TRANSPORTATION,US 27 UNINCORPORATED  FL 0
4.93933E+11,FLORIDA DEPT OF TRANSPORTATION,I75 WESTON  FL 33327
4.93933E+11,FLORIDA DEPT OF TRANSPORTATION,US 27 HWY WESTON  FL 33327
4.93934E+11,FLORIDA DEPT OF TRANSPORTATION,STATE ROAD 84 RAMP WESTON  FL 33327
4.93934E+11,FLORIDA DEPT OF TRANSPORTATION,US 27 HWY WESTON  FL 33331
4.93934E+11,FLORIDA DEPT OF TRANSPORTATION,US 27 WESTON  FL 33331
4.93934E+11,FLORIDA DEPT OF TRANSPORTATION,US 27 WESTON  FL 33331
4.93934E+11,FLORIDA DEPT OF TRANSPORTATION,US 27 HWY WESTON  FL 33327
4.93934E+11,FLORIDA DEPT OF TRANSPORTATION,US 27 HWY WESTON  FL 33327
4.93934E+11,FLORIDA DEPT OF TRANSPORTATION,US 27 HWY WESTON  FL 33327
4.93934E+11,FLORIDA DEPT OF TRANSPORTATION,US 27 HWY WESTON  FL 33327
4.93934E+11,FLORIDA DEPT OF TRANSPORTATION,US 27 HWY WESTON  FL 33327
4.93934E+11,FLORIDA DEPT OF TRANSPORTATION,US HWY 27 WESTON  FL 33331
4.94013E+11,FLORIDA DEPT OF TRANSPORTATION,SAWGRASS SUNRISE  FL 33323
4.94013E+11,FLORIDA DEPT OF TRANSPORTATION,SAWGRASS EXPY SUNRISE  FL 33323
4.94013E+11,FLORIDA DEPT OF TRANSPORTATION,SAWGRASS EXPY SUNRISE  FL 33323
4.94013E+11,FLORIDA DEPT OF TRANSPORTATION,SAWGRASS EXPY SUNRISE  FL 33323
4.94023E+11,FLORIDA DEPT OF TRANSPORTATION,SAWGRASS EXPY SUNRISE  FL 33323
4.94023E+11,FLORIDA DEPT OF TRANSPORTATION,SAWGRASS EXPY SUNRISE  FL 33323
4.94023E+11,FLORIDA DEPT OF TRANSPORTATION,SAWGRASS EXPY SUNRISE  FL 33323
4.94023E+11,FLORIDA DEPT OF TRANSPORTATION,SAWGRASS EXPY SUNRISE  FL 33323
4.94023E+11,FLORIDA DEPT OF TRANSPORTATION,SAWGRASS EXPY SUNRISE  FL 33323
4.94023E+11,FLORIDA DEPT OF TRANSPORTATION,W OAKLAND PARK BLVD SUNRISE  FL 33323
4.94023E+11,FLORIDA DEPT OF TRANSPORTATION,SAWGRASS EXPY SUNRISE  FL 33323
4.94023E+11,FLORIDA DEPT OF TRANSPORTATION,SAWGRASS EXPY SUNRISE  FL 33323
4.94023E+11,FLORIDA DEPT OF TRANSPORTATION,SAWGRASS EXPY SUNRISE  FL 33323
4.94023E+11,FLORIDA DEPT OF TRANSPORTATION,SAWGRASS EXPY SUNRISE  FL 33323
4.94023E+11,FLORIDA DEPT OF TRANSPORTATION,SAWGRASS EXPY SUNRISE  FL 33323
4.94024E+11,FLORIDA DEPT OF TRANSPORTATION,SAWGRASS EXPY SUNRISE  FL 33323
4.94026E+11,FLORIDA DEPT OF TRANSPORTATION,SAWGRASS EXPY SUNRISE  FL 33323
4.94027E+11,FLORIDA DEPT OF TRANSPORTATION,SAWGRASS EXPY SUNRISE  FL 33323
4.94027E+11,FLORIDA DEPT OF TRANSPORTATION,SAWGRASS EXPY SUNRISE  FL 33323
4.94027E+11,FLORIDA DEPT OF TRANSPORTATION,SAWGRASS EXPY SUNRISE  FL 33323
4.94027E+11,FLORIDA DEPT OF TRANSPORTATION,SAWGRASS EXPY SUNRISE  FL 33323
4.94027E+11,FLORIDA DEPT OF TRANSPORTATION,SAWGRASS EXPY SUNRISE  FL 33323
4.94027E+11,FLORIDA DEPT OF TRANSPORTATION,SAWGRASS EXPY SUNRISE  FL 33323
4.94027E+11,FLORIDA DEPT OF TRANSPORTATION,SAWGRASS EXPY SUNRISE  FL 33323
4.94027E+11,FLORIDA DEPT OF TRANSPORTATION,SAWGRASS SUNRISE  FL 33323
4.94027E+11,FLORIDA DEPT OF TRANSPORTATION,W SUNRISE BLVD SUNRISE  FL 33323
4.94027E+11,FLORIDA DEPT OF TRANSPORTATION,SAWGRASS SUNRISE  FL 33323
4.94027E+11,FLORIDA DEPT OF TRANSPORTATION,SAWGRASS SUNRISE  FL 33323
4.94027E+11,FLORIDA DEPT OF TRANSPORTATION,SAWGRASS EXPY SUNRISE  FL 33323
4.94027E+11,FLORIDA DEPT OF TRANSPORTATION,SAWGRASS EXPY SUNRISE  FL 33323
4.94027E+11,FLORIDA DEPT OF TRANSPORTATION,SAWGRASS SUNRISE  FL 33323
4.94027E+11,FLORIDA DEPT OF TRANSPORTATION,SAWGRASS SUNRISE  FL 33326
4.94031E+11,FLORIDA DEPT OF TRANSPORTATION,STATE ROAD 84 WESTON  FL 33331
4.94034E+11,FLORIDA DEPT OF TRANSPORTATION,SAWGRASS SUNRISE  FL 33323
4.94034E+11,FLORIDA DEPT OF TRANSPORTATION,SAWGRASS RAMP SUNRISE  FL 0
4.94034E+11,FLORIDA DEPT OF TRANSPORTATION,SAWGRASS CORPORATE PKWY SUNRISE  FL 33323
4.94034E+11,FLORIDA DEPT OF TRANSPORTATION,SAWGRASS ESPRESSWAY SUNRISE  FL 33323
4.94034E+11,FLORIDA DEPT OF TRANSPORTATION,SAWGRASS CORP PKWY SUNRISE  FL 33323
4.94103E+11,FLORIDA DEPT OF TRANSPORTATION,N UNIVERSITY DR TAMARAC  FL 33321
4.94103E+11,FLORIDA DEPT OF TRANSPORTATION,N UNIVERSITY DR TAMARAC  FL 33321
4.94103E+11,FLORIDA DEPT OF TRANSPORTATION,UNVERSITY DR TAMARAC  FL 33021
4.94103E+11,FLORIDA DEPT OF TRANSPORTATION,N UNIVERSITY DR TAMARAC  FL 33321
4.94104E+11,FLORIDA DEPT OF TRANSPORTATION,UNIVERSITY DR TAMARAC  FL 33321
4.94104E+11,FLORIDA DEPT OF TRANSPORTATION,7601 N UNIVERSITY DR TAMARAC  FL 33321
4.94104E+11,FLORIDA DEPT OF TRANSPORTATION,N UNIVERSITY DR TAMARAC  FL 33321
4.94104E+11,FLORIDA DEPT OF TRANSPORTATION,N UNIVERSITY DR TAMARAC  FL 33321
4.94106E+11,FLORIDA DEPT OF TRANSPORTATION,SAWGRASS EXPY TAMARAC  FL 33321
4.94106E+11,FLORIDA DEPT OF TRANSPORTATION,SAWGRASS EXPY TAMARAC  FL 33321
4.94106E+11,FLORIDA DEPT OF TRANSPORTATION,SAWGRASS TAMARAC  FL 33321
4.94106E+11,FLORIDA DEPT OF TRANSPORTATION,SAWGRASS EXPY TAMARAC  FL 33321
4.94106E+11,FLORIDA DEPT OF TRANSPORTATION,SAWGRASS EXPRESSWAY TAMARAC  FL 33319
4.94106E+11,FLORIDA DEPT OF TRANSPORTATION,SAWGRASS EXPRESSWAY TAMARAC  FL 33319
4.94107E+11,FLORIDA DEPT OF TRANSPORTATION,SAWGRASS EXPY TAMARAC  FL 33321
4.94107E+11,FLORIDA DEPT OF TRANSPORTATION,SAWGRASS EXPY TAMARAC  FL 33321
4.94107E+11,FLORIDA DEPT OF TRANSPORTATION,SAWGRASS EXPY TAMARAC  FL 33321
4.94107E+11,FLORIDA DEPT OF TRANSPORTATION,SAWGRASS EXPY TAMARAC  FL 33321
4.94107E+11,FLORIDA DEPT OF TRANSPORTATION,SAWGRASS EXPY TAMARAC  FL 33321
4.94107E+11,FLORIDA DEPT OF TRANSPORTATION,W COMMERCIAL BLVD TAMARAC  FL 33351
4.94109E+11,FLORIDA DEPT OF TRANSPORTATION,N UNIVERSITY DR TAMARAC  FL 33321
4.9411E+11,FLORIDA DEPT OF TRANSPORTATION,N UNIVERSITY DR TAMARAC  FL 33321
4.9411E+11,FLORIDA DEPT OF TRANSPORTATION,COMMERCIAL BLVD TAMARAC  FL 33021
4.94111E+11,FLORIDA DEPT OF TRANSPORTATION,W COMMERCIAL BLVD TAMARAC  FL 33319
4.94111E+11,FLORIDA DEPT OF TRANSPORTATION,W COMMERCIAL BLVD TAMARAC  FL 33319
4.94112E+11,FLORIDA DEPT OF TRANSPORTATION,COMMERCIAL BLVD TAMARAC  FL 33319
4.94112E+11,FLORIDA DEPT OF TRANSPORTATION,W COMMERCIAL BLVD TAMARAC  FL 33319
4.94113E+11,FLORIDA DEPT OF TRANSPORTATION,COMMERCIAL BLVD TAMARAC  FL 33319
4.94113E+11,FLORIDA DEPT OF TRANSPORTATION,W COMMERCIAL BLVD TAMARAC  FL 33319
4.94113E+11,FLORIDA DEPT OF TRANSPORTATION,W COMMERCIAL BLVD TAMARAC  FL 33319
4.94113E+11,FLORIDA DEPT OF TRANSPORTATION,ACCESS RD TAMARAC  FL 33319
4.94113E+11,FLORIDA DEPT OF TRANSPORTATION,W COMMERCIAL BLVD TAMARAC  FL 33319
4.94113E+11,FLORIDA DEPT OF TRANSPORTATION,W COMMERCIAL BLVD TAMARAC  FL 33319
4.94113E+11,FLORIDA DEPT OF TRANSPORTATION,STATE ROAD 7 NORTH LAUDERDALE  FL 33309
4.94113E+11,FLORIDA DEPT OF TRANSPORTATION,W COMMERCIAL BLVD TAMARAC  FL 33319
4.94113E+11,FLORIDA DEPT OF TRANSPORTATION,W COMMERCIAL BLVD TAMARAC  FL 33319
4.94113E+11,FLORIDA DEPT OF TRANSPORTATION,W COMMERCIAL BLVD TAMARAC  FL 33319
4.94113E+11,FLORIDA DEPT OF TRANSPORTATION,W COMMERCIAL BLVD TAMARAC  FL 33319
4.94114E+11,FLORIDA DEPT OF TRANSPORTATION,W COMMERCIAL BLVD TAMARAC  FL 33319
4.94115E+11,FLORIDA DEPT OF TRANSPORTATION,W COMMERCIAL BLVD LAUDERHILL  FL 33319
4.94115E+11,FLORIDA DEPT OF TRANSPORTATION,UNIVERSITY DR LAUDERHILL  FL 33319
4.94115E+11,FLORIDA DEPT OF TRANSPORTATION,N UNIVERSITY DR LAUDERHILL  FL 33351
4.94118E+11,FLORIDA DEPT OF TRANSPORTATION,W COMMERCIAL BLVD SUNRISE  FL 33351
4.94118E+11,FLORIDA DEPT OF TRANSPORTATION,SAWGRASS SUNRISE  FL 33323
4.94118E+11,FLORIDA DEPT OF TRANSPORTATION,SAWGRASS EXPY SUNRISE  FL 33323
4.94118E+11,FLORIDA DEPT OF TRANSPORTATION,W COMMERCIAL BLVD SUNRISE  FL 33351
4.94118E+11,FLORIDA DEPT OF TRANSPORTATION,SAWGRASS EXPY SUNRISE  FL 33351
4.94118E+11,FLORIDA DEPT OF TRANSPORTATION,W COMMERCIAL BLVD SUNRISE  FL 33351
4.94118E+11,FLORIDA DEPT OF TRANSPORTATION,SAWGRASS EXPY SUNRISE  FL 33351
4.94118E+11,FLORIDA DEPT OF TRANSPORTATION,W COMMERCIAL BLVD SUNRISE  FL 33351
4.94118E+11,FLORIDA DEPT OF TRANSPORTATION,W COMMERCIAL BLVD SUNRISE  FL 33351
4.94118E+11,FLORIDA DEPT OF TRANSPORTATION,W COMMERCIAL BLVD SUNRISE  FL 33351
4.94121E+11,FLORIDA DEPT OF TRANSPORTATION,OAKLAND PARK BLVD SUNRISE  FL 33351
4.94121E+11,FLORIDA DEPT OF TRANSPORTATION,UNIVERSITY DR SUNRISE  FL 33319
4.94121E+11,FLORIDA DEPT OF TRANSPORTATION,UNIVERSITY DR SUNRISE  FL 33351
4.94121E+11,FLORIDA DEPT OF TRANSPORTATION,UNIVERSITY DR SUNRISE  FL 33351
4.94121E+11,FLORIDA DEPT OF TRANSPORTATION,OAKLAND PARK BLVD SUNRISE  FL 33319
4.94121E+11,FLORIDA DEPT OF TRANSPORTATION,N UNIVERSITY DR SUNRISE  FL 33351
4.94121E+11,FLORIDA DEPT OF TRANSPORTATION,N UNIVERSITY DR SUNRISE  FL 33351
4.94121E+11,FLORIDA DEPT OF TRANSPORTATION,N UNIVERSITY DR SUNRISE  FL 33319
4.94122E+11,FLORIDA DEPT OF TRANSPORTATION,W OAKLAND PARK BLVD LAUDERHILL  FL 33319
4.94123E+11,FLORIDA DEPT OF TRANSPORTATION,LIME HILL RD LAUDERHILL  FL 33319
4.94123E+11,FLORIDA DEPT OF TRANSPORTATION,3510 LIMEHILL RD LAUDERHILL  FL 33319
4.94123E+11,FLORIDA DEPT OF TRANSPORTATION,W OAKLAND PARK BLVD LAUDERHILL  FL 33319
4.94124E+11,FLORIDA DEPT OF TRANSPORTATION,N STATE ROAD 7 LAUDERDALE LAKES  FL 33319
4.94124E+11,FLORIDA DEPT OF TRANSPORTATION,ALCEE L HASTINGS PKWY LAUDERDALE LAKES  FL 33319
4.94124E+11,FLORIDA DEPT OF TRANSPORTATION,ALCEE L HASTINGS PKWY LAUDERDALE LAKES  FL 33319
4.94124E+11,FLORIDA DEPT OF TRANSPORTATION,NW 46 AVE LAUDERDALE LAKES  FL 33319
4.94125E+11,FLORIDA DEPT OF TRANSPORTATION,W OAKLAND PARK BLVD LAUDERDALE LAKES  FL 33311
4.94125E+11,FLORIDA DEPT OF TRANSPORTATION,STATE ROAD 7 LAUDERDALE LAKES  FL 33313
4.94125E+11,FLORIDA DEPT OF TRANSPORTATION,STATE ROAD 7 LAUDERHILL  FL 33311
4.94125E+11,FLORIDA DEPT OF TRANSPORTATION,W OAKLAND PARK BLVD LAUDERDALE LAKES  FL 33311
4.94125E+11,FLORIDA DEPT OF TRANSPORTATION,W OAKLAND PARK BLVD LAUDERDALE LAKES  FL 33311
4.94125E+11,FLORIDA DEPT OF TRANSPORTATION,W OAKLAND PARK BLVD LAUDERDALE LAKES  FL 33311
4.94125E+11,FLORIDA DEPT OF TRANSPORTATION,N STATE ROAD 7 LAUDERHILL  FL 33313
4.94128E+11,FLORIDA DEPT OF TRANSPORTATION,SUNSET STRIP SUNRISE  FL 33322
4.94133E+11,FLORIDA DEPT OF TRANSPORTATION,N UNIVERSITY DR PLANTATION  FL 33322
4.94133E+11,FLORIDA DEPT OF TRANSPORTATION,NW 17 CT PLANTATION  FL 33322
4.94133E+11,FLORIDA DEPT OF TRANSPORTATION,W SUNRISE BLVD PLANTATION  FL 33322
4.94133E+11,FLORIDA DEPT OF TRANSPORTATION,W SUNRISE BLVD PLANTATION  FL 33322
4.94133E+11,FLORIDA DEPT OF TRANSPORTATION,W SUNRISE BLVD PLANTATION  FL 33322
4.94134E+11,FLORIDA DEPT OF TRANSPORTATION,W SUNRISE BLVD PLANTATION  FL 33322
4.94134E+11,FLORIDA DEPT OF TRANSPORTATION,W SUNRISE BLVD PLANTATION  FL 33313
4.94134E+11,FLORIDA DEPT OF TRANSPORTATION,W SUNRISE BLVD PLANTATION  FL 33313
4.94136E+11,FLORIDA DEPT OF TRANSPORTATION,STATE ROAD 7 LAUDERHILL  FL 33311
4.94136E+11,FLORIDA DEPT OF TRANSPORTATION,N STATE ROAD 7 LAUDERHILL  FL 33313
4.94136E+11,FLORIDA DEPT OF TRANSPORTATION,STATE ROAD 7 LAUDERHILL  FL 33319
4.94136E+11,FLORIDA DEPT OF TRANSPORTATION,STATE ROAD 7 LAUDERHILL  FL 33311
4.94136E+11,FLORIDA DEPT OF TRANSPORTATION,N STATE ROAD 7 PLANTATION  FL 33313
4.94136E+11,FLORIDA DEPT OF TRANSPORTATION,N STATE ROAD 7 PLANTATION  FL 33313
4.94136E+11,FLORIDA DEPT OF TRANSPORTATION,STATE ROAD 7 PLANTATION  FL 33313
4.94136E+11,FLORIDA DEPT OF TRANSPORTATION,STATE ROAD 7 PLANTATION  FL 33313
4.94136E+11,FLORIDA DEPT OF TRANSPORTATION,STATE ROAD 7 PLANTATION  FL 33313
4.94136E+11,FLORIDA DEPT OF TRANSPORTATION,STATE ROAD 7 PLANTATION  FL 33313
4.94136E+11,FLORIDA DEPT OF TRANSPORTATION,STATE ROAD 7 PLANTATION  FL 33313
4.94136E+11,FLORIDA DEPT OF TRANSPORTATION,STATE ROAD 7 PLANTATION  FL 33313
4.94136E+11,FLORIDA DEPT OF TRANSPORTATION,STATE ROAD 7 PLANTATION  FL 33313
4.94136E+11,FLORIDA DEPT OF TRANSPORTATION,W SUNRISE BLVD PLANTATION  FL 33313
4.94136E+11,FLORIDA DEPT OF TRANSPORTATION,NW 43 AVE PLANTATION  FL 33313
4.94136E+11,FLORIDA DEPT OF TRANSPORTATION,W SUNRISE BLVD PLANTATION  FL 33313
4.94136E+11,FLORIDA DEPT OF TRANSPORTATION,W SUNRISE BLVD PLANTATION  FL 33313
4.94136E+11,FLORIDA DEPT OF TRANSPORTATION,W SUNRISE BLVD PLANTATION  FL 33313
4.94136E+11,FLORIDA DEPT OF TRANSPORTATION,W SUNRISE BLVD PLANTATION  FL 33313
4.94136E+11,FLORIDA DEPT OF TRANSPORTATION,W SUNRISE BLVD PLANTATION  FL 33313
4.94136E+11,FLORIDA DEPT OF TRANSPORTATION,STATE ROAD 7 PLANTATION  FL 33313
4.94136E+11,FLORIDA DEPT OF TRANSPORTATION,STATE ROAD 7 PLANTATION  FL 33313
4.94136E+11,FLORIDA DEPT OF TRANSPORTATION,STATE ROAD 7 PLANTATION  FL 33313
4.94136E+11,FLORIDA DEPT OF TRANSPORTATION,STATE ROAD 7 PLANTATION  FL 33313
4.94136E+11,FLORIDA DEPT OF TRANSPORTATION,STATE ROAD 7 PLANTATION  FL 33313
4.94136E+11,FLORIDA DEPT OF TRANSPORTATION,STATE ROAD 7 PLANTATION  FL 33313
4.94136E+11,FLORIDA DEPT OF TRANSPORTATION,STATE ROAD 7 PLANTATION  FL 33313
4.94136E+11,FLORIDA DEPT OF TRANSPORTATION,STATE ROAD 7 PLANTATION  FL 33313
4.94136E+11,FLORIDA DEPT OF TRANSPORTATION,STATE ROAD 7 PLANTATION  FL 33313
4.94136E+11,FLORIDA DEPT OF TRANSPORTATION,STATE ROAD 7 PLANTATION  FL 33313
4.94136E+11,FLORIDA DEPT OF TRANSPORTATION,STATE ROAD 7 PLANTATION  FL 33313
4.94136E+11,FLORIDA DEPT OF TRANSPORTATION,STATE ROAD 7 PLANTATION  FL 33313
4.94136E+11,FLORIDA DEPT OF TRANSPORTATION,STATE ROAD 7 PLANTATION  FL 33313
4.94136E+11,FLORIDA DEPT OF TRANSPORTATION,W SUNRISE BLVD PLANTATION  FL 33313
4.94136E+11,FLORIDA DEPT OF TRANSPORTATION,NW 40 AVE LAUDERHILL  FL 33313
4.94201E+11,FLORIDA DEPT OF TRANSPORTATION,E ATLANTIC BLVD POMPANO BEACH  FL 33060
4.94201E+11,FLORIDA DEPT OF TRANSPORTATION,E ATLANTIC BLVD POMPANO BEACH  FL 33060
4.94202E+11,FLORIDA DEPT OF TRANSPORTATION,I95 POMPANO BEACH  FL 33060
4.94202E+11,FLORIDA DEPT OF TRANSPORTATION,SW 3 ST POMPANO BEACH  FL 33069
4.94202E+11,FLORIDA DEPT OF TRANSPORTATION,S ANDREWS AVE POMPANO BEACH  FL 33069
4.94202E+11,FLORIDA DEPT OF TRANSPORTATION,I95 POMPANO BEACH  FL 33060
4.94202E+11,FLORIDA DEPT OF TRANSPORTATION,SW 3 ST POMPANO BEACH  FL 33069
4.94202E+11,FLORIDA DEPT OF TRANSPORTATION,SW 2 ST POMPANO BEACH  FL 33069
4.94202E+11,FLORIDA DEPT OF TRANSPORTATION,SW 3 ST POMPANO BEACH  FL 33069
4.94202E+11,FLORIDA DEPT OF TRANSPORTATION,I95 POMPANO BEACH  FL 33060
4.94202E+11,FLORIDA DEPT OF TRANSPORTATION,I95 POMPANO BEACH  FL 33060
4.94202E+11,FLORIDA DEPT OF TRANSPORTATION,ACCESS RD POMPANO BEACH  FL 33060
4.94202E+11,FLORIDA DEPT OF TRANSPORTATION,ACCESS RD POMPANO BEACH  FL 33060
4.94202E+11,FLORIDA DEPT OF TRANSPORTATION,I95 POMPANO BEACH  FL 33060
4.94202E+11,FLORIDA DEPT OF TRANSPORTATION,I95 POMPANO BEACH  FL 33069
4.94202E+11,FLORIDA DEPT OF TRANSPORTATION,I95 POMPANO BEACH  FL 33069
4.94202E+11,FLORIDA DEPT OF TRANSPORTATION,I95 POMPANO BEACH  FL 33069
4.94202E+11,FLORIDA DEPT OF TRANSPORTATION,I95 POMPANO BEACH  FL 33069
4.94202E+11,FLORIDA DEPT OF TRANSPORTATION,I95 POMPANO BEACH  FL 33060
4.94202E+11,FLORIDA DEPT OF TRANSPORTATION,SW 15 ST POMPANO BEACH  FL 33060
4.94202E+11,FLORIDA DEPT OF TRANSPORTATION,I95 POMPANO BEACH  FL 33060
4.94202E+11,FLORIDA DEPT OF TRANSPORTATION,I95 POMPANO BEACH  FL 33060
4.94202E+11,FLORIDA DEPT OF TRANSPORTATION,I95 POMPANO BEACH  FL 33060
4.94202E+11,FLORIDA DEPT OF TRANSPORTATION,I95 POMPANO BEACH  FL 33060
4.94202E+11,FLORIDA DEPT OF TRANSPORTATION,SW 3 ST POMPANO BEACH  FL 33069
4.94202E+11,FLORIDA DEPT OF TRANSPORTATION,SW 12 AVE POMPANO BEACH  FL 33069
4.94202E+11,FLORIDA DEPT OF TRANSPORTATION,W ATLANTIC BLVD POMPANO BEACH  FL 33060
4.94202E+11,FLORIDA DEPT OF TRANSPORTATION,SW 13 CT POMPANO BEACH  FL 33060
4.94202E+11,FLORIDA DEPT OF TRANSPORTATION,I95 POMPANO BEACH  FL 33060
4.94202E+11,FLORIDA DEPT OF TRANSPORTATION,I95 POMPANO BEACH  FL 33069
4.94202E+11,FLORIDA DEPT OF TRANSPORTATION,I95 POMPANO BEACH  FL 33069
4.94202E+11,FLORIDA DEPT OF TRANSPORTATION,I95 POMPANO BEACH  FL 33069
4.94202E+11,FLORIDA DEPT OF TRANSPORTATION,SW 13 CT POMPANO BEACH  FL 33060
4.94202E+11,FLORIDA DEPT OF TRANSPORTATION,SW 13 CT POMPANO BEACH  FL 33060
4.94202E+11,FLORIDA DEPT OF TRANSPORTATION,I95 POMPANO BEACH  FL 33060
4.94202E+11,FLORIDA DEPT OF TRANSPORTATION,I95 POMPANO BEACH  FL 33069
4.94202E+11,FLORIDA DEPT OF TRANSPORTATION,I95 POMPANO BEACH  FL 33060
4.94202E+11,FLORIDA DEPT OF TRANSPORTATION,I95 POMPANO BEACH  FL 33069
4.94202E+11,FLORIDA DEPT OF TRANSPORTATION,I95 POMPANO BEACH  FL 33069
4.94202E+11,FLORIDA DEPT OF TRANSPORTATION,SW 13 ST POMPANO BEACH  FL 33069
4.94202E+11,FLORIDA DEPT OF TRANSPORTATION,SW 12 ST POMPANO BEACH  FL 33069
4.94202E+11,FLORIDA DEPT OF TRANSPORTATION,I95 POMPANO BEACH  FL 33069
4.94202E+11,FLORIDA DEPT OF TRANSPORTATION,I95 POMPANO BEACH  FL 33060
4.94202E+11,FLORIDA DEPT OF TRANSPORTATION,I95 POMPANO BEACH  FL 33069
4.94202E+11,FLORIDA DEPT OF TRANSPORTATION,I95 POMPANO BEACH  FL 33060
4.94202E+11,FLORIDA DEPT OF TRANSPORTATION,SW 13 ST POMPANO BEACH  FL 33060
4.94202E+11,FLORIDA DEPT OF TRANSPORTATION,SW 13 ST POMPANO BEACH  FL 33060
4.94202E+11,FLORIDA DEPT OF TRANSPORTATION,SW 13 ST POMPANO BEACH  FL 33060
4.94202E+11,FLORIDA DEPT OF TRANSPORTATION,SW 13 ST POMPANO BEACH  FL 33060
4.94202E+11,FLORIDA DEPT OF TRANSPORTATION,I95 POMPANO BEACH  FL 33060
4.94202E+11,FLORIDA DEPT OF TRANSPORTATION,I95 POMPANO BEACH  FL 33069
4.94202E+11,FLORIDA DEPT OF TRANSPORTATION,SW 12 ST POMPANO BEACH  FL 33069
4.94202E+11,FLORIDA DEPT OF TRANSPORTATION,SW 11 ST POMPANO BEACH  FL 33069
4.94202E+11,FLORIDA DEPT OF TRANSPORTATION,I95 POMPANO BEACH  FL 33069
4.94202E+11,FLORIDA DEPT OF TRANSPORTATION,I95 POMPANO BEACH  FL 33060
4.94202E+11,FLORIDA DEPT OF TRANSPORTATION,SW 12 ST POMPANO BEACH  FL 33060
4.94202E+11,FLORIDA DEPT OF TRANSPORTATION,SW 12 ST POMPANO BEACH  FL 33060
4.94202E+11,FLORIDA DEPT OF TRANSPORTATION,SW 12 ST POMPANO BEACH  FL 33060
4.94202E+11,FLORIDA DEPT OF TRANSPORTATION,I95 POMPANO BEACH  FL 33060
4.94202E+11,FLORIDA DEPT OF TRANSPORTATION,I95 POMPANO BEACH  FL 33060
4.94202E+11,FLORIDA DEPT OF TRANSPORTATION,I95 POMPANO BEACH  FL 33069
4.94202E+11,FLORIDA DEPT OF TRANSPORTATION,AVONDALE DR POMPANO BEACH  FL 33060
4.94202E+11,FLORIDA DEPT OF TRANSPORTATION,SW 3 ST POMPANO BEACH  FL 33060
4.94202E+11,FLORIDA DEPT OF TRANSPORTATION,SW 3 ST POMPANO BEACH  FL 33060
4.94202E+11,FLORIDA DEPT OF TRANSPORTATION,ATLANTIC BLVD POMPANO BEACH  FL 33060
4.94202E+11,FLORIDA DEPT OF TRANSPORTATION,ATLANTIC BLVD POMPANO BEACH  FL 33060
4.94202E+11,FLORIDA DEPT OF TRANSPORTATION,ATLANTIC BLVD POMPANO BEACH  FL 33060
4.94202E+11,FLORIDA DEPT OF TRANSPORTATION,I95 POMPANO BEACH  FL 33060
4.94202E+11,FLORIDA DEPT OF TRANSPORTATION,I95 POMPANO BEACH  FL 33060
4.94202E+11,FLORIDA DEPT OF TRANSPORTATION,ATLANTIC BLVD POMPANO BEACH  FL 33060
4.94202E+11,FLORIDA DEPT OF TRANSPORTATION,ATLANTIC BLVD POMPANO BEACH  FL 33060
4.94202E+11,FLORIDA DEPT OF TRANSPORTATION,SW 8 ST POMPANO BEACH  FL 33060
4.94202E+11,FLORIDA DEPT OF TRANSPORTATION,I95 POMPANO BEACH  FL 33060
4.94202E+11,FLORIDA DEPT OF TRANSPORTATION,I95 POMPANO BEACH  FL 33060
4.94202E+11,FLORIDA DEPT OF TRANSPORTATION,I95 POMPANO BEACH  FL 33060
4.94202E+11,FLORIDA DEPT OF TRANSPORTATION,I95 POMPANO BEACH  FL 33069
4.94202E+11,FLORIDA DEPT OF TRANSPORTATION,I95 POMPANO BEACH  FL 33060
4.94202E+11,FLORIDA DEPT OF TRANSPORTATION,I95 POMPANO BEACH  FL 33060
4.94202E+11,FLORIDA DEPT OF TRANSPORTATION,I95 POMPANO BEACH  FL 33060
4.94202E+11,FLORIDA DEPT OF TRANSPORTATION,I95 POMPANO BEACH  FL 33060
4.94202E+11,FLORIDA DEPT OF TRANSPORTATION,SW 10 AVE POMPANO BEACH  FL 33069
4.94202E+11,FLORIDA DEPT OF TRANSPORTATION,I95 POMPANO BEACH  FL 33060
4.94202E+11,FLORIDA DEPT OF TRANSPORTATION,I95 POMPANO BEACH  FL 33060
4.94202E+11,FLORIDA DEPT OF TRANSPORTATION,I95 POMPANO BEACH  FL 33060
4.94202E+11,FLORIDA DEPT OF TRANSPORTATION,I95 POMPANO BEACH  FL 33060
4.94202E+11,FLORIDA DEPT OF TRANSPORTATION,I95 POMPANO BEACH  FL 33069
4.94202E+11,FLORIDA DEPT OF TRANSPORTATION,I95 POMPANO BEACH  FL 33060
4.94202E+11,FLORIDA DEPT OF TRANSPORTATION,I95 POMPANO BEACH  FL 33060
4.94202E+11,FLORIDA DEPT OF TRANSPORTATION,I95 POMPANO BEACH  FL 33060
4.94202E+11,FLORIDA DEPT OF TRANSPORTATION,I95 POMPANO BEACH  FL 33069
4.94202E+11,FLORIDA DEPT OF TRANSPORTATION,I95 POMPANO BEACH  FL 33060
4.94202E+11,FLORIDA DEPT OF TRANSPORTATION,I95 POMPANO BEACH  FL 33060
4.94202E+11,FLORIDA DEPT OF TRANSPORTATION,SW 15 ST POMPANO BEACH  FL 33060
4.94202E+11,FLORIDA DEPT OF TRANSPORTATION,I95 POMPANO BEACH  FL 33060
4.94202E+11,FLORIDA DEPT OF TRANSPORTATION,S CYPRESS RD POMPANO BEACH  FL 33060
4.94202E+11,FLORIDA DEPT OF TRANSPORTATION,I95 POMPANO BEACH  FL 33069
4.94202E+11,FLORIDA DEPT OF TRANSPORTATION,I95 POMPANO BEACH  FL 33069
4.94203E+11,FLORIDA DEPT OF TRANSPORTATION,MAGNER DR POMPANO BEACH  FL 33069
4.94203E+11,FLORIDA DEPT OF TRANSPORTATION,NW 17 AVE POMPANO BEACH  FL 33069
4.94203E+11,FLORIDA DEPT OF TRANSPORTATION,SW 21 AVE POMPANO BEACH  FL 33069
4.94203E+11,FLORIDA DEPT OF TRANSPORTATION,MCNAB RD POMPANO BEACH  FL 33069
4.94203E+11,FLORIDA DEPT OF TRANSPORTATION,MCNAB RD POMPANO BEACH  FL 33069
4.94203E+11,FLORIDA DEPT OF TRANSPORTATION,ATLANTIC BLVD POMPANO BEACH  FL 33069
4.94203E+11,FLORIDA DEPT OF TRANSPORTATION,SW 2 ST POMPANO BEACH  FL 33069
4.94203E+11,FLORIDA DEPT OF TRANSPORTATION,ISLE OF CAPRI BLVD POMPANO BEACH  FL 33069
4.94204E+11,FLORIDA DEPT OF TRANSPORTATION,S POWERLINE RD POMPANO BEACH  FL 33069
4.94204E+11,FLORIDA DEPT OF TRANSPORTATION,S COURSE DR POMPANO BEACH  FL 33060
4.94204E+11,FLORIDA DEPT OF TRANSPORTATION,POWERLINE RD POMPANO BEACH  FL 33060
4.94204E+11,FLORIDA DEPT OF TRANSPORTATION,N PALM AIRE DR POMPANO BEACH  FL 33060
4.94204E+11,FLORIDA DEPT OF TRANSPORTATION,PALM AIRE DRN POMPANO BEACH  FL 33060
4.94204E+11,FLORIDA DEPT OF TRANSPORTATION,S POWERLINE RD POMPANO BEACH  FL 33069
4.94204E+11,FLORIDA DEPT OF TRANSPORTATION,POWERLINE RD POMPANO BEACH  FL 33060
4.94204E+11,FLORIDA DEPT OF TRANSPORTATION,POWERLINE RD POMPANO BEACH  FL 33060
4.94204E+11,FLORIDA DEPT OF TRANSPORTATION,POWERLINE RD POMPANO BEACH  FL 33069
4.94205E+11,FLORIDA DEPT OF TRANSPORTATION,W ATLANTIC BLVD POMPANO BEACH  FL 33069
4.94205E+11,FLORIDA DEPT OF TRANSPORTATION,LYONS RD COCONUT CREEK  FL 33068
4.94206E+11,FLORIDA DEPT OF TRANSPORTATION,FLORIDA TURNPIKE UNINCORPORATED  FL 33311
4.94206E+11,FLORIDA DEPT OF TRANSPORTATION,STATE ROAD 7 MARGATE  FL 33068
4.94206E+11,FLORIDA DEPT OF TRANSPORTATION,SW 11 PL MARGATE  FL 33068
4.94207E+11,FLORIDA DEPT OF TRANSPORTATION,NW 62 ST FORT LAUDERDALE  FL 33309
4.94207E+11,FLORIDA DEPT OF TRANSPORTATION,FLORIDA TURNPIKE NORTH LAUDERDALE  FL 33068
4.94207E+11,FLORIDA DEPT OF TRANSPORTATION,STATE ROAD 7 NORTH LAUDERDALE  FL 33068
4.94207E+11,FLORIDA DEPT OF TRANSPORTATION,FLORIDA TURNPIKE NORTH LAUDERDALE  FL 33068
4.94209E+11,FLORIDA DEPT OF TRANSPORTATION,N POWERLINE RD FORT LAUDERDALE  FL 33309
4.94209E+11,FLORIDA DEPT OF TRANSPORTATION,NW 9 AVE FORT LAUDERDALE  FL 33311
4.94209E+11,FLORIDA DEPT OF TRANSPORTATION,NW 62 ST FORT LAUDERDALE  FL 33309
4.94209E+11,FLORIDA DEPT OF TRANSPORTATION,NW 9 AVE FORT LAUDERDALE  FL 33309
4.94209E+11,FLORIDA DEPT OF TRANSPORTATION,POWERLINE RD FORT LAUDERDALE  FL 33311
4.94209E+11,FLORIDA DEPT OF TRANSPORTATION,POWERLINE RD FORT LAUDERDALE  FL 33309
4.94209E+11,FLORIDA DEPT OF TRANSPORTATION,N POWERLINE RD FORT LAUDERDALE  FL 33309
4.94209E+11,FLORIDA DEPT OF TRANSPORTATION,W COMMERCIAL BLVD FORT LAUDERDALE  FL 33309
4.94209E+11,FLORIDA DEPT OF TRANSPORTATION,N POWERLINE RD FORT LAUDERDALE  FL 33309
4.9421E+11,FLORIDA DEPT OF TRANSPORTATION,I95 OAKLAND PARK  FL 33334
4.9421E+11,FLORIDA DEPT OF TRANSPORTATION,N ANDREWS AVE FORT LAUDERDALE  FL 33309
4.9421E+11,FLORIDA DEPT OF TRANSPORTATION,NW 9 AVE FORT LAUDERDALE  FL 33309
4.9421E+11,FLORIDA DEPT OF TRANSPORTATION,N POWERLINE RD FORT LAUDERDALE  FL 33309
4.9421E+11,FLORIDA DEPT OF TRANSPORTATION,W MCNAB RD FORT LAUDERDALE  FL 33309
4.9421E+11,FLORIDA DEPT OF TRANSPORTATION,NW 65 ST FORT LAUDERDALE  FL 33309
4.9421E+11,FLORIDA DEPT OF TRANSPORTATION,NW 62 ST FORT LAUDERDALE  FL 33309
4.9421E+11,FLORIDA DEPT OF TRANSPORTATION,N ANDREWS AVE FORT LAUDERDALE  FL 33334
4.9421E+11,FLORIDA DEPT OF TRANSPORTATION,N ANDREWS AVE FORT LAUDERDALE  FL 33334
4.9421E+11,FLORIDA DEPT OF TRANSPORTATION,NE 62 ST OAKLAND PARK  FL 33334
4.9421E+11,FLORIDA DEPT OF TRANSPORTATION,N ANDREWS AVE FORT LAUDERDALE  FL 33334
4.9421E+11,FLORIDA DEPT OF TRANSPORTATION,NE 62 ST OAKLAND PARK  FL 33334
4.9421E+11,FLORIDA DEPT OF TRANSPORTATION,N ANDREWS AVE FORT LAUDERDALE  FL 33334
4.9421E+11,FLORIDA DEPT OF TRANSPORTATION,N ANDREWS AVE FORT LAUDERDALE  FL 33334
4.9421E+11,FLORIDA DEPT OF TRANSPORTATION,NW 60 ST FORT LAUDERDALE  FL 33334
4.9421E+11,FLORIDA DEPT OF TRANSPORTATION,I95 OAKLAND PARK  FL 33309
4.9421E+11,FLORIDA DEPT OF TRANSPORTATION,N ANDREWS WAY FORT LAUDERDALE  FL 33309
4.9421E+11,FLORIDA DEPT OF TRANSPORTATION,NW 9 AVE FORT LAUDERDALE  FL 33309
4.9421E+11,FLORIDA DEPT OF TRANSPORTATION,I95 OAKLAND PARK  FL 33334
4.9421E+11,FLORIDA DEPT OF TRANSPORTATION,I95 OAKLAND PARK  FL 33334
4.9421E+11,FLORIDA DEPT OF TRANSPORTATION,N ANDREWS AVE OAKLAND PARK  FL 33334
4.9421E+11,FLORIDA DEPT OF TRANSPORTATION,CYPRESS CREEK DR FORT LAUDERDALE  FL 33309
4.9421E+11,FLORIDA DEPT OF TRANSPORTATION,MCNAB RD FORT LAUDERDALE  FL 33309
4.9421E+11,FLORIDA DEPT OF TRANSPORTATION,POWERLINE RD FORT LAUDERDALE  FL 33311
4.9421E+11,FLORIDA DEPT OF TRANSPORTATION,I95 OAKLAND PARK  FL 33309
4.9421E+11,FLORIDA DEPT OF TRANSPORTATION,I95 OAKLAND PARK  FL 33309
4.9421E+11,FLORIDA DEPT OF TRANSPORTATION,N ANDREWS AVE OAKLAND PARK  FL 33334
4.9421E+11,FLORIDA DEPT OF TRANSPORTATION,NW 56 CT OAKLAND PARK  FL 33334
4.9421E+11,FLORIDA DEPT OF TRANSPORTATION,I95 OAKLAND PARK  FL 33334
4.9421E+11,FLORIDA DEPT OF TRANSPORTATION,I95 OAKLAND PARK  FL 33334
4.9421E+11,FLORIDA DEPT OF TRANSPORTATION,I95 OAKLAND PARK  FL 33334
4.9421E+11,FLORIDA DEPT OF TRANSPORTATION,CYPRESS CREEK RD OAKLAND PARK  FL 33334
4.9421E+11,FLORIDA DEPT OF TRANSPORTATION,CYPRESS CREEK RD OAKLAND PARK  FL 33334
4.9421E+11,FLORIDA DEPT OF TRANSPORTATION,CYPRESS CREEK RD OAKLAND PARK  FL 33334
4.9421E+11,FLORIDA DEPT OF TRANSPORTATION,CYPRESS CREEK RD OAKLAND PARK  FL 33334
4.9421E+11,FLORIDA DEPT OF TRANSPORTATION,CYPRESS CREEK RD OAKLAND PARK  FL 33334
4.9421E+11,FLORIDA DEPT OF TRANSPORTATION,CYPRESS CREEK RD OAKLAND PARK  FL 33334
4.9421E+11,FLORIDA DEPT OF TRANSPORTATION,I95 OAKLAND PARK  FL 33334
4.9421E+11,FLORIDA DEPT OF TRANSPORTATION,I95 OAKLAND PARK  FL 33334
4.9421E+11,FLORIDA DEPT OF TRANSPORTATION,CYPRESS CREEK RD OAKLAND PARK  FL 33334
4.9421E+11,FLORIDA DEPT OF TRANSPORTATION,PARK AND RIDE LOT OAKLAND PARK  FL 33334
4.9421E+11,FLORIDA DEPT OF TRANSPORTATION,CYPRESS CREEK RD OAKLAND PARK  FL 33334
4.9421E+11,FLORIDA DEPT OF TRANSPORTATION,CYPRESS CREEK RD OAKLAND PARK  FL 33334
4.9421E+11,FLORIDA DEPT OF TRANSPORTATION,CYPRESS CREEK RD OAKLAND PARK  FL 33334
4.9421E+11,FLORIDA DEPT OF TRANSPORTATION,NE 62 ST OAKLAND PARK  FL 33334
4.9421E+11,FLORIDA DEPT OF TRANSPORTATION,NE 62 ST OAKLAND PARK  FL 33334
4.9421E+11,FLORIDA DEPT OF TRANSPORTATION,I95 OAKLAND PARK  FL 33334
4.9421E+11,FLORIDA DEPT OF TRANSPORTATION,PARK AND RIDE LOT OAKLAND PARK  FL 33334
4.9421E+11,FLORIDA DEPT OF TRANSPORTATION,I95 OAKLAND PARK  FL 33334
4.9421E+11,FLORIDA DEPT OF TRANSPORTATION,N ANDREWS WAY FORT LAUDERDALE  FL 33309
4.9421E+11,FLORIDA DEPT OF TRANSPORTATION,I95 OAKLAND PARK  FL 33309
4.9421E+11,FLORIDA DEPT OF TRANSPORTATION,I95 OAKLAND PARK  FL 33334
4.9421E+11,FLORIDA DEPT OF TRANSPORTATION,I95 OAKLAND PARK  FL 33309
4.9421E+11,FLORIDA DEPT OF TRANSPORTATION,I95 OAKLAND PARK  FL 33309
4.9421E+11,FLORIDA DEPT OF TRANSPORTATION,I95 OAKLAND PARK  FL 33334
4.9421E+11,FLORIDA DEPT OF TRANSPORTATION,I95 OAKLAND PARK  FL 33334
4.9421E+11,FLORIDA DEPT OF TRANSPORTATION,I95 OAKLAND PARK  FL 33334
4.9421E+11,FLORIDA DEPT OF TRANSPORTATION,I95 OAKLAND PARK  FL 33334
4.9421E+11,FLORIDA DEPT OF TRANSPORTATION,CYPRESS CREEK RD OAKLAND PARK  FL 33334
4.9421E+11,FLORIDA DEPT OF TRANSPORTATION,CYPRESS CREEK RD OAKLAND PARK  FL 33334
4.9421E+11,FLORIDA DEPT OF TRANSPORTATION,CYPRESS CREEK RD OAKLAND PARK  FL 33334
4.9421E+11,FLORIDA DEPT OF TRANSPORTATION,CYPRESS CREEK RD OAKLAND PARK  FL 33334
4.9421E+11,FLORIDA DEPT OF TRANSPORTATION,CYPRESS CREEK RD OAKLAND PARK  FL 33334
4.9421E+11,FLORIDA DEPT OF TRANSPORTATION,I95 OAKLAND PARK  FL 33334
4.9421E+11,FLORIDA DEPT OF TRANSPORTATION,I95 OAKLAND PARK  FL 33334
4.9421E+11,FLORIDA DEPT OF TRANSPORTATION,I95 OAKLAND PARK  FL 33334
4.9421E+11,FLORIDA DEPT OF TRANSPORTATION,I95 OAKLAND PARK  FL 33334
4.9421E+11,FLORIDA DEPT OF TRANSPORTATION,I95 OAKLAND PARK  FL 33334
4.9421E+11,FLORIDA DEPT OF TRANSPORTATION,N ANDREWS WAY OAKLAND PARK  FL 33309
4.9421E+11,FLORIDA DEPT OF TRANSPORTATION,I95 OAKLAND PARK  FL 33309
4.9421E+11,FLORIDA DEPT OF TRANSPORTATION,I95 OAKLAND PARK  FL 33309
4.9421E+11,FLORIDA DEPT OF TRANSPORTATION,I95 OAKLAND PARK  FL 33309
4.9421E+11,FLORIDA DEPT OF TRANSPORTATION,I95 OAKLAND PARK  FL 33309
4.9421E+11,FLORIDA DEPT OF TRANSPORTATION,I95 OAKLAND PARK  FL 33309
4.9421E+11,FLORIDA DEPT OF TRANSPORTATION,I95 OAKLAND PARK  FL 33309
4.9421E+11,FLORIDA DEPT OF TRANSPORTATION,I95 OAKLAND PARK  FL 33309
4.9421E+11,FLORIDA DEPT OF TRANSPORTATION,I95 OAKLAND PARK  FL 33309
4.9421E+11,FLORIDA DEPT OF TRANSPORTATION,I95 OAKLAND PARK  FL 33309
4.9421E+11,FLORIDA DEPT OF TRANSPORTATION,I95 OAKLAND PARK  FL 33309
4.9421E+11,FLORIDA DEPT OF TRANSPORTATION,I95 OAKLAND PARK  FL 33309
4.9421E+11,FLORIDA DEPT OF TRANSPORTATION,NW 57 ST OAKLAND PARK  FL 33309
4.9421E+11,FLORIDA DEPT OF TRANSPORTATION,NW 57 ST OAKLAND PARK  FL 33309
4.9421E+11,FLORIDA DEPT OF TRANSPORTATION,N ANDREWS AVE OAKLAND PARK  FL 33334
4.9421E+11,FLORIDA DEPT OF TRANSPORTATION,I95 OAKLAND PARK  FL 33309
4.9421E+11,FLORIDA DEPT OF TRANSPORTATION,I95 OAKLAND PARK  FL 33309
4.9421E+11,FLORIDA DEPT OF TRANSPORTATION,I95 OAKLAND PARK  FL 33309
4.9421E+11,FLORIDA DEPT OF TRANSPORTATION,I95 OAKLAND PARK  FL 33309
4.9421E+11,FLORIDA DEPT OF TRANSPORTATION,I95 OAKLAND PARK  FL 33309
4.9421E+11,FLORIDA DEPT OF TRANSPORTATION,I95 OAKLAND PARK  FL 33309
4.9421E+11,FLORIDA DEPT OF TRANSPORTATION,I95 OAKLAND PARK  FL 33309
4.9421E+11,FLORIDA DEPT OF TRANSPORTATION,N ANDREWS AVE OAKLAND PARK  FL 33334
4.9421E+11,FLORIDA DEPT OF TRANSPORTATION,I95 OAKLAND PARK  FL 33334
4.9421E+11,FLORIDA DEPT OF TRANSPORTATION,CYPRESS CREEK RD OAKLAND PARK  FL 33334
4.9421E+11,FLORIDA DEPT OF TRANSPORTATION,CYPRESS CREEK RD OAKLAND PARK  FL 33334
4.9421E+11,FLORIDA DEPT OF TRANSPORTATION,I95 FORT LAUDERDALE  FL 33334
4.9421E+11,FLORIDA DEPT OF TRANSPORTATION,I95 OAKLAND PARK  FL 33334
4.9421E+11,FLORIDA DEPT OF TRANSPORTATION,N ANDREWS AVE FORT LAUDERDALE  FL 33334
4.9421E+11,FLORIDA DEPT OF TRANSPORTATION,NE 62 ST OAKLAND PARK  FL 33334
4.9421E+11,FLORIDA DEPT OF TRANSPORTATION,NE 62 ST OAKLAND PARK  FL 33334
4.9421E+11,FLORIDA DEPT OF TRANSPORTATION,CYPRESS CREEK RD OAKLAND PARK  FL 33334
4.9421E+11,FLORIDA DEPT OF TRANSPORTATION,CYPRESS CREEK RD OAKLAND PARK  FL 33334
4.9421E+11,FLORIDA DEPT OF TRANSPORTATION,CYPRESS CREEK RD OAKLAND PARK  FL 33334
4.9421E+11,FLORIDA DEPT OF TRANSPORTATION,CYPRESS CREEK RD OAKLAND PARK  FL 33334
4.9421E+11,FLORIDA DEPT OF TRANSPORTATION,CYPRESS CREEK RD OAKLAND PARK  FL 33334
4.9421E+11,FLORIDA DEPT OF TRANSPORTATION,CYPRESS CREEK RD OAKLAND PARK  FL 33334
4.9421E+11,FLORIDA DEPT OF TRANSPORTATION,NE 60 ST OAKLAND PARK  FL 33334
4.9421E+11,FLORIDA DEPT OF TRANSPORTATION,CYPRESS CREEK RD OAKLAND PARK  FL 33334
4.9421E+11,FLORIDA DEPT OF TRANSPORTATION,CYPRESS CREEK RD OAKLAND PARK  FL 33334
4.9421E+11,FLORIDA DEPT OF TRANSPORTATION,CYPRESS CREEK RD OAKLAND PARK  FL 33334
4.9421E+11,FLORIDA DEPT OF TRANSPORTATION,CYPRESS CREEK RD OAKLAND PARK  FL 33334
4.9421E+11,FLORIDA DEPT OF TRANSPORTATION,NW 57 ST OAKLAND PARK  FL 33309
4.9421E+11,FLORIDA DEPT OF TRANSPORTATION,N ANDREWS AVE OAKLAND PARK  FL 33309
4.9421E+11,FLORIDA DEPT OF TRANSPORTATION,I95 OAKLAND PARK  FL 33334
4.9421E+11,FLORIDA DEPT OF TRANSPORTATION,I95 OAKLAND PARK  FL 33334
4.9421E+11,FLORIDA DEPT OF TRANSPORTATION,I95 OAKLAND PARK  FL 33334
4.9421E+11,FLORIDA DEPT OF TRANSPORTATION,I95 FORT LAUDERDALE  FL 33334
4.9421E+11,FLORIDA DEPT OF TRANSPORTATION,6000 N ANDREWS AVE FORT LAUDERDALE  FL 33309
4.9421E+11,FLORIDA DEPT OF TRANSPORTATION,PARK AND RIDE LOT OAKLAND PARK  FL 33334
4.9421E+11,FLORIDA DEPT OF TRANSPORTATION,PARK AND RIDE LOT OAKLAND PARK  FL 33334
4.9421E+11,FLORIDA DEPT OF TRANSPORTATION,PARK AND RIDE LOT OAKLAND PARK  FL 33334
4.9421E+11,FLORIDA DEPT OF TRANSPORTATION,PARK AND RIDE LOT OAKLAND PARK  FL 33334
4.9421E+11,FLORIDA DEPT OF TRANSPORTATION,N POWERLINE RD FORT LAUDERDALE  FL 33309
4.94211E+11,FLORIDA DEPT OF TRANSPORTATION,I95 POMPANO BEACH  FL 33060
4.94211E+11,FLORIDA DEPT OF TRANSPORTATION,N DIXIE HWY OAKLAND PARK  FL 33334
4.94211E+11,FLORIDA DEPT OF TRANSPORTATION,I95 POMPANO BEACH  FL 33060
4.94211E+11,FLORIDA DEPT OF TRANSPORTATION,NE 62 ST FORT LAUDERDALE  FL 33334
4.94211E+11,FLORIDA DEPT OF TRANSPORTATION,NE 62 ST FORT LAUDERDALE  FL 33334
4.94211E+11,FLORIDA DEPT OF TRANSPORTATION,NE 62 ST FORT LAUDERDALE  FL 33334
4.94211E+11,FLORIDA DEPT OF TRANSPORTATION,NE 9 AVE OAKLAND PARK  FL 33334
4.94211E+11,FLORIDA DEPT OF TRANSPORTATION,DIXIE HWY OAKLAND PARK  FL 33334
4.94212E+11,FLORIDA DEPT OF TRANSPORTATION,BAYVIEW DR FORT LAUDERDALE  FL 33308
4.94213E+11,FLORIDA DEPT OF TRANSPORTATION,N FEDERAL HWY FORT LAUDERDALE  FL 33311
4.94213E+11,FLORIDA DEPT OF TRANSPORTATION,N FEDERAL HWY OAKLAND PARK  FL 33004
4.94213E+11,FLORIDA DEPT OF TRANSPORTATION,E COMMERCIAL BLVD FORT LAUDERDALE  FL 33311
4.94213E+11,FLORIDA DEPT OF TRANSPORTATION,N FEDERAL HWY FORT LAUDERDALE  FL 33308
4.94213E+11,FLORIDA DEPT OF TRANSPORTATION,E COMMERCIAL BLVD FORT LAUDERDALE  FL 33308
4.94213E+11,FLORIDA DEPT OF TRANSPORTATION,N FEDERAL HWY FORT LAUDERDALE  FL 33308
4.94213E+11,FLORIDA DEPT OF TRANSPORTATION,N FEDERAL HWY FORT LAUDERDALE  FL 33308
4.94213E+11,FLORIDA DEPT OF TRANSPORTATION,N FEDERAL HWY FORT LAUDERDALE  FL 33308
4.94214E+11,FLORIDA DEPT OF TRANSPORTATION,E COMMERCIAL BLVD OAKLAND PARK  FL 33334
4.94214E+11,FLORIDA DEPT OF TRANSPORTATION,N DIXIE HWY OAKLAND PARK  FL 0
4.94214E+11,FLORIDA DEPT OF TRANSPORTATION,E COMMERCIAL BLVD OAKLAND PARK  FL 33334
4.94214E+11,FLORIDA DEPT OF TRANSPORTATION,E COMMERCIAL BLVD OAKLAND PARK  FL 33334
4.94214E+11,FLORIDA DEPT OF TRANSPORTATION,COMMERCIAL BLVD OAKLAND PARK  FL 33334
4.94214E+11,FLORIDA DEPT OF TRANSPORTATION,N DIXIE HWY OAKLAND PARK  FL 33334
4.94215E+11,FLORIDA DEPT OF TRANSPORTATION,W COMMERCIAL BLVD FORT LAUDERDALE  FL 33309
4.94215E+11,FLORIDA DEPT OF TRANSPORTATION,N POWERLINE RD FORT LAUDERDALE  FL 33309
4.94215E+11,FLORIDA DEPT OF TRANSPORTATION,W COMMERCIAL BLVD FORT LAUDERDALE  FL 33309
4.94215E+11,FLORIDA DEPT OF TRANSPORTATION,W COMMERCIAL BLVD FORT LAUDERDALE  FL 33309
4.94215E+11,FLORIDA DEPT OF TRANSPORTATION,W COMMERCIAL BLVD OAKLAND PARK  FL 33309
4.94215E+11,FLORIDA DEPT OF TRANSPORTATION,W COMMERCIAL BLVD OAKLAND PARK  FL 33309
4.94215E+11,FLORIDA DEPT OF TRANSPORTATION,N COMMERCIAL BLVD OAKLAND PARK  FL 33309
4.94215E+11,FLORIDA DEPT OF TRANSPORTATION,COMMERCIAL BLVD OAKLAND PARK  FL 33309
4.94215E+11,FLORIDA DEPT OF TRANSPORTATION,COMMERCIAL BLVD FORT LAUDERDALE  FL 33309
4.94215E+11,FLORIDA DEPT OF TRANSPORTATION,COMMERCIAL BLVD OAKLAND PARK  FL 33309
4.94215E+11,FLORIDA DEPT OF TRANSPORTATION,COMMERCIAL BLVD OAKLAND PARK  FL 33309
4.94215E+11,FLORIDA DEPT OF TRANSPORTATION,I95 OAKLAND PARK  FL 33309
4.94215E+11,FLORIDA DEPT OF TRANSPORTATION,I95 OAKLAND PARK  FL 33309
4.94215E+11,FLORIDA DEPT OF TRANSPORTATION,I95 OAKLAND PARK  FL 33309
4.94215E+11,FLORIDA DEPT OF TRANSPORTATION,I95 OAKLAND PARK  FL 33309
4.94215E+11,FLORIDA DEPT OF TRANSPORTATION,COMMERCIAL BLVD OAKLAND PARK  FL 33309
4.94215E+11,FLORIDA DEPT OF TRANSPORTATION,NW 46 CT OAKLAND PARK  FL 33309
4.94215E+11,FLORIDA DEPT OF TRANSPORTATION,NW 46 CT OAKLAND PARK  FL 33309
4.94215E+11,FLORIDA DEPT OF TRANSPORTATION,COMMERCIAL BLVD OAKLAND PARK  FL 33309
4.94215E+11,FLORIDA DEPT OF TRANSPORTATION,I95 OAKLAND PARK  FL 33309
4.94215E+11,FLORIDA DEPT OF TRANSPORTATION,I95 OAKLAND PARK  FL 33309
4.94215E+11,FLORIDA DEPT OF TRANSPORTATION,I95 OAKLAND PARK  FL 33309
4.94215E+11,FLORIDA DEPT OF TRANSPORTATION,I95 OAKLAND PARK  FL 33309
4.94215E+11,FLORIDA DEPT OF TRANSPORTATION,I95 OAKLAND PARK  FL 33309
4.94215E+11,FLORIDA DEPT OF TRANSPORTATION,COMMERCIAL BLVD OAKLAND PARK  FL 33309
4.94215E+11,FLORIDA DEPT OF TRANSPORTATION,COMMERCIAL BLVD OAKLAND PARK  FL 33309
4.94215E+11,FLORIDA DEPT OF TRANSPORTATION,NW 46 ST OAKLAND PARK  FL 33309
4.94215E+11,FLORIDA DEPT OF TRANSPORTATION,COMMERCIAL BLVD OAKLAND PARK  FL 33309
4.94215E+11,FLORIDA DEPT OF TRANSPORTATION,COMMERCIAL BLVD OAKLAND PARK  FL 33309
4.94215E+11,FLORIDA DEPT OF TRANSPORTATION,COMMERCIAL BLVD OAKLAND PARK  FL 33309
4.94215E+11,FLORIDA DEPT OF TRANSPORTATION,I95 OAKLAND PARK  FL 33309
4.94215E+11,FLORIDA DEPT OF TRANSPORTATION,NW 8 AVE OAKLAND PARK  FL 33309
4.94215E+11,FLORIDA DEPT OF TRANSPORTATION,NW 8 AVE OAKLAND PARK  FL 33309
4.94215E+11,FLORIDA DEPT OF TRANSPORTATION,I95 OAKLAND PARK  FL 33309
4.94215E+11,FLORIDA DEPT OF TRANSPORTATION,I95 OAKLAND PARK  FL 33309
4.94215E+11,FLORIDA DEPT OF TRANSPORTATION,I95 OAKLAND PARK  FL 33309
4.94215E+11,FLORIDA DEPT OF TRANSPORTATION,I95 OAKLAND PARK  FL 33309
4.94215E+11,FLORIDA DEPT OF TRANSPORTATION,COMMERCIAL BLVD OAKLAND PARK  FL 33309
4.94215E+11,FLORIDA DEPT OF TRANSPORTATION,NW 45 CT OAKLAND PARK  FL 33309
4.94215E+11,FLORIDA DEPT OF TRANSPORTATION,NW 45 CT OAKLAND PARK  FL 33309
4.94215E+11,FLORIDA DEPT OF TRANSPORTATION,COMMERCIAL BLVD OAKLAND PARK  FL 33309
4.94215E+11,FLORIDA DEPT OF TRANSPORTATION,COMMERCIAL BLVD OAKLAND PARK  FL 33309
4.94215E+11,FLORIDA DEPT OF TRANSPORTATION,I95 OAKLAND PARK  FL 33309
4.94215E+11,FLORIDA DEPT OF TRANSPORTATION,I95 OAKLAND PARK  FL 33309
4.94215E+11,FLORIDA DEPT OF TRANSPORTATION,NW 8 AVE OAKLAND PARK  FL 33309
4.94215E+11,FLORIDA DEPT OF TRANSPORTATION,NW 8 AVE OAKLAND PARK  FL 33309
4.94215E+11,FLORIDA DEPT OF TRANSPORTATION,I95 OAKLAND PARK  FL 33309
4.94215E+11,FLORIDA DEPT OF TRANSPORTATION,I95 OAKLAND PARK  FL 33309
4.94215E+11,FLORIDA DEPT OF TRANSPORTATION,I95 OAKLAND PARK  FL 33309
4.94215E+11,FLORIDA DEPT OF TRANSPORTATION,COMMERCIAL BLVD OAKLAND PARK  FL 33309
4.94215E+11,FLORIDA DEPT OF TRANSPORTATION,NW 45 ST OAKLAND PARK  FL 33309
4.94215E+11,FLORIDA DEPT OF TRANSPORTATION,I95 OAKLAND PARK  FL 33309
4.94215E+11,FLORIDA DEPT OF TRANSPORTATION,I95 OAKLAND PARK  FL 33309
4.94215E+11,FLORIDA DEPT OF TRANSPORTATION,I95 OAKLAND PARK  FL 33309
4.94215E+11,FLORIDA DEPT OF TRANSPORTATION,I95 OAKLAND PARK  FL 33309
4.94215E+11,FLORIDA DEPT OF TRANSPORTATION,E COMMERCIAL BLVD OAKLAND PARK  FL 33334
4.94215E+11,FLORIDA DEPT OF TRANSPORTATION,E COMMERCIAL BLVD OAKLAND PARK  FL 33334
4.94215E+11,FLORIDA DEPT OF TRANSPORTATION,I95 OAKLAND PARK  FL 33309
4.94215E+11,FLORIDA DEPT OF TRANSPORTATION,I95 OAKLAND PARK  FL 33309
4.94215E+11,FLORIDA DEPT OF TRANSPORTATION,I95 OAKLAND PARK  FL 33309
4.94215E+11,FLORIDA DEPT OF TRANSPORTATION,I95 OAKLAND PARK  FL 33309
4.94215E+11,FLORIDA DEPT OF TRANSPORTATION,I95 OAKLAND PARK  FL 33309
4.94215E+11,FLORIDA DEPT OF TRANSPORTATION,W COMMERCIAL BLVD OAKLAND PARK  FL 33309
4.94215E+11,FLORIDA DEPT OF TRANSPORTATION,W COMMERCIAL BLVD OAKLAND PARK  FL 33309
4.94215E+11,FLORIDA DEPT OF TRANSPORTATION,W COMMERCIAL BLVD OAKLAND PARK  FL 33309
4.94215E+11,FLORIDA DEPT OF TRANSPORTATION,W COMMERCIAL BLVD OAKLAND PARK  FL 33309
4.94215E+11,FLORIDA DEPT OF TRANSPORTATION,W COMMERCIAL BLVD OAKLAND PARK  FL 33309
4.94215E+11,FLORIDA DEPT OF TRANSPORTATION,NW 3 AVE OAKLAND PARK  FL 33309
4.94215E+11,FLORIDA DEPT OF TRANSPORTATION,W COMMERCIAL BLVD OAKLAND PARK  FL 33309
4.94215E+11,FLORIDA DEPT OF TRANSPORTATION,W COMMERCIAL BLVD OAKLAND PARK  FL 33309
4.94215E+11,FLORIDA DEPT OF TRANSPORTATION,W COMMERCIAL BLVD OAKLAND PARK  FL 33309
4.94215E+11,FLORIDA DEPT OF TRANSPORTATION,W COMMERCIAL BLVD OAKLAND PARK  FL 33309
4.94215E+11,FLORIDA DEPT OF TRANSPORTATION,COMMERCIAL BLVD OAKLAND PARK  FL 33309
4.94215E+11,FLORIDA DEPT OF TRANSPORTATION,COMMERCIAL BLVD OAKLAND PARK  FL 33309
4.94215E+11,FLORIDA DEPT OF TRANSPORTATION,W COMMERCIAL BLVD OAKLAND PARK  FL 33309
4.94215E+11,FLORIDA DEPT OF TRANSPORTATION,COMMERCIAL BLVD OAKLAND PARK  FL 33309
4.94215E+11,FLORIDA DEPT OF TRANSPORTATION,W COMMERCIAL BLVD OAKLAND PARK  FL 33309
4.94215E+11,FLORIDA DEPT OF TRANSPORTATION,I95 OAKLAND PARK  FL 33309
4.94215E+11,FLORIDA DEPT OF TRANSPORTATION,I95 OAKLAND PARK  FL 33309
4.94215E+11,FLORIDA DEPT OF TRANSPORTATION,COMMERCIAL BLVD OAKLAND PARK  FL 33309
4.94215E+11,FLORIDA DEPT OF TRANSPORTATION,COMMERCIAL BLVD OAKLAND PARK  FL 33309
4.94215E+11,FLORIDA DEPT OF TRANSPORTATION,COMMERCIAL BLVD OAKLAND PARK  FL 33309
4.94215E+11,FLORIDA DEPT OF TRANSPORTATION,COMMERCIAL BLVD OAKLAND PARK  FL 33309
4.94215E+11,FLORIDA DEPT OF TRANSPORTATION,I95 OAKLAND PARK  FL 33309
4.94215E+11,FLORIDA DEPT OF TRANSPORTATION,I95 OAKLAND PARK  FL 33309
4.94215E+11,FLORIDA DEPT OF TRANSPORTATION,I95 OAKLAND PARK  FL 33309
4.94215E+11,FLORIDA DEPT OF TRANSPORTATION,COMMERCIAL BLVD OAKLAND PARK  FL 33309
4.94215E+11,FLORIDA DEPT OF TRANSPORTATION,COMMERCIAL BLVD OAKLAND PARK  FL 33309
4.94215E+11,FLORIDA DEPT OF TRANSPORTATION,COMMERCIAL BLVD OAKLAND PARK  FL 33309
4.94215E+11,FLORIDA DEPT OF TRANSPORTATION,COMMERCIAL BLVD OAKLAND PARK  FL 33309
4.94215E+11,FLORIDA DEPT OF TRANSPORTATION,I95 OAKLAND PARK  FL 33309
4.94215E+11,FLORIDA DEPT OF TRANSPORTATION,I95 OAKLAND PARK  FL 33309
4.94215E+11,FLORIDA DEPT OF TRANSPORTATION,I95 OAKLAND PARK  FL 33309
4.94215E+11,FLORIDA DEPT OF TRANSPORTATION,I95 OAKLAND PARK  FL 33309
4.94215E+11,FLORIDA DEPT OF TRANSPORTATION,I95 OAKLAND PARK  FL 33309
4.94215E+11,FLORIDA DEPT OF TRANSPORTATION,COMMERCIAL BLVD OAKLAND PARK  FL 33309
4.94215E+11,FLORIDA DEPT OF TRANSPORTATION,COMMERCIAL BLVD OAKLAND PARK  FL 33309
4.94215E+11,FLORIDA DEPT OF TRANSPORTATION,COMMERCIAL BLVD OAKLAND PARK  FL 33309
4.94215E+11,FLORIDA DEPT OF TRANSPORTATION,COMMERCIAL BLVD OAKLAND PARK  FL 33309
4.94215E+11,FLORIDA DEPT OF TRANSPORTATION,I95 OAKLAND PARK  FL 33309
4.94215E+11,FLORIDA DEPT OF TRANSPORTATION,I95 OAKLAND PARK  FL 33309
4.94215E+11,FLORIDA DEPT OF TRANSPORTATION,I95 OAKLAND PARK  FL 33309
4.94215E+11,FLORIDA DEPT OF TRANSPORTATION,I95 OAKLAND PARK  FL 33309
4.94215E+11,FLORIDA DEPT OF TRANSPORTATION,I95 OAKLAND PARK  FL 33309
4.94215E+11,FLORIDA DEPT OF TRANSPORTATION,I95 OAKLAND PARK  FL 33309
4.94215E+11,FLORIDA DEPT OF TRANSPORTATION,COMMERCIAL BLVD OAKLAND PARK  FL 33309
4.94215E+11,FLORIDA DEPT OF TRANSPORTATION,NW 47 CT OAKLAND PARK  FL 33309
4.94215E+11,FLORIDA DEPT OF TRANSPORTATION,COMMERCIAL BLVD OAKLAND PARK  FL 33309
4.94215E+11,FLORIDA DEPT OF TRANSPORTATION,COMMERCIAL BLVD OAKLAND PARK  FL 33309
4.94215E+11,FLORIDA DEPT OF TRANSPORTATION,I95 OAKLAND PARK  FL 33309
4.94215E+11,FLORIDA DEPT OF TRANSPORTATION,I95 OAKLAND PARK  FL 33309
4.94215E+11,FLORIDA DEPT OF TRANSPORTATION,I95 OAKLAND PARK  FL 33309
4.94215E+11,FLORIDA DEPT OF TRANSPORTATION,NW 47 ST OAKLAND PARK  FL 33309
4.94215E+11,FLORIDA DEPT OF TRANSPORTATION,11 E COMMERCIAL BLVD OAKLAND PARK  FL 33334
4.94215E+11,FLORIDA DEPT OF TRANSPORTATION,21 E COMMERCIAL BLVD OAKLAND PARK  FL 33334
4.94215E+11,FLORIDA DEPT OF TRANSPORTATION,33 E COMMERCIAL BLVD OAKLAND PARK  FL 33334
4.94215E+11,FLORIDA DEPT OF TRANSPORTATION,30 NE 51 ST OAKLAND PARK  FL 33334
4.94215E+11,FLORIDA DEPT OF TRANSPORTATION,20 NE 51 ST OAKLAND PARK  FL 33334
4.94215E+11,FLORIDA DEPT OF TRANSPORTATION,10 NE 51 ST OAKLAND PARK  FL 33334
4.94215E+11,FLORIDA DEPT OF TRANSPORTATION,I95 OAKLAND PARK  FL 33309
4.94215E+11,FLORIDA DEPT OF TRANSPORTATION,I95 OAKLAND PARK  FL 33309
4.94215E+11,FLORIDA DEPT OF TRANSPORTATION,I95 OAKLAND PARK  FL 33309
4.94215E+11,FLORIDA DEPT OF TRANSPORTATION,I95 OAKLAND PARK  FL 33309
4.94215E+11,FLORIDA DEPT OF TRANSPORTATION,I95 OAKLAND PARK  FL 33309
4.94215E+11,FLORIDA DEPT OF TRANSPORTATION,I95 OAKLAND PARK  FL 33309
4.94215E+11,FLORIDA DEPT OF TRANSPORTATION,I95 OAKLAND PARK  FL 33309
4.94215E+11,FLORIDA DEPT OF TRANSPORTATION,I95 OAKLAND PARK  FL 33309
4.94215E+11,FLORIDA DEPT OF TRANSPORTATION,I95 OAKLAND PARK  FL 33309
4.94215E+11,FLORIDA DEPT OF TRANSPORTATION,I95 OAKLAND PARK  FL 33309
4.94215E+11,FLORIDA DEPT OF TRANSPORTATION,I95 OAKLAND PARK  FL 33309
4.94215E+11,FLORIDA DEPT OF TRANSPORTATION,I95 OAKLAND PARK  FL 33309
4.94215E+11,FLORIDA DEPT OF TRANSPORTATION,I95 OAKLAND PARK  FL 33309
4.94215E+11,FLORIDA DEPT OF TRANSPORTATION,I95 OAKLAND PARK  FL 33309
4.94215E+11,FLORIDA DEPT OF TRANSPORTATION,I95 OAKLAND PARK  FL 33309
4.94215E+11,FLORIDA DEPT OF TRANSPORTATION,I95 OAKLAND PARK  FL 33309
4.94215E+11,FLORIDA DEPT OF TRANSPORTATION,I95 OAKLAND PARK  FL 33309
4.94215E+11,FLORIDA DEPT OF TRANSPORTATION,I95 OAKLAND PARK  FL 33309
4.94215E+11,FLORIDA DEPT OF TRANSPORTATION,I95 OAKLAND PARK  FL 33309
4.94215E+11,FLORIDA DEPT OF TRANSPORTATION,I95 OAKLAND PARK  FL 33309
4.94215E+11,FLORIDA DEPT OF TRANSPORTATION,I95 OAKLAND PARK  FL 33309
4.94215E+11,FLORIDA DEPT OF TRANSPORTATION,I95 OAKLAND PARK  FL 33309
4.94215E+11,FLORIDA DEPT OF TRANSPORTATION,I95 OAKLAND PARK  FL 33309
4.94215E+11,FLORIDA DEPT OF TRANSPORTATION,W COMMERCIAL BLVD OAKLAND PARK  FL 33309
4.94215E+11,FLORIDA DEPT OF TRANSPORTATION,W COMMERCIAL BLVD OAKLAND PARK  FL 33309
4.94215E+11,FLORIDA DEPT OF TRANSPORTATION,W COMMERCIAL BLVD OAKLAND PARK  FL 33309
4.94215E+11,FLORIDA DEPT OF TRANSPORTATION,W COMMERCIAL BLVD OAKLAND PARK  FL 33309
4.94215E+11,FLORIDA DEPT OF TRANSPORTATION,W COMMERCIAL BLVD OAKLAND PARK  FL 33309
4.94215E+11,FLORIDA DEPT OF TRANSPORTATION,NW 51 ST OAKLAND PARK  FL 33309
4.94215E+11,FLORIDA DEPT OF TRANSPORTATION,NW 51 ST OAKLAND PARK  FL 33309
4.94215E+11,FLORIDA DEPT OF TRANSPORTATION,NW 51 ST OAKLAND PARK  FL 33309
4.94215E+11,FLORIDA DEPT OF TRANSPORTATION,I95 OAKLAND PARK  FL 33309
4.94215E+11,FLORIDA DEPT OF TRANSPORTATION,I95 OAKLAND PARK  FL 33309
4.94215E+11,FLORIDA DEPT OF TRANSPORTATION,I95 OAKLAND PARK  FL 33309
4.94215E+11,FLORIDA DEPT OF TRANSPORTATION,I95 OAKLAND PARK  FL 33309
4.94215E+11,FLORIDA DEPT OF TRANSPORTATION,NW 51 ST OAKLAND PARK  FL 33309
4.94215E+11,FLORIDA DEPT OF TRANSPORTATION,NW 51 ST OAKLAND PARK  FL 33309
4.94215E+11,FLORIDA DEPT OF TRANSPORTATION,NW 51 ST OAKLAND PARK  FL 33309
4.94215E+11,FLORIDA DEPT OF TRANSPORTATION,I95 OAKLAND PARK  FL 33309
4.94215E+11,FLORIDA DEPT OF TRANSPORTATION,I95 OAKLAND PARK  FL 33309
4.94215E+11,FLORIDA DEPT OF TRANSPORTATION,I95 OAKLAND PARK  FL 33309
4.94215E+11,FLORIDA DEPT OF TRANSPORTATION,I95 OAKLAND PARK  FL 33309
4.94215E+11,FLORIDA DEPT OF TRANSPORTATION,I95 OAKLAND PARK  FL 33309
4.94215E+11,FLORIDA DEPT OF TRANSPORTATION,I95 OAKLAND PARK  FL 33309
4.94215E+11,FLORIDA DEPT OF TRANSPORTATION,NW 51 CT OAKLAND PARK  FL 33309
4.94215E+11,FLORIDA DEPT OF TRANSPORTATION,I95 OAKLAND PARK  FL 33309
4.94215E+11,FLORIDA DEPT OF TRANSPORTATION,I95 OAKLAND PARK  FL 33309
4.94215E+11,FLORIDA DEPT OF TRANSPORTATION,I95 OAKLAND PARK  FL 33309
4.94215E+11,FLORIDA DEPT OF TRANSPORTATION,I95 OAKLAND PARK  FL 33309
4.94215E+11,FLORIDA DEPT OF TRANSPORTATION,NW 5 AVE OAKLAND PARK  FL 33309
4.94215E+11,FLORIDA DEPT OF TRANSPORTATION,I95 OAKLAND PARK  FL 33309
4.94215E+11,FLORIDA DEPT OF TRANSPORTATION,NW 5 AVE OAKLAND PARK  FL 33309
4.94215E+11,FLORIDA DEPT OF TRANSPORTATION,NW 5 AVE OAKLAND PARK  FL 33309
4.94215E+11,FLORIDA DEPT OF TRANSPORTATION,NW 5 AVE OAKLAND PARK  FL 33309
4.94215E+11,FLORIDA DEPT OF TRANSPORTATION,NW 5 AVE OAKLAND PARK  FL 33309
4.94215E+11,FLORIDA DEPT OF TRANSPORTATION,COMMERCIAL BLVD OAKLAND PARK  FL 33309
4.94215E+11,FLORIDA DEPT OF TRANSPORTATION,COMMERCIAL BLVD OAKLAND PARK  FL 33309
4.94215E+11,FLORIDA DEPT OF TRANSPORTATION,COMMERCIAL BLVD OAKLAND PARK  FL 33309
4.94215E+11,FLORIDA DEPT OF TRANSPORTATION,COMMERCIAL BLVD OAKLAND PARK  FL 33309
4.94215E+11,FLORIDA DEPT OF TRANSPORTATION,COMMERCIAL BLVD OAKLAND PARK  FL 33309
4.94215E+11,FLORIDA DEPT OF TRANSPORTATION,NE 50 ST OAKLAND PARK  FL 33334
4.94215E+11,FLORIDA DEPT OF TRANSPORTATION,W PROSPECT RD OAKLAND PARK  FL 33309
4.94215E+11,FLORIDA DEPT OF TRANSPORTATION,NW 8 AVE OAKLAND PARK  FL 33309
4.94215E+11,FLORIDA DEPT OF TRANSPORTATION,NW 8 LN OAKLAND PARK  FL 33309
4.94215E+11,FLORIDA DEPT OF TRANSPORTATION,I95 OAKLAND PARK  FL 33309
4.94215E+11,FLORIDA DEPT OF TRANSPORTATION,I95 OAKLAND PARK  FL 33309
4.94215E+11,FLORIDA DEPT OF TRANSPORTATION,I95 OAKLAND PARK  FL 33309
4.94215E+11,FLORIDA DEPT OF TRANSPORTATION,I95 OAKLAND PARK  FL 33309
4.94215E+11,FLORIDA DEPT OF TRANSPORTATION,I95 OAKLAND PARK  FL 33309
4.94215E+11,FLORIDA DEPT OF TRANSPORTATION,I95 OAKLAND PARK  FL 33309
4.94215E+11,FLORIDA DEPT OF TRANSPORTATION,I95 OAKLAND PARK  FL 33309
4.94215E+11,FLORIDA DEPT OF TRANSPORTATION,I95 OAKLAND PARK  FL 33309
4.94215E+11,FLORIDA DEPT OF TRANSPORTATION,I95 OAKLAND PARK  FL 33309
4.94215E+11,FLORIDA DEPT OF TRANSPORTATION,I95 OAKLAND PARK  FL 33309
4.94215E+11,FLORIDA DEPT OF TRANSPORTATION,I95 OAKLAND PARK  FL 33309
4.94215E+11,FLORIDA DEPT OF TRANSPORTATION,I95 OAKLAND PARK  FL 33309
4.94215E+11,FLORIDA DEPT OF TRANSPORTATION,I95 OAKLAND PARK  FL 33309
4.94215E+11,FLORIDA DEPT OF TRANSPORTATION,I95 OAKLAND PARK  FL 33309
4.94215E+11,FLORIDA DEPT OF TRANSPORTATION,W COMMERCIAL BLVD OAKLAND PARK  FL 33309
4.94215E+11,FLORIDA DEPT OF TRANSPORTATION,W COMMERCIAL BLVD OAKLAND PARK  FL 33309
4.94215E+11,FLORIDA DEPT OF TRANSPORTATION,I95 OAKLAND PARK  FL 33309
4.94215E+11,FLORIDA DEPT OF TRANSPORTATION,I95 OAKLAND PARK  FL 33309
4.94215E+11,FLORIDA DEPT OF TRANSPORTATION,I95 OAKLAND PARK  FL 33309
4.94215E+11,FLORIDA DEPT OF TRANSPORTATION,I95 OAKLAND PARK  FL 33309
4.94215E+11,FLORIDA DEPT OF TRANSPORTATION,I95 OAKLAND PARK  FL 33309
4.94215E+11,FLORIDA DEPT OF TRANSPORTATION,I95 OAKLAND PARK  FL 33309
4.94215E+11,FLORIDA DEPT OF TRANSPORTATION,I95 OAKLAND PARK  FL 33309
4.94215E+11,FLORIDA DEPT OF TRANSPORTATION,I95 OAKLAND PARK  FL 33309
4.94215E+11,FLORIDA DEPT OF TRANSPORTATION,I95 OAKLAND PARK  FL 33309
4.94215E+11,FLORIDA DEPT OF TRANSPORTATION,I95 OAKLAND PARK  FL 33309
4.94215E+11,FLORIDA DEPT OF TRANSPORTATION,I95 OAKLAND PARK  FL 33309
4.94215E+11,FLORIDA DEPT OF TRANSPORTATION,I95 OAKLAND PARK  FL 33309
4.94215E+11,FLORIDA DEPT OF TRANSPORTATION,I95 OAKLAND PARK  FL 33309
4.94215E+11,FLORIDA DEPT OF TRANSPORTATION,I95 OAKLAND PARK  FL 33309
4.94215E+11,FLORIDA DEPT OF TRANSPORTATION,I95 OAKLAND PARK  FL 33309
4.94215E+11,FLORIDA DEPT OF TRANSPORTATION,I95 OAKLAND PARK  FL 33309
4.94215E+11,FLORIDA DEPT OF TRANSPORTATION,I95 OAKLAND PARK  FL 33309
4.94215E+11,FLORIDA DEPT OF TRANSPORTATION,N COMMERCIAL BLVD OAKLAND PARK  FL 33309
4.94215E+11,FLORIDA DEPT OF TRANSPORTATION,NW 9 AVE FORT LAUDERDALE  FL 33309
4.94215E+11,FLORIDA DEPT OF TRANSPORTATION,NW 9 AVE FORT LAUDERDALE  FL 33309
4.94215E+11,FLORIDA DEPT OF TRANSPORTATION,W COMMERCIAL BLVD FORT LAUDERDALE  FL 33309
4.94216E+11,FLORIDA DEPT OF TRANSPORTATION,COMMERCIAL BLVD FORT LAUDERDALE  FL 33309
4.94216E+11,FLORIDA DEPT OF TRANSPORTATION,COMMERCIAL BLVD FORT LAUDERDALE  FL 33309
4.94216E+11,FLORIDA DEPT OF TRANSPORTATION,COMMERCIAL BLVD FORT LAUDERDALE  FL 33309
4.94216E+11,FLORIDA DEPT OF TRANSPORTATION,COMMERCIAL BLVD FORT LAUDERDALE  FL 33309
4.94216E+11,FLORIDA DEPT OF TRANSPORTATION,COMMERCIAL BLVD FORT LAUDERDALE  FL 33309
4.94216E+11,FLORIDA DEPT OF TRANSPORTATION,COMMERCIAL BLVD FORT LAUDERDALE  FL 33309
4.94216E+11,FLORIDA DEPT OF TRANSPORTATION,COMMERCIAL BLVD FORT LAUDERDALE  FL 33309
4.94216E+11,FLORIDA DEPT OF TRANSPORTATION,COMMERCIAL BLVD FORT LAUDERDALE  FL 33309
4.94216E+11,FLORIDA DEPT OF TRANSPORTATION,COMMERCIAL BLVD FORT LAUDERDALE  FL 33309
4.94216E+11,FLORIDA DEPT OF TRANSPORTATION,W COMMERCIAL BLVD FORT LAUDERDALE  FL 33309
4.94216E+11,FLORIDA DEPT OF TRANSPORTATION,COMMERCIAL BLVD FORT LAUDERDALE  FL 33309
4.94216E+11,FLORIDA DEPT OF TRANSPORTATION,W COMMERCIAL BLVD FORT LAUDERDALE  FL 33309
4.94216E+11,FLORIDA DEPT OF TRANSPORTATION,COMMERCIAL BLVD FORT LAUDERDALE  FL 33309
4.94216E+11,FLORIDA DEPT OF TRANSPORTATION,COMMERCIAL BLVD FORT LAUDERDALE  FL 33309
4.94216E+11,FLORIDA DEPT OF TRANSPORTATION,COMMERCIAL BLVD FORT LAUDERDALE  FL 33309
4.94216E+11,FLORIDA DEPT OF TRANSPORTATION,COMMERCIAL BLVD FORT LAUDERDALE  FL 33309
4.94216E+11,FLORIDA DEPT OF TRANSPORTATION,POWERLINE RD FORT LAUDERDALE  FL 33309
4.94216E+11,FLORIDA DEPT OF TRANSPORTATION,COMMERCIAL BLVD FORT LAUDERDALE  FL 33309
4.94216E+11,FLORIDA DEPT OF TRANSPORTATION,POWERLINE RD OAKLAND PARK  FL 33309
4.94216E+11,FLORIDA DEPT OF TRANSPORTATION,W PROSPECT RD OAKLAND PARK  FL 33309
4.94216E+11,FLORIDA DEPT OF TRANSPORTATION,COMMERCIAL BLVD FORT LAUDERDALE  FL 33309
4.94216E+11,FLORIDA DEPT OF TRANSPORTATION,W COMMERCIAL BLVD FORT LAUDERDALE  FL 33309
4.94217E+11,FLORIDA DEPT OF TRANSPORTATION,W COMMERCIAL BLVD TAMARAC  FL 33309
4.94217E+11,FLORIDA DEPT OF TRANSPORTATION,COMMERCIAL BLVD TAMARAC  FL 33309
4.94218E+11,FLORIDA DEPT OF TRANSPORTATION,COMMERCIAL BLVD TAMARAC  FL 33309
4.94218E+11,FLORIDA DEPT OF TRANSPORTATION,W COMMERCIAL BLVD TAMARAC  FL 33319
4.94218E+11,FLORIDA DEPT OF TRANSPORTATION,COMMERCIAL BLVD TAMARAC  FL 33309
4.94218E+11,FLORIDA DEPT OF TRANSPORTATION,W COMMERCIAL BLVD TAMARAC  FL 33309
4.94218E+11,FLORIDA DEPT OF TRANSPORTATION,COMMERCIAL BLVD TAMARAC  FL 33309
4.94218E+11,FLORIDA DEPT OF TRANSPORTATION,COMMERCIAL BLVD TAMARAC  FL 33309
4.94218E+11,FLORIDA DEPT OF TRANSPORTATION,COMMERCIAL BLVD TAMARAC  FL 33309
4.94218E+11,FLORIDA DEPT OF TRANSPORTATION,COMMERCIAL BLVD LAUDERDALE LAKES  FL 33309
4.94218E+11,FLORIDA DEPT OF TRANSPORTATION,COMMERCIAL BLVD LAUDERDALE LAKES  FL 33309
4.94218E+11,FLORIDA DEPT OF TRANSPORTATION,COMMERCIAL BLVD NORTH LAUDERDALE  FL 33309
4.94218E+11,FLORIDA DEPT OF TRANSPORTATION,COMMERCIAL BLVD NORTH LAUDERDALE  FL 33309
4.94218E+11,FLORIDA DEPT OF TRANSPORTATION,COMMERCIAL BLVD NORTH LAUDERDALE  FL 33309
4.94218E+11,FLORIDA DEPT OF TRANSPORTATION,STATE ROAD 7 NORTH LAUDERDALE  FL 33068
4.94218E+11,FLORIDA DEPT OF TRANSPORTATION,STATE ROAD 7 NORTH LAUDERDALE  FL 33068
4.94218E+11,FLORIDA DEPT OF TRANSPORTATION,W COMMERCIAL BLVD TAMARAC  FL 33309
4.94218E+11,FLORIDA DEPT OF TRANSPORTATION,W COMMERCIAL BLVD TAMARAC  FL 33309
4.94218E+11,FLORIDA DEPT OF TRANSPORTATION,W COMMERCIAL BLVD TAMARAC  FL 33309
4.94218E+11,FLORIDA DEPT OF TRANSPORTATION,W COMMERCIAL BLVD TAMARAC  FL 33309
4.94218E+11,FLORIDA DEPT OF TRANSPORTATION,COMMERCIAL BLVD TAMARAC  FL 33309
4.94218E+11,FLORIDA DEPT OF TRANSPORTATION,W COMMERCIAL BLVD TAMARAC  FL 33309
4.94218E+11,FLORIDA DEPT OF TRANSPORTATION,W COMMERCIAL BLVD TAMARAC  FL 33309
4.94218E+11,FLORIDA DEPT OF TRANSPORTATION,W COMMERCIAL BLVD TAMARAC  FL 33309
4.94218E+11,FLORIDA DEPT OF TRANSPORTATION,W COMMERCIAL BLVD TAMARAC  FL 33309
4.94218E+11,FLORIDA DEPT OF TRANSPORTATION,W COMMERCIAL BLVD TAMARAC  FL 33309
4.94218E+11,FLORIDA DEPT OF TRANSPORTATION,W COMMERCIAL BLVD TAMARAC  FL 33309
4.94218E+11,FLORIDA DEPT OF TRANSPORTATION,3400 W COMMERCIAL BLVD OAKLAND PARK  FL 33309
4.94218E+11,FLORIDA DEPT OF TRANSPORTATION,N STATE ROAD 7 NORTH LAUDERDALE  FL 33309
4.94219E+11,FLORIDA DEPT OF TRANSPORTATION,W OAKLAND PARK BLVD OAKLAND PARK  FL 33309
4.94219E+11,FLORIDA DEPT OF TRANSPORTATION,W OAKLAND PARK BLVD LAUDERDALE LAKES  FL 33311
4.94219E+11,FLORIDA DEPT OF TRANSPORTATION,STATE ROAD 7 LAUDERDALE LAKES  FL 33309
4.94219E+11,FLORIDA DEPT OF TRANSPORTATION,STATE ROAD 7 LAUDERDALE LAKES  FL 33309
4.94219E+11,FLORIDA DEPT OF TRANSPORTATION,NW 31 TER OAKLAND PARK  FL 33309
4.9422E+11,FLORIDA DEPT OF TRANSPORTATION,W OAKLAND PARK BLVD OAKLAND PARK  FL 33309
4.94221E+11,FLORIDA DEPT OF TRANSPORTATION,I95 OAKLAND PARK  FL 33309
4.94221E+11,FLORIDA DEPT OF TRANSPORTATION,I95 FORT LAUDERDALE  FL 33309
4.94221E+11,FLORIDA DEPT OF TRANSPORTATION,I95 OAKLAND PARK  FL 33309
4.94221E+11,FLORIDA DEPT OF TRANSPORTATION,I95 OAKLAND PARK  FL 33309
4.94221E+11,FLORIDA DEPT OF TRANSPORTATION,W OAKLAND PARK BLVD OAKLAND PARK  FL 33311
4.94221E+11,FLORIDA DEPT OF TRANSPORTATION,960 NW 38 ST OAKLAND PARK  FL 33309
4.94221E+11,FLORIDA DEPT OF TRANSPORTATION,I95 OAKLAND PARK  FL 33309
4.94221E+11,FLORIDA DEPT OF TRANSPORTATION,W OAKLAND PARK BLVD OAKLAND PARK  FL 33309
4.94221E+11,FLORIDA DEPT OF TRANSPORTATION,W PROSPECT RD FORT LAUDERDALE  FL 33309
4.94221E+11,FLORIDA DEPT OF TRANSPORTATION,NW 38 ST OAKLAND PARK  FL 33309
4.94221E+11,FLORIDA DEPT OF TRANSPORTATION,I95 OAKLAND PARK  FL 33309
4.94221E+11,FLORIDA DEPT OF TRANSPORTATION,OAKLAND PARK BLVD OAKLAND PARK  FL 33309
4.94221E+11,FLORIDA DEPT OF TRANSPORTATION,OAKLAND PARK BLVD OAKLAND PARK  FL 33309
4.94221E+11,FLORIDA DEPT OF TRANSPORTATION,I95 OAKLAND PARK  FL 33309
4.94221E+11,FLORIDA DEPT OF TRANSPORTATION,NW 10 AVE OAKLAND PARK  FL 33309
4.94222E+11,FLORIDA DEPT OF TRANSPORTATION,POWERLINE RD OAKLAND PARK  FL 33319
4.94222E+11,FLORIDA DEPT OF TRANSPORTATION,W PROSPECT RD OAKLAND PARK  FL 33309
4.94222E+11,FLORIDA DEPT OF TRANSPORTATION,I95 OAKLAND PARK  FL 33309
4.94222E+11,FLORIDA DEPT OF TRANSPORTATION,I95 OAKLAND PARK  FL 33309
4.94222E+11,FLORIDA DEPT OF TRANSPORTATION,I95 OAKLAND PARK  FL 33309
4.94222E+11,FLORIDA DEPT OF TRANSPORTATION,I95 OAKLAND PARK  FL 33309
4.94222E+11,FLORIDA DEPT OF TRANSPORTATION,I95 OAKLAND PARK  FL 33309
4.94222E+11,FLORIDA DEPT OF TRANSPORTATION,I95 OAKLAND PARK  FL 33309
4.94222E+11,FLORIDA DEPT OF TRANSPORTATION,I95 OAKLAND PARK  FL 33309
4.94222E+11,FLORIDA DEPT OF TRANSPORTATION,POWERLINE RD OAKLAND PARK  FL 33309
4.94222E+11,FLORIDA DEPT OF TRANSPORTATION,I95 OAKLAND PARK  FL 33309
4.94222E+11,FLORIDA DEPT OF TRANSPORTATION,NW 43 CT OAKLAND PARK  FL 33309
4.94222E+11,FLORIDA DEPT OF TRANSPORTATION,I95 OAKLAND PARK  FL 33309
4.94222E+11,FLORIDA DEPT OF TRANSPORTATION,I95 OAKLAND PARK  FL 33309
4.94222E+11,FLORIDA DEPT OF TRANSPORTATION,I95 OAKLAND PARK  FL 33309
4.94222E+11,FLORIDA DEPT OF TRANSPORTATION,I95 OAKLAND PARK  FL 33309
4.94222E+11,FLORIDA DEPT OF TRANSPORTATION,I95 OAKLAND PARK  FL 33309
4.94222E+11,FLORIDA DEPT OF TRANSPORTATION,NW 9 AVE OAKLAND PARK  FL 33309
4.94222E+11,FLORIDA DEPT OF TRANSPORTATION,I95 OAKLAND PARK  FL 33309
4.94222E+11,FLORIDA DEPT OF TRANSPORTATION,I95 OAKLAND PARK  FL 33309
4.94222E+11,FLORIDA DEPT OF TRANSPORTATION,I95 OAKLAND PARK  FL 33309
4.94222E+11,FLORIDA DEPT OF TRANSPORTATION,I95 OAKLAND PARK  FL 33309
4.94222E+11,FLORIDA DEPT OF TRANSPORTATION,NW 43 ST OAKLAND PARK  FL 33309
4.94222E+11,FLORIDA DEPT OF TRANSPORTATION,NW 42 ST OAKLAND PARK  FL 33309
4.94222E+11,FLORIDA DEPT OF TRANSPORTATION,I95 OAKLAND PARK  FL 33309
4.94222E+11,FLORIDA DEPT OF TRANSPORTATION,I95 OAKLAND PARK  FL 33309
4.94222E+11,FLORIDA DEPT OF TRANSPORTATION,I95 OAKLAND PARK  FL 33309
4.94222E+11,FLORIDA DEPT OF TRANSPORTATION,I95 OAKLAND PARK  FL 33309
4.94222E+11,FLORIDA DEPT OF TRANSPORTATION,I95 OAKLAND PARK  FL 33309
4.94222E+11,FLORIDA DEPT OF TRANSPORTATION,I95 OAKLAND PARK  FL 33309
4.94222E+11,FLORIDA DEPT OF TRANSPORTATION,NW 42 ST OAKLAND PARK  FL 33309
4.94222E+11,FLORIDA DEPT OF TRANSPORTATION,NW 41 ST OAKLAND PARK  FL 33309
4.94222E+11,FLORIDA DEPT OF TRANSPORTATION,I95 OAKLAND PARK  FL 33309
4.94222E+11,FLORIDA DEPT OF TRANSPORTATION,I95 OAKLAND PARK  FL 33309
4.94222E+11,FLORIDA DEPT OF TRANSPORTATION,NW 9 AVE OAKLAND PARK  FL 33309
4.94222E+11,FLORIDA DEPT OF TRANSPORTATION,W OAKLAND PARK BLVD OAKLAND PARK  FL 33309
4.94223E+11,FLORIDA DEPT OF TRANSPORTATION,NE 39 ST OAKLAND PARK  FL 33334
4.94223E+11,FLORIDA DEPT OF TRANSPORTATION,N DIXIE HWY OAKLAND PARK  FL 33334
4.94223E+11,FLORIDA DEPT OF TRANSPORTATION,N DIXIE HWY OAKLAND PARK  FL 33334
4.94223E+11,FLORIDA DEPT OF TRANSPORTATION,N DIXIE HWY OAKLAND PARK  FL 33334
4.94223E+11,FLORIDA DEPT OF TRANSPORTATION,OAKLAND PARK BLVD OAKLAND PARK  FL 33334
4.94223E+11,FLORIDA DEPT OF TRANSPORTATION,OAKLAND PARK BLVD OAKLAND PARK  FL 33334
4.94223E+11,FLORIDA DEPT OF TRANSPORTATION,OAKLAND PARK BLVD OAKLAND PARK  FL 33334
4.94223E+11,FLORIDA DEPT OF TRANSPORTATION,OAKLAND PARK BLVD OAKLAND PARK  FL 33334
4.94223E+11,FLORIDA DEPT OF TRANSPORTATION,OAKLAND PARK BLVD OAKLAND PARK  FL 33334
4.94223E+11,FLORIDA DEPT OF TRANSPORTATION,OAKLAND PARK BLVD OAKLAND PARK  FL 33334
4.94223E+11,FLORIDA DEPT OF TRANSPORTATION,OAKLAND PARK BLVD OAKLAND PARK  FL 33334
4.94223E+11,FLORIDA DEPT OF TRANSPORTATION,OAKLAND PAR BLVD OAKLAND PARK  FL 33334
4.94223E+11,FLORIDA DEPT OF TRANSPORTATION,N DIXIE HWY OAKLAND PARK  FL 33334
4.94223E+11,FLORIDA DEPT OF TRANSPORTATION,N DIXIE HWY OAKLAND PARK  FL 33334
4.94223E+11,FLORIDA DEPT OF TRANSPORTATION,N DIXIE HWY OAKLAND PARK  FL 33334
4.94223E+11,FLORIDA DEPT OF TRANSPORTATION,N DIXIE HWY OAKLAND PARK  FL 33334
4.94223E+11,FLORIDA DEPT OF TRANSPORTATION,N DIXIE HWY OAKLAND PARK  FL 33334
4.94223E+11,FLORIDA DEPT OF TRANSPORTATION,OAKLAND PARK BLVD OAKLAND PARK  FL 33334
4.94223E+11,FLORIDA DEPT OF TRANSPORTATION,OAKLAND PARK BLVD OAKLAND PARK  FL 33334
4.94223E+11,FLORIDA DEPT OF TRANSPORTATION,OAKLAND PARK BLVD OAKLAND PARK  FL 33334
4.94223E+11,FLORIDA DEPT OF TRANSPORTATION,OAKLAND PARK BLVD OAKLAND PARK  FL 33334
4.94223E+11,FLORIDA DEPT OF TRANSPORTATION,OAKLAND PARK BLVD OAKLAND PARK  FL 33334
4.94223E+11,FLORIDA DEPT OF TRANSPORTATION,OAKLAND PARK BLVD OAKLAND PARK  FL 33334
4.94223E+11,FLORIDA DEPT OF TRANSPORTATION,OAKLAND PARK BLVD OAKLAND PARK  FL 33334
4.94223E+11,FLORIDA DEPT OF TRANSPORTATION,NE 37 ST OAKLAND PARK  FL 33334
4.94223E+11,FLORIDA DEPT OF TRANSPORTATION,N DIXIE HWY OAKLAND PARK  FL 33334
4.94223E+11,FLORIDA DEPT OF TRANSPORTATION,NE 38 ST OAKLAND PARK  FL 33334
4.94224E+11,FLORIDA DEPT OF TRANSPORTATION,N FEDERAL HWY OAKLAND PARK  FL 33311
4.94224E+11,FLORIDA DEPT OF TRANSPORTATION,N FEDERAL HWY FORT LAUDERDALE  FL 33311
4.94224E+11,FLORIDA DEPT OF TRANSPORTATION,MARK DR OAKLAND PARK  FL 33306
4.94224E+11,FLORIDA DEPT OF TRANSPORTATION,E COMMERCIAL BLVD FORT LAUDERDALE  FL 33308
4.94224E+11,FLORIDA DEPT OF TRANSPORTATION,N FEDERAL HWY OAKLAND PARK  FL 33308
4.94225E+11,FLORIDA DEPT OF TRANSPORTATION,OAKLAND PARK BLVD FORT LAUDERDALE  FL 33306
4.94225E+11,FLORIDA DEPT OF TRANSPORTATION,N FEDERAL HWY FORT LAUDERDALE  FL 33306
4.94225E+11,FLORIDA DEPT OF TRANSPORTATION,N FEDERAL HWY FORT LAUDERDALE  FL 33305
4.94226E+11,FLORIDA DEPT OF TRANSPORTATION,NE 15 AVE FORT LAUDERDALE  FL 33305
4.94226E+11,FLORIDA DEPT OF TRANSPORTATION,OAKLAND PARK BLVD OAKLAND PARK  FL 33334
4.94226E+11,FLORIDA DEPT OF TRANSPORTATION,WILTON DR WILTON MANORS  FL 33305
4.94226E+11,FLORIDA DEPT OF TRANSPORTATION,OAKLAND PARK BLVD OAKLAND PARK  FL 33334
4.94226E+11,FLORIDA DEPT OF TRANSPORTATION,E OAKLAND PARK BLVD OAKLAND PARK  FL 33334
4.94226E+11,FLORIDA DEPT OF TRANSPORTATION,DIXIE HWY OAKLAND PARK  FL 33334
4.94226E+11,FLORIDA DEPT OF TRANSPORTATION,OAKLAND PARK BLVD OAKLAND PARK  FL 33334
4.94226E+11,FLORIDA DEPT OF TRANSPORTATION,OAKLAND PARK BLVD OAKLAND PARK  FL 33334
4.94226E+11,FLORIDA DEPT OF TRANSPORTATION,OAKLAND PARK BLVD OAKLAND PARK  FL 33334
4.94226E+11,FLORIDA DEPT OF TRANSPORTATION,OAKLAND PARK BLVD OAKLAND PARK  FL 33334
4.94226E+11,FLORIDA DEPT OF TRANSPORTATION,E OAKLAND PARK BLVD OAKLAND PARK  FL 33334
4.94227E+11,FLORIDA DEPT OF TRANSPORTATION,POWERLINE RD FORT LAUDERDALE  FL 33311
4.94227E+11,FLORIDA DEPT OF TRANSPORTATION,POWERLINE RD WILTON MANORS  FL 33311
4.94227E+11,FLORIDA DEPT OF TRANSPORTATION,POWERLINE RD FORT LAUDERDALE  FL 33311
4.94227E+11,FLORIDA DEPT OF TRANSPORTATION,E OAKLAND PARK BLVD WILTON MANORS  FL 33311
4.94227E+11,FLORIDA DEPT OF TRANSPORTATION,NW 9 AVE WILTON MANORS  FL 33311
4.94228E+11,FLORIDA DEPT OF TRANSPORTATION,I95 OAKLAND PARK  FL 33311
4.94228E+11,FLORIDA DEPT OF TRANSPORTATION,I95 OAKLAND PARK  FL 33311
4.94228E+11,FLORIDA DEPT OF TRANSPORTATION,I95 FORT LAUDERDALE  FL 33311
4.94228E+11,FLORIDA DEPT OF TRANSPORTATION,W OAKLAND PARK BLVD OAKLAND PARK  FL 33311
4.94228E+11,FLORIDA DEPT OF TRANSPORTATION,W OAKLAND PARK BLVD OAKLAND PARK  FL 33311
4.94228E+11,FLORIDA DEPT OF TRANSPORTATION,I95 OAKLAND PARK  FL 33311
4.94228E+11,FLORIDA DEPT OF TRANSPORTATION,I95 FORT LAUDERDALE  FL 33311
4.94228E+11,FLORIDA DEPT OF TRANSPORTATION,I95 FORT LAUDERDALE  FL 33311
4.94228E+11,FLORIDA DEPT OF TRANSPORTATION,I95 OAKLAND PARK  FL 33311
4.94228E+11,FLORIDA DEPT OF TRANSPORTATION,I95 FORT LAUDERDALE  FL 33311
4.94228E+11,FLORIDA DEPT OF TRANSPORTATION,I95 FORT LAUDERDALE  FL 33311
4.94228E+11,FLORIDA DEPT OF TRANSPORTATION,I95 OAKLAND PARK  FL 33311
4.94228E+11,FLORIDA DEPT OF TRANSPORTATION,I95 OAKLAND PARK  FL 33311
4.94228E+11,FLORIDA DEPT OF TRANSPORTATION,POWERLINE RD FORT LAUDERDALE  FL 33311
4.94228E+11,FLORIDA DEPT OF TRANSPORTATION,POWERLINE RD FORT LAUDERDALE  FL 33311
4.94228E+11,FLORIDA DEPT OF TRANSPORTATION,POWERLINE RD FORT LAUDERDALE  FL 33311
4.94228E+11,FLORIDA DEPT OF TRANSPORTATION,OAKLAND PARK BLVD OAKLAND PARK  FL 33311
4.94228E+11,FLORIDA DEPT OF TRANSPORTATION,I-95 OAKLAND PARK  FL 33331
4.94228E+11,FLORIDA DEPT OF TRANSPORTATION,I-95 OAKLAND PARK  FL 33311
4.94228E+11,FLORIDA DEPT OF TRANSPORTATION,I-95 OAKLAND PARK  FL 33311
4.94228E+11,FLORIDA DEPT OF TRANSPORTATION,OAKLAND PARK BLVD OAKLAND PARK  FL 33311
4.94228E+11,FLORIDA DEPT OF TRANSPORTATION,POWERLINE RD FORT LAUDERDALE  FL 33311
4.94229E+11,FLORIDA DEPT OF TRANSPORTATION,W OAKLAND PARK BLVD OAKLAND PARK  FL 33311
4.94229E+11,FLORIDA DEPT OF TRANSPORTATION,I95 OAKLAND PARK  FL 33311
4.94229E+11,FLORIDA DEPT OF TRANSPORTATION,W OAKLAND PARK BLVD OAKLAND PARK  FL 33311
4.9423E+11,FLORIDA DEPT OF TRANSPORTATION,NW 19 ST FORT LAUDERDALE  FL 33311
4.9423E+11,FLORIDA DEPT OF TRANSPORTATION,STATE ROAD 7 LAUDERDALE LAKES  FL 33311
4.9423E+11,FLORIDA DEPT OF TRANSPORTATION,STATE ROAD 7 LAUDERDALE LAKES  FL 33311
4.9423E+11,FLORIDA DEPT OF TRANSPORTATION,STATE ROAD 7 LAUDERDALE LAKES  FL 33311
4.9423E+11,FLORIDA DEPT OF TRANSPORTATION,W OAKLAND PARK BLVD LAUDERDALE LAKES  FL 33311
4.9423E+11,FLORIDA DEPT OF TRANSPORTATION,W OAKLAND PARK BLVD LAUDERDALE LAKES  FL 33311
4.9423E+11,FLORIDA DEPT OF TRANSPORTATION,OAKLAND PARK BLVD LAUDERDALE LAKES  FL 33311
4.9423E+11,FLORIDA DEPT OF TRANSPORTATION,W OAKLAND PARK BLVD LAUDERDALE LAKES  FL 33311
4.9423E+11,FLORIDA DEPT OF TRANSPORTATION,W OAKLAND PARK BLVD LAUDERDALE LAKES  FL 33309
4.9423E+11,FLORIDA DEPT OF TRANSPORTATION,NW 36 AVE LAUDERDALE LAKES  FL 33311
4.94231E+11,FLORIDA DEPT OF TRANSPORTATION,STATE ROAD 7 LAUDERHILL  FL 33311
4.94231E+11,FLORIDA DEPT OF TRANSPORTATION,STATE ROAD 7 LAUDERHILL  FL 33313
4.94231E+11,FLORIDA DEPT OF TRANSPORTATION,STATE ROAD 7 LAUDERHILL  FL 33313
4.94231E+11,FLORIDA DEPT OF TRANSPORTATION,STATE ROAD 7 LAUDERHILL  FL 33313
4.94231E+11,FLORIDA DEPT OF TRANSPORTATION,W SUNRISE BLVD LAUDERHILL  FL 33311
4.94231E+11,FLORIDA DEPT OF TRANSPORTATION,W SUNRISE BLVD LAUDERHILL  FL 33311
4.94232E+11,FLORIDA DEPT OF TRANSPORTATION,SERVICE RD FORT LAUDERDALE  FL 33311
4.94232E+11,FLORIDA DEPT OF TRANSPORTATION,SERVICE RD FORT LAUDERDALE  FL 33311
4.94232E+11,FLORIDA DEPT OF TRANSPORTATION,SERVICE RD FORT LAUDERDALE  FL 33311
4.94232E+11,FLORIDA DEPT OF TRANSPORTATION,W SUNRISE BLVD UNINCORPORATED  FL 33311
4.94232E+11,FLORIDA DEPT OF TRANSPORTATION,W SUNRISE BLVD UNINCORPORATED  FL 33311
4.94232E+11,FLORIDA DEPT OF TRANSPORTATION,NW 23 AVE FORT LAUDERDALE  FL 33311
4.94233E+11,FLORIDA DEPT OF TRANSPORTATION,W SUNRISE BLVD FORT LAUDERDALE  FL 33311
4.94233E+11,FLORIDA DEPT OF TRANSPORTATION,NW 19 ST FORT LAUDERDALE  FL 33311
4.94233E+11,FLORIDA DEPT OF TRANSPORTATION,SERVICE RD FORT LAUDERDALE  FL 33311
4.94233E+11,FLORIDA DEPT OF TRANSPORTATION,I-95 FORT LAUDERDALE  FL 33311
4.94233E+11,FLORIDA DEPT OF TRANSPORTATION,POWERLINE RD FORT LAUDERDALE  FL 33311
4.94233E+11,FLORIDA DEPT OF TRANSPORTATION,I95 FORT LAUDERDALE  FL 33311
4.94233E+11,FLORIDA DEPT OF TRANSPORTATION,I95 FORT LAUDERDALE  FL 33311
4.94233E+11,FLORIDA DEPT OF TRANSPORTATION,NW 19 ST FORT LAUDERDALE  FL 33311
4.94233E+11,FLORIDA DEPT OF TRANSPORTATION,I95 FORT LAUDERDALE  FL 33311
4.94233E+11,FLORIDA DEPT OF TRANSPORTATION,I95 FORT LAUDERDALE  FL 33311
4.94233E+11,FLORIDA DEPT OF TRANSPORTATION,W SUNRISE BLVD FORT LAUDERDALE  FL 33311
4.94233E+11,FLORIDA DEPT OF TRANSPORTATION,I95 FORT LAUDERDALE  FL 33311
4.94233E+11,FLORIDA DEPT OF TRANSPORTATION,I95 FORT LAUDERDALE  FL 33311
4.94233E+11,FLORIDA DEPT OF TRANSPORTATION,I95 FORT LAUDERDALE  FL 33311
4.94233E+11,FLORIDA DEPT OF TRANSPORTATION,I95 FORT LAUDERDALE  FL 33311
4.94233E+11,FLORIDA DEPT OF TRANSPORTATION,I95 FORT LAUDERDALE  FL 33311
4.94233E+11,FLORIDA DEPT OF TRANSPORTATION,I95 FORT LAUDERDALE  FL 33311
4.94233E+11,FLORIDA DEPT OF TRANSPORTATION,I95 FORT LAUDERDALE  FL 33311
4.94233E+11,FLORIDA DEPT OF TRANSPORTATION,I95 FORT LAUDERDALE  FL 33311
4.94233E+11,FLORIDA DEPT OF TRANSPORTATION,I95 FORT LAUDERDALE  FL 33311
4.94233E+11,FLORIDA DEPT OF TRANSPORTATION,I95 FORT LAUDERDALE  FL 33311
4.94233E+11,FLORIDA DEPT OF TRANSPORTATION,I95 FORT LAUDERDALE  FL 33311
4.94233E+11,FLORIDA DEPT OF TRANSPORTATION,I95 FORT LAUDERDALE  FL 33311
4.94233E+11,FLORIDA DEPT OF TRANSPORTATION,I95 FORT LAUDERDALE  FL 33311
4.94233E+11,FLORIDA DEPT OF TRANSPORTATION,I95 FORT LAUDERDALE  FL 33311
4.94233E+11,FLORIDA DEPT OF TRANSPORTATION,I95 FORT LAUDERDALE  FL 33311
4.94233E+11,FLORIDA DEPT OF TRANSPORTATION,I95 FORT LAUDERDALE  FL 33311
4.94233E+11,FLORIDA DEPT OF TRANSPORTATION,I95 FORT LAUDERDALE  FL 33311
4.94233E+11,FLORIDA DEPT OF TRANSPORTATION,I95 FORT LAUDERDALE  FL 33311
4.94233E+11,FLORIDA DEPT OF TRANSPORTATION,I95 FORT LAUDERDALE  FL 33311
4.94233E+11,FLORIDA DEPT OF TRANSPORTATION,I95 FORT LAUDERDALE  FL 33311
4.94233E+11,FLORIDA DEPT OF TRANSPORTATION,I95 FORT LAUDERDALE  FL 33311
4.94233E+11,FLORIDA DEPT OF TRANSPORTATION,W SUNRISE BLVD FORT LAUDERDALE  FL 33311
4.94233E+11,FLORIDA DEPT OF TRANSPORTATION,W SUNRISE BLVD FORT LAUDERDALE  FL 33311
4.94233E+11,FLORIDA DEPT OF TRANSPORTATION,W SUNRISE BLVD FORT LAUDERDALE  FL 33311
4.94233E+11,FLORIDA DEPT OF TRANSPORTATION,W SUNRISE BLVD FORT LAUDERDALE  FL 33311
4.94233E+11,FLORIDA DEPT OF TRANSPORTATION,W SUNRISE BLVD FORT LAUDERDALE  FL 33311
4.94234E+11,FLORIDA DEPT OF TRANSPORTATION,NE 4 AVE FORT LAUDERDALE  FL 33304
4.94234E+11,FLORIDA DEPT OF TRANSPORTATION,N ANDREWS AVE FORT LAUDERDALE  FL 33305
4.94234E+11,FLORIDA DEPT OF TRANSPORTATION,NE 17 AVE FORT LAUDERDALE  FL 33304
4.94234E+11,FLORIDA DEPT OF TRANSPORTATION,SUNRISE BLVD FORT LAUDERDALE  FL 33304
4.94234E+11,FLORIDA DEPT OF TRANSPORTATION,E SUNRISE BLVD FORT LAUDERDALE  FL 33304
4.94234E+11,FLORIDA DEPT OF TRANSPORTATION,W SUNRISE BLVD FORT LAUDERDALE  FL 33311
4.94234E+11,FLORIDA DEPT OF TRANSPORTATION,W SUNRISE BLVD FORT LAUDERDALE  FL 33311
4.94234E+11,FLORIDA DEPT OF TRANSPORTATION,SUNRISE BLVD FORT LAUDERDALE  FL 33311
4.94234E+11,FLORIDA DEPT OF TRANSPORTATION,NW 7 AVE FORT LAUDERDALE  FL 33311
4.94234E+11,FLORIDA DEPT OF TRANSPORTATION,W SUNRISE BLVD FORT LAUDERDALE  FL 33311
4.94234E+11,FLORIDA DEPT OF TRANSPORTATION,E SUNRISE BLVD FORT LAUDERDALE  FL 33311
4.94234E+11,FLORIDA DEPT OF TRANSPORTATION,NE 2 AVE FORT LAUDERDALE  FL 33304
4.94234E+11,FLORIDA DEPT OF TRANSPORTATION,SUNRISE BLVD FORT LAUDERDALE  FL 33311
4.94234E+11,FLORIDA DEPT OF TRANSPORTATION,SUNRISE BLVD FORT LAUDERDALE  FL 33304
4.94234E+11,FLORIDA DEPT OF TRANSPORTATION,SUNRISE BLVD FORT LAUDERDALE  FL 33311
4.94234E+11,FLORIDA DEPT OF TRANSPORTATION,N FEDERAL HWY FORT LAUDERDALE  FL 33304
4.94234E+11,FLORIDA DEPT OF TRANSPORTATION,W SUNRISE BLVD FORT LAUDERDALE  FL 33311
4.84202E+11,FLORIDA DEPT OF TRANSPORTATION ,1300 W HILLSBORO BLVD DEERFIELD BEACH  FL 33442
4.84202E+11,FLORIDA DEPT OF TRANSPORTATION ,SW 10 ST DEERFIELD BEACH  FL 33442
4.84222E+11,FLORIDA DEPT OF TRANSPORTATION ,N ANDREWS AVE POMPANO BEACH  FL 33064
4.93933E+11,FLORIDA DEPT OF TRANSPORTATION ,US 27 HWY WESTON  FL 33327
4.93934E+11,FLORIDA DEPT OF TRANSPORTATION ,US 27 HWY WESTON  FL 33327
4.84308E+11,FLORIDA DREAM 904 LLC,904 SE 10 ST DEERFIELD BEACH  FL 33441
4.84235E+11,FLORIDA DREAM DESTINATIONS LLC,200 NE 8 ST POMPANO BEACH  FL 33060
4.94224E+11,FLORIDA DREAM RENTALS II LLC,3351 NE 20 AVE OAKLAND PARK  FL 33306
4.94235E+11,FLORIDA DREAM RENTALS LLC,1314 NE 14 CT FORT LAUDERDALE  FL 33304
4.84227E+11,FLORIDA EAST COAST RAILWAY CO,NW 15 ST POMPANO BEACH  FL 33069
4.84227E+11,FLORIDA EAST COAST RAILWAY CO,NW 18 ST POMPANO BEACH  FL 33069
4.84234E+11,FLORIDA EAST COAST RAILWAY CO,NW 12 TER POMPANO BEACH  FL 33069
4.84234E+11,FLORIDA EAST COAST RAILWAY CO,NW 15 ST POMPANO BEACH  FL 33069
4.84234E+11,FLORIDA EAST COAST RAILWAY CO,1000 NW 13 AVE POMPANO BEACH  FL 33069
4.84234E+11,FLORIDA EAST COAST RAILWAY CO,1263 DR MARTIN LUTHER KING JR BLVD POMPANO BEACH  FL 33069
4.84235E+11,FLORIDA EAST COAST RAILWAY CO,DIXIE HWY POMPANO BEACH  FL 33060
4.94226E+11,FLORIDA EAST COAST RAILWAY CO,N DIXIE HWY WILTON MANORS  FL 0
4.94226E+11,FLORIDA EAST COAST RAILWAY CO,NE 12 AVE WILTON MANORS  FL 33305
4.74331E+11,FLORIDA EAST COAST RAILWAY LLC,NE 2 ST DEERFIELD BEACH  FL 33441
4.84201E+11,FLORIDA EAST COAST RAILWAY LLC,SW 10 ST DEERFIELD BEACH  FL 33441
4.84212E+11,FLORIDA EAST COAST RAILWAY LLC,SW 10 ST DEERFIELD BEACH  FL 33441
4.84213E+11,FLORIDA EAST COAST RAILWAY LLC,NE 48 ST DEERFIELD BEACH  FL 33064
4.84213E+11,FLORIDA EAST COAST RAILWAY LLC, DEERFIELD BEACH  FL 33064
4.84224E+11,FLORIDA EAST COAST RAILWAY LLC,SAMPLE RD POMPANO BEACH  FL 33064
4.84224E+11,FLORIDA EAST COAST RAILWAY LLC, POMPANO BEACH  FL 33064
4.84225E+11,FLORIDA EAST COAST RAILWAY LLC,NE 24 ST POMPANO BEACH  FL 33060
4.84226E+11,FLORIDA EAST COAST RAILWAY LLC,NE 18 ST POMPANO BEACH  FL 33060
4.84227E+11,FLORIDA EAST COAST RAILWAY LLC, POMPANO BEACH  FL 33064
4.84234E+11,FLORIDA EAST COAST RAILWAY LLC,I95 POMPANO BEACH  FL 33060
4.84234E+11,FLORIDA EAST COAST RAILWAY LLC,NW 13 AVE POMPANO BEACH  FL 33069
4.84235E+11,FLORIDA EAST COAST RAILWAY LLC,NW 6 AVE POMPANO BEACH  FL 33060
4.84235E+11,FLORIDA EAST COAST RAILWAY LLC,N DIXIE HWY POMPANO BEACH  FL 33060
4.84235E+11,FLORIDA EAST COAST RAILWAY LLC,NW 15 ST POMPANO BEACH  FL 33060
4.84235E+11,FLORIDA EAST COAST RAILWAY LLC, POMPANO BEACH  FL 33064
4.84235E+11,FLORIDA EAST COAST RAILWAY LLC,NE 6 ST POMPANO BEACH  FL 33060
4.84306E+11,FLORIDA EAST COAST RAILWAY LLC,36 S DIXIE HWY DEERFIELD BEACH  FL 33441
4.84306E+11,FLORIDA EAST COAST RAILWAY LLC,NE 2 ST DEERFIELD BEACH  FL 33441
4.94202E+11,FLORIDA EAST COAST RAILWAY LLC,ATLANTIC BLVD POMPANO BEACH  FL 33060
4.94211E+11,FLORIDA EAST COAST RAILWAY LLC,NE 56 ST OAKLAND PARK  FL 33334
4.94211E+11,FLORIDA EAST COAST RAILWAY LLC,E CYPRESS CREEK RD FORT LAUDERDALE  FL 33334
4.94211E+11,FLORIDA EAST COAST RAILWAY LLC,MCNAB RD POMPANO BEACH  FL 33060
4.94211E+11,FLORIDA EAST COAST RAILWAY LLC, OAKLAND PARK  FL 33334
4.94214E+11,FLORIDA EAST COAST RAILWAY LLC,NE 56 ST OAKLAND PARK  FL 33334
4.94223E+11,FLORIDA EAST COAST RAILWAY LLC,PROSPECT RD OAKLAND PARK  FL 33334
4.94226E+11,FLORIDA EAST COAST RAILWAY LLC,NE 18 ST FORT LAUDERDALE  FL 33305
4.94226E+11,FLORIDA EAST COAST RAILWAY LLC,NE 26 ST WILTON MANORS  FL 33305
4.94226E+11,FLORIDA EAST COAST RAILWAY LLC,2902 N DIXIE HWY OAKLAND PARK  FL 33334
4.94226E+11,FLORIDA EAST COAST RAILWAY LLC, WILTON MANORS  FL 33305
4.94234E+11,FLORIDA EAST COAST RAILWAY LLC,SUNRISE BLVD FORT LAUDERDALE  FL 33304
4.94235E+11,FLORIDA EAST COAST RAILWAY LLC,NE 13 ST FORT LAUDERDALE  FL 33304
4.94129E+11,FLORIDA EASTERN FINANCIAL TR,9542 NW 19 PL SUNRISE  FL 33322
4.74235E+11,FLORIDA ELB FAMILY LLC,2495 DEER CREEK LOB LOLLY LN DEERFIELD BEACH  FL 33442
4.84215E+11,FLORIDA EQUITY INVESTMENTS LLC,4113 MARINA WAY DEERFIELD BEACH  FL 33064
4.94234E+11,FLORIDA FAIR HOUSING CORP,1045 N ANDREWS AVE #1-6 FORT LAUDERDALE  FL 33311
494206CM2150,FLORIDA FLATS RENTAL LLC,1253 SW 46 AVE #1607 POMPANO BEACH  FL 33069
494206CM2180,FLORIDA FLATS RENTAL LLC,1253 SW 46 AVE #1610 POMPANO BEACH  FL 33069
494205KA0360,FLORIDA FORECLOSURE,3985 W MCNAB RD #312A POMPANO BEACH  FL 33069
494205KA0870,FLORIDA FORECLOSURE,4005 W MCNAB RD #207C POMPANO BEACH  FL 33069
494206BK0290,FLORIDA FORECLOSURE,504 GARDENS DR #101 POMPANO BEACH  FL 33069
484330AC0440,FLORIDA FOREVER & EVER TR,2350 NE 14 ST #307 POMPANO BEACH  FL 33062
484224AG0060,FLORIDA FOREVER TR,3300 NE 10 TER #6 POMPANO BEACH  FL 33064
494108BH0260,FLORIDA G&G HOLDINGS LLC,9920 NW 68 PL #210 TAMARAC  FL 33321
4.84221E+11,FLORIDA GAS TRANSMISSION CO LLC,3030 NW 33 ST POMPANO BEACH  FL 33069
4.94135E+11,FLORIDA GAS TRANSMISSION COMPANY,FLORIDA TPKE LAUDERHILL  FL 33313
484135A30150,FLORIDA GENESIS HOMES INC,1000 COUNTRY CLUB DR #206 MARGATE  FL 33063
494111AA0310,FLORIDA GENESIS HOMES INC,5940 NW 64 AVE #307 TAMARAC  FL 33319
484118BG0030,FLORIDA GOLD COAST PROPERTY,3905 NW 126 AVE #2A CORAL SPRINGS  FL 33065
4.84224E+11,FLORIDA GOLDCOAST RENTALS LLC,1573 NE 27 ST POMPANO BEACH  FL 33064
4.94112E+11,FLORIDA GOLDCOAST RENTALS LLC,6130 SW 15 ST NORTH LAUDERDALE  FL 33068
4.84126E+11,FLORIDA GOLF SHOPS INC,ROCK ISLAND RD MARGATE  FL 33063
4.84126E+11,FLORIDA GOLF SHOPS INC,NW 18 ST MARGATE  FL 33063
4.84126E+11,FLORIDA GOLF SHOPS INC,8000 MARGATE BLVD MARGATE  FL 33063
494111AE1280,FLORIDA GREENHARBOR CORP,1212 BELMONT LN NORTH LAUDERDALE  FL 33068
4.94206E+11,FLORIDA GROCERY LLC,1180 S STATE ROAD 7 NORTH LAUDERDALE  FL 33068
484134AB0070,FLORIDA GSA HOLDINGS LLC,7901 SOUTHGATE BLVD #7C NORTH LAUDERDALE  FL 33068
494230AA0090,FLORIDA GSA HOLDINGS LLC,3748 NW 21 ST #203 LAUDERDALE LAKES  FL 33311
484132AC0010,FLORIDA HAPPY INVESTORS LLC,11295 W ATLANTIC BLVD #101 CORAL SPRINGS  FL 33071
4.94229E+11,FLORIDA HINDU ORGANIZATION INC,NW 29 AVE OAKLAND PARK  FL 33311
4.94229E+11,FLORIDA HINDU ORGANIZATION INC,3000 NW 29 AVE OAKLAND PARK  FL 33311
4.94223E+11,FLORIDA HINDU PARISHAD INC,1021 NE 34 ST OAKLAND PARK  FL 33334
4.94115E+11,FLORIDA HOLDING 4800 LLC,4800 N UNIVERSITY DR LAUDERHILL  FL 33319
4.9412E+11,FLORIDA HOME CONSULTANTS USA INC,9300 NW 37 CT SUNRISE  FL 33351
484201BD0140,FLORIDA HOME PRO INVESTMENTS LLC,545 TRACE CIR #202 DEERFIELD BEACH  FL 33441
4.84305E+11,FLORIDA INLAND NAVIGATION,1720 DEERFIELD ISLAND PARK DEERFIELD BEACH  FL 33441
4.8433E+11,FLORIDA INLAND NAVIGATION,2380 NE 24 ST POMPANO BEACH  FL 33062
4.8433E+11,FLORIDA INLAND NAVIGATION,NE 24 ST POMPANO BEACH  FL 33062
4.8433E+11,FLORIDA INLAND NAVIGATION,NE 27 TER POMPANO BEACH  FL 33062
4.8433E+11,FLORIDA INLAND NAVIGATION,2901 NE 14 ST POMPANO BEACH  FL 33062
4.8433E+11,FLORIDA INLAND NAVIGATION,NE 28 AVE POMPANO BEACH  FL 33062
4.8433E+11,FLORIDA INLAND NAVIGATION,NE 27 TER POMPANO BEACH  FL 33062
4.84329E+11,FLORIDA INVESTMENT GROUP 300 LLC,3405 NORFOLK ST POMPANO BEACH  FL 33062
494111BC0640,FLORIDA INVESTMENT LLC,1800 SW 81 AVE #1409 NORTH LAUDERDALE  FL 33068
4.94121E+11,FLORIDA INVESTMENTS 6 LLC,3451 N UNIVERSITY DR SUNRISE  FL 33351
4.94115E+11,FLORIDA INVESTMENTS 7 LLC,7240 NW 56 ST LAUDERHILL  FL 33319
4.84112E+11,FLORIDA ISLAND COLLECTOR LLC,5040 NW 57 TER CORAL SPRINGS  FL 33067
4.84109E+11,FLORIDA LAND TR,5000 NW 95 DR CORAL SPRINGS  FL 33076
4.94234E+11,FLORIDA LAND TR,1608 NW 5 AVE FORT LAUDERDALE  FL 33311
494134BC0040,FLORIDA LAND TR #6-871112,7401 W SUNRISE BLVD #C2 PLANTATION  FL 33313
484133AB0610,FLORIDA LAND TR NO 9-16-25,9944 TWIN LAKES DR #34-E CORAL SPRINGS  FL 33071
4.84201E+11,FLORIDA LATIN AMERICA,216 SW 1 ST DEERFIELD BEACH  FL 33441
4.84226E+11,FLORIDA LEVEL ONE LLC,1732 NW 6 TER POMPANO BEACH  FL 33060
484122BK0630,FLORIDA LIBERTY PROPERTIES CORP,8907 NW 28 DR #20 CORAL SPRINGS  FL 33065
484207AB0400,FLORIDA LIFE RENTAL LLC,4844 N STATE ROAD 7 #2306 COCONUT CREEK  FL 33073
484305BC0130,FLORIDA MEDICAL AFFILIATES INC,1500 E HILLSBORO BLVD #203 DEERFIELD BEACH  FL 33441
484305BC0140,FLORIDA MEDICAL AFFILIATES INC,1500 E HILLSBORO BLVD #204 DEERFIELD BEACH  FL 33441
494109CB0320,FLORIDA MP GROUP LLC,8040 COLONY CIR N #202 TAMARAC  FL 33321
494111AE2170,FLORIDA MP GROUP LLC,2009 BELMONT LN NORTH LAUDERDALE  FL 33068
494121CF1430,FLORIDA MP GROUP LLC,3990 NW 87 AVE SUNRISE  FL 33351
494214AC0140,FLORIDA NERVE MED LLC,5333 N DIXIE HWY #202 OAKLAND PARK  FL 33334
494111AE1600,FLORIDA NEW HOUSE FNH LLC,1512 BELMONT LN NORTH LAUDERDALE  FL 33068
494026AB0770,FLORIDA NEW RIVER LLC,2000 METROPICA WAY #911 SUNRISE  FL 33323
4.8433E+11,FLORIDA ONE LLC,2680 NE 18 ST POMPANO BEACH  FL 33062
4.94209E+11,FLORIDA PACKAGING & GRAPHICS INC,6680 NW 16 TER FORT LAUDERDALE  FL 33309
484306AD0380,FLORIDA PARE REAL ESTATE TR,899 SE 2 AVE #219 DEERFIELD BEACH  FL 33441
4.74132E+11,FLORIDA POWER & LIGHT CO,11000 W HILLSBORO BLVD PARKLAND  FL 33076
4.84102E+11,FLORIDA POWER & LIGHT CO,NW 69 WAY PARKLAND  FL 33067
4.84102E+11,FLORIDA POWER & LIGHT CO,HOLMBERG RD PARKLAND  FL 33067
4.8411E+11,FLORIDA POWER & LIGHT CO,4701 RIVERSIDE DR CORAL SPRINGS  FL 33067
4.84118E+11,FLORIDA POWER & LIGHT CO,12100 WILES RD CORAL SPRINGS  FL 33076
4.84124E+11,FLORIDA POWER & LIGHT CO,WINFIELD BLVD MARGATE  FL 33063
4.84133E+11,FLORIDA POWER & LIGHT CO,SOUTHGATE BLVD TAMARAC  FL 33321
4.84134E+11,FLORIDA POWER & LIGHT CO,SOUTHGATE BLVD NORTH LAUDERDALE  FL 33068
4.84202E+11,FLORIDA POWER & LIGHT CO,96 GOOLSBY BLVD DEERFIELD BEACH  FL 33442
4.84204E+11,FLORIDA POWER & LIGHT CO,851 S POWERLINE RD DEERFIELD BEACH  FL 33442
4.84206E+11,FLORIDA POWER & LIGHT CO,6010 N STATE ROAD 7 COCONUT CREEK  FL 33073
4.84212E+11,FLORIDA POWER & LIGHT CO,1023 S DEERFIELD AVE DEERFIELD BEACH  FL 33441
4.84212E+11,FLORIDA POWER & LIGHT CO,1405 S DIXIE HWY DEERFIELD BEACH  FL 33441
4.84212E+11,FLORIDA POWER & LIGHT CO,1043 SW 1 WAY DEERFIELD BEACH  FL 33441
4.84212E+11,FLORIDA POWER & LIGHT CO,331 SW 14 PL DEERFIELD BEACH  FL 33441
4.84212E+11,FLORIDA POWER & LIGHT CO,1455 S DIXIE HWY DEERFIELD BEACH  FL 33441
4.84212E+11,FLORIDA POWER & LIGHT CO,330 SW 14 PL DEERFIELD BEACH  FL 33441
4.84212E+11,FLORIDA POWER & LIGHT CO,1499 S DIXIE HWY DEERFIELD BEACH  FL 33441
4.84213E+11,FLORIDA POWER & LIGHT CO,790 NE 48 ST DEERFIELD BEACH  FL 33064
4.84215E+11,FLORIDA POWER & LIGHT CO,4002 N POWERLINE RD DEERFIELD BEACH  FL 33073
4.84215E+11,FLORIDA POWER & LIGHT CO,4052 N POWERLINE RD DEERFIELD BEACH  FL 33073
4.84216E+11,FLORIDA POWER & LIGHT CO,3951 N POWERLINE RD UNINCORPORATED  FL 33073
4.84217E+11,FLORIDA POWER & LIGHT CO,HONEYSUCKLE CIR COCONUT CREEK  FL 33073
4.84218E+11,FLORIDA POWER & LIGHT CO,NW 54 AVE COCONUT CREEK  FL 33073
4.84228E+11,FLORIDA POWER & LIGHT CO,2301 N POWERLINE RD POMPANO BEACH  FL 33069
4.8423E+11,FLORIDA POWER & LIGHT CO,NW 22 ST COCONUT CREEK  FL 33063
4.84233E+11,FLORIDA POWER & LIGHT CO,1201 N POWERLINE RD POMPANO BEACH  FL 33069
4.84235E+11,FLORIDA POWER & LIGHT CO,520 NW 3 AVE POMPANO BEACH  FL 33060
4.84318E+11,FLORIDA POWER & LIGHT CO,1501 E SAMPLE RD POMPANO BEACH  FL 33064
4.84319E+11,FLORIDA POWER & LIGHT CO,2570 NE 15 TER POMPANO BEACH  FL 33064
4.93933E+11,FLORIDA POWER & LIGHT CO,US 27 HWY WESTON  FL 33327
4.93933E+11,FLORIDA POWER & LIGHT CO,US 27 HWY WESTON  FL 33327
4.93933E+11,FLORIDA POWER & LIGHT CO,US 27 HWY WESTON  FL 33327
4.94013E+11,FLORIDA POWER & LIGHT CO,SAWGRASS EXPY SUNRISE  FL 33323
4.94013E+11,FLORIDA POWER & LIGHT CO,11205 NW 44 ST SUNRISE  FL 33323
4.94023E+11,FLORIDA POWER & LIGHT CO,SAWGRASS EXPY SUNRISE  FL 33323
4.94023E+11,FLORIDA POWER & LIGHT CO,SAWGRASS EXPY SUNRISE  FL 33323
4.94024E+11,FLORIDA POWER & LIGHT CO,SAWGRASS SUNRISE  FL 33323
4.94026E+11,FLORIDA POWER & LIGHT CO,SAWGRASS EXPY SUNRISE  FL 33323
4.94034E+11,FLORIDA POWER & LIGHT CO,14698 NW 8 ST SUNRISE  FL 33325
4.94107E+11,FLORIDA POWER & LIGHT CO,11101 W COMMERCIAL BLVD TAMARAC  FL 33321
4.94112E+11,FLORIDA POWER & LIGHT CO,6900 SW 15 ST NORTH LAUDERDALE  FL 33068
4.94116E+11,FLORIDA POWER & LIGHT CO,NW 45 ST LAUDERHILL  FL 33351
4.94118E+11,FLORIDA POWER & LIGHT CO,W COMMERCIAL BLVD SUNRISE  FL 33323
4.94118E+11,FLORIDA POWER & LIGHT CO,W COMMERCIAL BLVD SUNRISE  FL 33351
4.94123E+11,FLORIDA POWER & LIGHT CO,5440 NW 44 ST LAUDERHILL  FL 33319
4.94125E+11,FLORIDA POWER & LIGHT CO,1999 NW 49 AVE LAUDERHILL  FL 33313
4.94131E+11,FLORIDA POWER & LIGHT CO,11100 W SUNRISE BLVD PLANTATION  FL 33322
4.94133E+11,FLORIDA POWER & LIGHT CO,7641 W SUNRISE BLVD PLANTATION  FL 33322
4.94133E+11,FLORIDA POWER & LIGHT CO,NW 11 PL PLANTATION  FL 33322
4.94202E+11,FLORIDA POWER & LIGHT CO,330 SW 12 AVE POMPANO BEACH  FL 33069
4.94202E+11,FLORIDA POWER & LIGHT CO,1395 S FLAGLER AVE POMPANO BEACH  FL 33060
4.94203E+11,FLORIDA POWER & LIGHT CO,S POMPANO PKWY POMPANO BEACH  FL 33069
4.94207E+11,FLORIDA POWER & LIGHT CO,6101 NW 31 AVE FORT LAUDERDALE  FL 33309
4.9421E+11,FLORIDA POWER & LIGHT CO,5904 NW 9 AVE FORT LAUDERDALE  FL 33309
4.94212E+11,FLORIDA POWER & LIGHT CO,900 E MCNAB RD POMPANO BEACH  FL 33308
4.94213E+11,FLORIDA POWER & LIGHT CO,4850 NE 19 AVE FORT LAUDERDALE  FL 33308
4.94216E+11,FLORIDA POWER & LIGHT CO,NW 45 CT OAKLAND PARK  FL 33309
4.94219E+11,FLORIDA POWER & LIGHT CO,3392 N STATE ROAD 7 LAUDERDALE LAKES  FL 33309
4.94222E+11,FLORIDA POWER & LIGHT CO,600 NE 38 ST OAKLAND PARK  FL 33334
4.94223E+11,FLORIDA POWER & LIGHT CO,4390 NE 11 AVE OAKLAND PARK  FL 33334
4.94228E+11,FLORIDA POWER & LIGHT CO,1790 NW 27 ST OAKLAND PARK  FL 33311
4.94228E+11,FLORIDA POWER & LIGHT CO,1790 NW 27 ST OAKLAND PARK  FL 33311
4.94228E+11,FLORIDA POWER & LIGHT CO,2172 NW 17 TER OAKLAND PARK  FL 33311
4.94229E+11,FLORIDA POWER & LIGHT CO,NW 29 ST OAKLAND PARK  FL 33311
4.9423E+11,FLORIDA POWER & LIGHT CO,W OAKLAND PARK BLVD LAUDERDALE LAKES  FL 33309
4.94232E+11,FLORIDA POWER & LIGHT CO,3000 NW 19 ST FORT LAUDERDALE  FL 33311
4.94235E+11,FLORIDA POWER & LIGHT CO,HOLLY HEIGHTS DR FORT LAUDERDALE  FL 33304
4.94235E+11,FLORIDA POWER & LIGHT CO,NE 14 ST FORT LAUDERDALE  FL 33304
4.84204E+11,FLORIDA POWER & LIGHT COMPANY,821 S POWERLINE RD DEERFIELD BEACH  FL 33442
494222AH2240,FLORIDA POWERFUL GROUP INC,95 NE 41 ST #224O OAKLAND PARK  FL 33334
4.84213E+11,FLORIDA PROPERTY RENOVATION,1311 NE 41 DR POMPANO BEACH  FL 33064
4.94125E+11,FLORIDA PUBLIC UTILITIES CO,2001 NW 49 AVE LAUDERHILL  FL 33313
4.84224E+11,FLORIDA QUALITY TRUSS INC,3500 NE 16 TER POMPANO BEACH  FL 33064
484123BC0160,FLORIDA RE FINANCIAL GROUP INC,3480 PINEWALK DR N #128 MARGATE  FL 33063
4.84205E+11,FLORIDA RESIDENTIAL CENTERS INC,NW 39 AVE COCONUT CREEK  FL 33073
4.94126E+11,FLORIDA ROSVIC INVESTMENT LLC,5971 NW 24 CT SUNRISE  FL 33313
4.84236E+11,FLORIDA SOUTH CONSULTING LLC,315 SE 23 AVE #1-5 POMPANO BEACH  FL 33062
4.94023E+11,FLORIDA STATE DEPT OF,PAT SALERNO DR SUNRISE  FL 33323
494136BM0540,FLORIDA STATEWIDE,1511 NW 43 AVE #106 LAUDERHILL  FL 33313
4.84109E+11,FLORIDA STATION PROPERTY LLC,5418 UNIVERSITY DR CORAL SPRINGS  FL 33076
4.84214E+11,FLORIDA STAY HOMES LLC,608 NW 47 ST DEERFIELD BEACH  FL 33064
4.84213E+11,FLORIDA STR #1 LLC,4741 NE 18 AVE POMPANO BEACH  FL 33064
4.84118E+11,FLORIDA STRAITS HOLDINGS LLC,12301 NW 39 ST CORAL SPRINGS  FL 33065
4.94221E+11,FLORIDA SUITES LLC,1891 NW 31 CT OAKLAND PARK  FL 33309
484118AJ0020,FLORIDA SUN KISS PROPERTIES LLC,12352 WILES RD #2 CORAL SPRINGS  FL 33065
4.8423E+11,FLORIDA SUN KISS PROPERTIES LLC,1847 BANKS RD MARGATE  FL 33063
4.8433E+11,FLORIDA SUNNY HOMES LLC,1660 NE 26 AVE POMPANO BEACH  FL 33062
484123BC1060,FLORIDA TERRIOR CORP,3430 PINEWALK DR N #622 MARGATE  FL 33063
4.84125E+11,FLORIDA TOVI HOLDINGS LLC,5809 NW 18 ST MARGATE  FL 33063
4.84224E+11,FLORIDA TOVI HOLDINGS LLC,500 NE 34 ST POMPANO BEACH  FL 33064
4.84308E+11,FLORIDA TROPICAL LLC,1000 SE 10 ST DEERFIELD BEACH  FL 33441
4.74231E+11,FLORIDA TURNPIKE ENTERPRISE,LYONS RD COCONUT CREEK  FL 33073
4.74232E+11,FLORIDA TURNPIKE ENTERPRISE,FLORIDA TURNPIKE UNINCORPORATED  FL 33073
4.84012E+11,FLORIDA TURNPIKE ENTERPRISE,FLORIDA TURNPIKE CORAL SPRINGS  FL 33065
4.84101E+11,FLORIDA TURNPIKE ENTERPRISE,SAWGRASS PARKLAND  FL 33067
4.84204E+11,FLORIDA TURNPIKE ENTERPRISE,ACCESS RD DEERFIELD BEACH  FL 33442
4.84204E+11,FLORIDA TURNPIKE ENTERPRISE,4651 SW 10 ST DEERFIELD BEACH  FL 33442
4.84204E+11,FLORIDA TURNPIKE ENTERPRISE,4500 SW 10 ST DEERFIELD BEACH  FL 33442
4.84205E+11,FLORIDA TURNPIKE ENTERPRISE,FLORIDA TURNPIKE UNINCORPORATED  FL 33073
4.84205E+11,FLORIDA TURNPIKE ENTERPRISE,SAWGRASS EXPRESSWAY COCONUT CREEK  FL 33073
4.84205E+11,FLORIDA TURNPIKE ENTERPRISE,SAWGRASS EXPRESSWAY COCONUT CREEK  FL 33073
4.84207E+11,FLORIDA TURNPIKE ENTERPRISE,SAWGRASS COCONUT CREEK  FL 33073
4.84208E+11,FLORIDA TURNPIKE ENTERPRISE,FLORIDA TURNPIKE COCONUT CREEK  FL 33073
4.84209E+11,FLORIDA TURNPIKE ENTERPRISE,4460 SW 10 ST DEERFIELD BEACH  FL 33442
4.84221E+11,FLORIDA TURNPIKE ENTERPRISE,W SAMPLE RD POMPANO BEACH  FL 33069
4.84228E+11,FLORIDA TURNPIKE ENTERPRISE,1550 BLOUNT RD UNINCORPORATED  FL 33066
4.84234E+11,FLORIDA TURNPIKE ENTERPRISE,1413 NW 33 DR POMPANO BEACH  FL 33069
4.94034E+11,FLORIDA TURNPIKE ENTERPRISE,W SUNRISE BLVD SUNRISE  FL 33323
4.94113E+11,FLORIDA TURNPIKE ENTERPRISE,FLORIDA TURNPIKE TAMARAC  FL 33319
4.94114E+11,FLORIDA TURNPIKE ENTERPRISE,FLORIDA TURNPIKE TAMARAC  FL 33319
4.94123E+11,FLORIDA TURNPIKE ENTERPRISE,NW 52 AVE LAUDERHILL  FL 33313
4.94126E+11,FLORIDA TURNPIKE ENTERPRISE,FLORIDA TURNPIKE LAUDERHILL  FL 33313
4.94126E+11,FLORIDA TURNPIKE ENTERPRISE,FLORIDA TURNPIKE LAUDERDALE LAKES  FL 33313
4.94135E+11,FLORIDA TURNPIKE ENTERPRISE,FLORIDA TURNPIKE UNINCORPORATED  FL 33311
4.94135E+11,FLORIDA TURNPIKE ENTERPRISE,FLORIDA TURNPIKE LAUDERHILL  FL 33313
4.94136E+11,FLORIDA TURNPIKE ENTERPRISE,5101 W SUNRISE BLVD. PLANTATION  FL 33313
4.94136E+11,FLORIDA TURNPIKE ENTERPRISE,STATE ROAD 7 RAMP PLANTATION  FL 33313
4.94205E+11,FLORIDA TURNPIKE ENTERPRISE,MM 65 FLORIDA TURNPIKE UNINCORPORATED  FL 33068
4.94207E+11,FLORIDA TURNPIKE ENTERPRISE,NW 62 ST UNINCORPORATED  FL 33309
4.94207E+11,FLORIDA TURNPIKE ENTERPRISE,FLORIDA TPKE UNINCORPORATED  FL 33309
4.94207E+11,FLORIDA TURNPIKE ENTERPRISE,N STATE ROAD 7 UNINCORPORATED  FL 33309
494118AF0090,FLORIDA UNITED LANDS LLC,10018 NW 46 ST #10018 SUNRISE  FL 33351
4.94128E+11,FLORIDA WATERFRONT INSPECTION TR,8610 NW 24 PL SUNRISE  FL 33322
4.94235E+11,FLORIDA-ISRAEL YIELDING,808 NE 14 PL FORT LAUDERDALE  FL 33304
4.94202E+11,FLORIDAS CAR STORE INC,810 S DIXIE HWY W POMPANO BEACH  FL 33060
4.94202E+11,FLORIDAS CAR STORE INC,820 S DIXIE HWY W POMPANO BEACH  FL 33060
4.94213E+11,FLORIDIAN COASTLINE,2450 E COMMERCIAL BLVD FORT LAUDERDALE  FL 33308
484331AH0500,FLORIDIAN COASTLINE PREMIUM,133 N POMPANO BEACH BLVD #507 POMPANO BEACH  FL 33062
4.94224E+11,FLORIDIAN DENTAL AT FORT,4542 N FEDERAL HWY FORT LAUDERDALE  FL 33308
4.84236E+11,FLORIDIAN ESTATES TOWNHOMES,NE 20 AVE POMPANO BEACH  FL 33060
494125HB0040,FLORIDIAN INVESTMENT TR LLC,4047 NW 19 ST #4047 LAUDERHILL  FL 33313
494203BG0370,FLORIDIAN PROPERTY PARTNERS LLC,2228 N CYPRESS BEND DR #407 POMPANO BEACH  FL 33069
4.84126E+11,FLORIDOMARIA ALZATE,6935 NW 11 CT MARGATE  FL 33063
4.84213E+11,FLORINE MABRA 410 LAND TR,410 NE 41 ST DEERFIELD BEACH  FL 33064
4.94229E+11,FLORINE REESE MINISTRIES INC,2225 NW 19 ST FORT LAUDERDALE  FL 33311
484202JK0710,FLORIO IRREV TR,4011 CAMBRIDGE A DEERFIELD BEACH  FL 33442
494201PP0150,FLORIOANDREW,930 SE 9 AVE #15 POMPANO BEACH  FL 33060
484122CA0060,FLORIOBRIELLE,2850 FOREST HILLS BLVD #106 CORAL SPRINGS  FL 33065
484135DJ0200,FLORIOJOHN DAVID,7807 GOLF CIRCLE DR #208 MARGATE  FL 33063
484135G30940,FLORIOKENNETH,7300 LAKE CIRCLE DR #406 MARGATE  FL 33063
4.94119E+11,FLORIOMAXIMILLIAN A & LINDSAY,3221 NW 103 TER SUNRISE  FL 33351
494220CH3060,FLORIOMELISSA,2880 N OAKLAND FOREST DR #115 OAKLAND PARK  FL 33309
4.84109E+11,FLORIOMICHAEL,5661 NW 98 WAY CORAL SPRINGS  FL 33076
4.94129E+11,FLORIOMICHAEL H/E,9200 NW 20 PL SUNRISE  FL 33322
484122CA0200,FLORIONICOLE,2850 FOREST HILLS BLVD #206 CORAL SPRINGS  FL 33065
494106GA0230,FLORIORUTH G,10845 W CLAIRMONT CIR #301 TAMARAC  FL 33321
484319AA0490,FLORIOSONIA H/E & FLORIO,FRANCO
494204AH0140,FLORIOSTEVEN,2900 N PALM AIRE DR #204 POMPANO BEACH  FL 33069
4.94103E+11,FLORIOTHOMAS J,7806 NW 73 AVE TAMARAC  FL 33321
494122DG1950,FLORIOVICTORIA ANN H/E,4210 INVERRARY BLVD #83A LAUDERHILL  FL 33319
484122CA0340,FLORIOVINCENZO II,2850 FOREST HILLS BLVD #304 CORAL SPRINGS  FL 33065
4.94111E+11,FLORIPIDENISE,2151 CHAMPIONS WAY NORTH LAUDERDALE  FL 33068
4.84233E+11,FLORIRENT INVESTMENTS LLC,2178 NW 3 ST #1-2 POMPANO BEACH  FL 33069
4.84233E+11,FLORIRENT INVESTMENTS LLC,2710 NW 6 ST #1-2 POMPANO BEACH  FL 33069
4.94102E+11,FLORIRENT INVESTMENTS LLC,1336 SW 75 AVE NORTH LAUDERDALE  FL 33068
484330AC1100,FLORISPANAGIOTI,2350 NE 14 ST #701 POMPANO BEACH  FL 33062
4.94231E+11,FLORISMACLEFFON,3300 NW 14 ST LAUDERHILL  FL 33311
4.94102E+11,FLORISMAFRANCOISE S,407 SW 75 WAY NORTH LAUDERDALE  FL 33068
4.94206E+11,FLORISMAOCCERON H/E,5230 SW 7 ST MARGATE  FL 33068
494205HB0300,FLORMANGARY H/E,3507 OAKS WAY #307 POMPANO BEACH  FL 33069
494220AE1220,FLORNICAMI LLC,2350 NW 33 ST #814 OAKLAND PARK  FL 33309
4.84219E+11,FLOROMICHELE,3149 FESTIVAL DR #274 MARGATE  FL 33063
4.84109E+11,FLOROVERNON V,9957 N SPRINGS WAY CORAL SPRINGS  FL 33076
4.94211E+11,FLOROCHO LLC,1436 NE 56 ST FORT LAUDERDALE  FL 33334
4.94119E+11,FLOROIANALEXANDRA & MIRCEA,10114 NW 33 PL SUNRISE  FL 33351
494109AK0900,FLORRA INVESTMENTS LLC,8380 SANDS POINT BLVD #310J TAMARAC  FL 33321
484203G40330,FLORSHEIMPETER MICHAEL,2062 HARWOOD E DEERFIELD BEACH  FL 33442
494136CA0660,FLORVILMENTHOR,1400 NW 43 TER #102 LAUDERHILL  FL 33313
494136CA0740,FLORVILMENTHOR,1400 NW 43 TER #202 LAUDERHILL  FL 33313
4.84212E+11,FLORVILTIFFANY,1471 SW 8 TER DEERFIELD BEACH  FL 33441
4.94112E+11,FLORVILUSLOUISIANE H/E,6150 SW 16 ST NORTH LAUDERDALE  FL 33068
484115AK1740,FLORVILUSMARIE THERESE H/E,4119 NW 88 AVE #102 CORAL SPRINGS  FL 33065
4.84214E+11,FLORVILUSMARIE Y,4150 NE 2 TER DEERFIELD BEACH  FL 33064
494135KC0030,FLORVILUSSARILLA H/E,6005 DEL LAGO CIR #103 SUNRISE  FL 33313
4.94102E+11,FLORVILUSYVON H/E,8141 SW 4 ST NORTH LAUDERDALE  FL 33068
4.94212E+11,FLORYANN L,2771 NE 57 ST FORT LAUDERDALE  FL 33308
494213AB0990,FLORYDIANE R,5200 NE 24 TER #C-116 FORT LAUDERDALE  FL 33308
494213AB1600,FLORYDIANE R,2453 NE 51 ST #D-117 FORT LAUDERDALE  FL 33308
4.84125E+11,FLORYROBERT T H/E,6484 NW 19 CT MARGATE  FL 33063
4.74331E+11,FLORYSPENCER,221 NE 8 TER DEERFIELD BEACH  FL 33441
4.94201E+11,FLORYSPENCER,350 SE 11 ST POMPANO BEACH  FL 33060
4.94201E+11,FLORYSPENCER D,420 SE 16 AVE POMPANO BEACH  FL 33060
4.94129E+11,FLOS CARMELI LLC,2590 NW 87 LN SUNRISE  FL 33322
4.94136E+11,FLOS CARMELI LLC,4931 NW 18 ST LAUDERHILL  FL 33313
4.94219E+11,FLOS CARMELI LLC,4267 NW 34 WAY LAUDERDALE LAKES  FL 33309
4.94219E+11,FLOS CARMELI LLC,4233 NW 34 WAY LAUDERDALE LAKES  FL 33309
4.94219E+11,FLOS CARMELI LLC,4201 NW 34 WAY LAUDERDALE LAKES  FL 33309
4.94228E+11,FLOS CARMELI LLC,1215 NW 21 ST FORT LAUDERDALE  FL 33311
4.94116E+11,FLOSTAR Z LLC,4461 N UNIVERSITY DR LAUDERHILL  FL 33351
4.94116E+11,FLOSTAR Z LLC,4499 N UNIVERSITY DR LAUDERHILL  FL 33351
494119AA1560,FLOTADAM W,10050 WINDING LAKE RD #204 SUNRISE  FL 33351
4.84125E+11,FLOUNRYDONNA,950 NW 67 TER MARGATE  FL 33063
4.94136E+11,FLOURNOYCHRISTOPHER & JANIE L,4930 NW 16 ST LAUDERHILL  FL 33313
4.84236E+11,FLOURNOYDIANNA LAQUANTA H/E,1050 NW 6 AVE POMPANO BEACH  FL 33060
494121CF1620,FLOURNOYLATOYA M,3975 NW 87 AVE SUNRISE  FL 33351
4.94113E+11,FLOURNOYLAVERNE F,4181 NW 45 ST LAUDERDALE LAKES  FL 33319
4.94233E+11,FLOURNOYROBERT A & CHRISTINE M,1224 NW 18 CT FORT LAUDERDALE  FL 33311
4.94219E+11,FLOURNOYTAHNESE,3205 NW 32 TER OAKLAND PARK  FL 33309
4.94115E+11,FLOURNOYVICKI B,6444 NW 54 ST LAUDERHILL  FL 33319
4.84217E+11,FLOWER FARM LLC,4061 NW 43 ST COCONUT CREEK  FL 33073
484203HG0510,FLOWERCHRISTOPHER ,3083 HARWOOD F DEERFIELD BEACH  FL 33442
4.94225E+11,FLOWERJAMES & MARY,2807 NE 21 AVE FORT LAUDERDALE  FL 33306
494111AC0460,FLOWERS-FRANCISYVONNE,6350 NW 62 ST #110 TAMARAC  FL 33319
4.94136E+11,FLOWERS-LAWSONROSALYN D,4810 NW 18 ST LAUDERHILL  FL 33313
4.84206E+11,FLOWERSANGELINE H H/E,6193 OSPREY TER COCONUT CREEK  FL 33073
494121BD0120,FLOWERSCALVIN BERNARD,3700 N PINE ISLAND RD #112 SUNRISE  FL 33351
4.94127E+11,FLOWERSCARMEN L,2350 NW 73 AVE SUNRISE  FL 33313
4.94136E+11,FLOWERSDEBRA,1156 NW 46 AVE LAUDERHILL  FL 33313
4.9411E+11,FLOWERSDEDRA A,2305 SW 82 TER NORTH LAUDERDALE  FL 33068
4.94136E+11,FLOWERSDEVARN M,4910 NW 18 CT LAUDERHILL  FL 33313
4.94104E+11,FLOWERSEDDIE & LYNDIA,8026 BUTTONWOOD CIR TAMARAC  FL 33321
484123AB0750,FLOWERSEDSEL & KATHY,3110 HOLIDAY SPRINGS BLVD #103 MARGATE  FL 33063
4.94035E+11,FLOWERSGARRETTE J,1270 NW 133 AVE SUNRISE  FL 33323
4.94219E+11,FLOWERSGLENN,3341 NW 36 AVE LAUDERDALE LAKES  FL 33309
494222AC0880,FLOWERSH LEE,659 W OAKLAND PARK BLVD #114C OAKLAND PARK  FL 33311
494128CD0240,FLOWERSHARTFORD ALVIN ROY,8040 SUNRISE LAKES DR N #212 SUNRISE  FL 33322
4.94232E+11,FLOWERSJAWARA E,1801 NW 27 TER FORT LAUDERDALE  FL 33311
4.84219E+11,FLOWERSJERMAINE & CAMARA,5503 NW 27 CT MARGATE  FL 33063
494105AN0230,FLOWERSJOAN,7715 YARDLEY DR #208 TAMARAC  FL 33321
4.9411E+11,FLOWERSKAREN,6605 CATALINA LN TAMARAC  FL 33321
4.94208E+11,FLOWERSKELLY R,6750 NW 21 TER FORT LAUDERDALE  FL 33309
4.94208E+11,FLOWERSKELLY R,6980 NW 29 TER FORT LAUDERDALE  FL 33309
4.84122E+11,FLOWERSLASHAWN & DWAYNE,2543 NW 87 DR CORAL SPRINGS  FL 33065
484219CK0250,FLOWERSLENDA,3965 COCOPLUM CIR #3691 COCONUT CREEK  FL 33063
4.94103E+11,FLOWERSMARK TWAIN,6905 NW 70 ST TAMARAC  FL 33321
4.94124E+11,FLOWERSMIRIAM,3900 NW 50 AVE LAUDERDALE LAKES  FL 33319
4.94101E+11,FLOWERSORRETTE S,6613 PEBBLE BEACH NORTH LAUDERDALE  FL 33068
484330AF0190,FLOWERSPAUL W & LESLIE,2731 NE 14 ST #137 POMPANO BEACH  FL 33062
4.84214E+11,FLOWERSPERISSA,284 NE 43 ST DEERFIELD BEACH  FL 33064
4.84213E+11,FLOWERSREATHA DUNNE,401 NE 43 ST DEERFIELD BEACH  FL 33064
4.94234E+11,FLOWERSRYAN LEE,1536 N ANDREWS AVE FORT LAUDERDALE  FL 33311
494206BD0090,FLOWERSSHARON M,107 GARDENS DR #203 POMPANO BEACH  FL 33069
4.94108E+11,FLOWERSSHERMONE EST,6008 BLACK PLUM CT #490 TAMARAC  FL 33321
4.94103E+11,FLOWERSTERESA,6711 NW 71 CT TAMARAC  FL 33321
4.94109E+11,FLOWERSTHOMAS J & CAMELLA K,8107 NW 59 PL TAMARAC  FL 33321
4.84226E+11,FLOWERSVELMA ,760 NW 17 CT POMPANO BEACH  FL 33060
4.84235E+11,FLOWERSVELMA ,527 NW 8 AVE POMPANO BEACH  FL 33060
4.84117E+11,FLOWERSWENDYLEE S,11021 NW 45 ST CORAL SPRINGS  FL 33065
4.94115E+11,FLOWERSWILFRED H/E,5250 NW 73 TER LAUDERHILL  FL 33319
494205CK0320,FLOYAL LLC,905 CYPRESS TER #202 POMPANO BEACH  FL 33069
494204GH0140,FLOYD ANGUS MACDONALD IRREV TR,575 OAKS LN #204 POMPANO BEACH  FL 33069
4.84121E+11,FLOYDARTAVIA N & JASON C,2504 NW 98 TER CORAL SPRINGS  FL 33065
4.94232E+11,FLOYDBELINDA Y,1406 NW 24 TER UNINCORPORATED  FL 33311
4.84226E+11,FLOYDCONSTANCE P,748 NW 15 PL POMPANO BEACH  FL 33060
4.94105E+11,FLOYDCRYSTAL B H/E,7400 NW 96 AVE TAMARAC  FL 33321
4.84233E+11,FLOYDCYNTHIA D,2801 NW 3 ST POMPANO BEACH  FL 33069
4.94231E+11,FLOYDDANE AUSTIN,3459 NW 14 CT LAUDERHILL  FL 33311
4.94126E+11,FLOYDDEBRA,2899 NW 63 TER SUNRISE  FL 33313
4.84235E+11,FLOYDDEBRA A,700 NE 3 TER POMPANO BEACH  FL 33060
4.84233E+11,FLOYDDENETRA H/E,2331 NW 10 CT POMPANO BEACH  FL 33069
4.84212E+11,FLOYDDONNA ALLEN H/E,1031 SW 8 AVE DEERFIELD BEACH  FL 33441
484228BJ0350,FLOYDGREGORY JAMES,1801 ELEUTHERA PT #E4 COCONUT CREEK  FL 33066
4.84119E+11,FLOYDJAIME,11800 ROYAL PALM BLVD CORAL SPRINGS  FL 33065
4.94233E+11,FLOYDJAMES A H/E,1604 NW 11 PL FORT LAUDERDALE  FL 33311
494220AE2080,FLOYDJANELLE B,2445 NW 33 ST #1412 OAKLAND PARK  FL 33309
494203BK0340,FLOYDJOHN,2240 N CYPRESS BEND DR #502 POMPANO BEACH  FL 33069
4.94024E+11,FLOYDJOHN T,3961 NW 119 AVE SUNRISE  FL 33323
4.94106E+11,FLOYDKELLY,8132 SAN CARLOS CIR TAMARAC  FL 33321
4.94114E+11,FLOYDKIM,4911 BAYBERRY LN TAMARAC  FL 33319
4.94115E+11,FLOYDLARRY & LARAE,6781 NW 46 CT LAUDERHILL  FL 33319
4.94218E+11,FLOYDLINDA EVANGELINE,3171 NW 43 PL OAKLAND PARK  FL 33309
484203A90100,FLOYDLNORA & ELBERT CECIL,234 NEWPORT O DEERFIELD BEACH  FL 33442
4.84107E+11,FLOYDLOWELL C JR & ANGELA G ,11636 NW 48 ST CORAL SPRINGS  FL 33076
494134AJ0120,FLOYDMICHAEL E,7000 NW 17 ST #114 PLANTATION  FL 33313
4.94115E+11,FLOYDMICHAEL P & TANYA,5205 NW 66 AVE LAUDERHILL  FL 33319
4.94221E+11,FLOYDPAGE J ,1924 NW 39 ST OAKLAND PARK  FL 33309
4.94116E+11,FLOYDRANDALL EUGENE & LAKWANIA,4710 NW 77 TER LAUDERHILL  FL 33351
494226BH0390,FLOYDRANDALL R,2660 NE 8 AVE #304 WILTON MANORS  FL 33334
4.94106E+11,FLOYDRICHARD P,7854 DIXIE BEACH CIR TAMARAC  FL 33321
484129AM0060,FLOYDROSCOE ALLEN,11632 NW 19 DR #11632 CORAL SPRINGS  FL 33071
494126BJ0220,FLOYDSUSAN,2600 NW 60 WAY #186 SUNRISE  FL 33313
484202AC0570,FLOYDSUSAN H/E,3037 BERKSHIRE B DEERFIELD BEACH  FL 33442
4.84123E+11,FLOYDVENESA VONCHELLE,7362 PINEWALK DR S #50-11 MARGATE  FL 33063
494121BG0160,FLOYDVIDALIA ,3900 NW 76 AVE #116 SUNRISE  FL 33351
4.94105E+11,FLOYDWILLIE L JR & SHERREL H/E,8521 E SOUTHGATE SHORES CIR TAMARAC  FL 33321
4.94209E+11,FLT EXECUTIVE PARK HOLDINGS LLC,6821 NW 15 AVE FORT LAUDERDALE  FL 33309
4.84124E+11,FLUCASCLIFFTON H/E,5744 N SABLE CIR MARGATE  FL 33063
4.94234E+11,FLUEGGESCOTT DUANE H/E,1107 NE 3 AVE FORT LAUDERDALE  FL 33304
4.94222E+11,FLUELLENEMILY R,311 NE 35 CT OAKLAND PARK  FL 33334
4.94231E+11,FLUELLENTHELMA ,1481 NW 31 WAY LAUDERHILL  FL 33311
484203HG0390,FLUETGERARD,2091 HARWOOD F DEERFIELD BEACH  FL 33442
4.84211E+11,FLUETRICHARD,231 NW 53 ST DEERFIELD BEACH  FL 33064
494124JH1190,FLUGDIONN,3161 NW 47 TER #414 LAUDERDALE LAKES  FL 33319
4.84131E+11,FLUKEERICA R H/E,11754 NW 1 ST CORAL SPRINGS  FL 33071
484122BH0460,FLUKEKENNETH E,8437 FOREST HILLS DR #306 CORAL SPRINGS  FL 33065
4.84119E+11,FLUKEKENNETH E & JILL M,12155 NW 30 ST CORAL SPRINGS  FL 33065
4.94127E+11,FLUKERSHANTIA Y,2712 NW 73 AVE SUNRISE  FL 33313
494105BK0480,FLUKMANELLEN D & ROBERT K,9563 WELDON CIR #D403 TAMARAC  FL 33321
494201AK0010,FLUMIANIFRANCESCO,1004 PINE DR #101 POMPANO BEACH  FL 33060
494201AK0040,FLUMIANIFRANCESCO,1004 PINE DR #104 POMPANO BEACH  FL 33060
494201AK0050,FLUMIANIFRANCESCO,1004 PINE DR #105 POMPANO BEACH  FL 33060
494201AK0100,FLUMIANIFRANCESCO,1004 PINE DR #204 POMPANO BEACH  FL 33060
4.94132E+11,FLURSALLY A,8720 NW 15 CT PLANTATION  FL 33322
484125BA0090,FLUSBERGMILDRED ,6850 ROYAL PALM BLVD #109G MARGATE  FL 33063
484203M70300,FLUSSER LIV TR,2054 VENTNOR O DEERFIELD BEACH  FL 33442
4.94215E+11,FLUTYTHERESA,5465 NE 1 AVE OAKLAND PARK  FL 33334
494128GC0280,FLUXAFRANCISCA ,8515 SUNRISE LAKES BLVD #304 SUNRISE  FL 33322
494128GA0300,FLUXAFRANCISCA MAGDALENA ,8435 SUNRISE LAKES BLVD #306 SUNRISE  FL 33322
494128HJ0190,FLUXAFRANCISCA MAGDALENA ,8200 SUNRISE LAKES BLVD #207 SUNRISE  FL 33322
4.84307E+11,FLYA HOMES LLC,5197 NE 14 AVE POMPANO BEACH  FL 33064
484331JB0020,FLYA HOMES LLC,3208 COLONY CLUB RD #2 POMPANO BEACH  FL 33062
4.84329E+11,FLYASTEROLEG M ,1752 BAY DR POMPANO BEACH  FL 33062
4.94112E+11,FLYDREAMS FAMILY LLC,6470 SW 15 CT NORTH LAUDERDALE  FL 33068
494109CC0370,FLYNN JOINT REV TR,8050 W MCNAB RD #306 TAMARAC  FL 33321
4.8423E+11,FLYNN MANAGEMENT ENTERPRISES LLC,5451 NW 24 ST MARGATE  FL 33063
4.94101E+11,FLYNNABRAHAM &,1309 SEAVIEW DR NORTH LAUDERDALE  FL 33068
4.94112E+11,FLYNNABRAHAM L,5920 NW 42 TER NORTH LAUDERDALE  FL 33319
4.94101E+11,FLYNNABRAHAM L &,6901 DORAL NORTH LAUDERDALE  FL 33068
4.94219E+11,FLYNNABRAHAM L & WINSOME,3491 NW 37 AVE LAUDERDALE LAKES  FL 33309
484117AB1190,FLYNNANN MARIE,10777 W SAMPLE RD #719 CORAL SPRINGS  FL 33065
484219AC0290,FLYNNANNE MARIE,5829 CORAL LAKE DR #305 MARGATE  FL 33063
4.94132E+11,FLYNNBARBARA ANN,1640 NW 99 AVE PLANTATION  FL 33322
4.94225E+11,FLYNNCAROLINE,2616 NE 27 AVE FORT LAUDERDALE  FL 33306
4.94226E+11,FLYNNDANIEL LOUIS,2112 NE 15 AVE WILTON MANORS  FL 33305
4.84114E+11,FLYNNDAVID & JESSICA,7298 NW 39 ST CORAL SPRINGS  FL 33065
4.94206E+11,FLYNNDAVID & PATRICIA,4956 SW 5 ST MARGATE  FL 33068
4.94213E+11,FLYNNDAVID H,3051 NE 55 LN FORT LAUDERDALE  FL 33308
474234AD0670,FLYNNDERMOT & MARGARET,564 DEER CREEK VIA GENOVA DEERFIELD BEACH  FL 33442
4.94223E+11,FLYNNDOLORES ,1680 NE 32 ST OAKLAND PARK  FL 33334
4.84127E+11,FLYNNELIZABETH ANNE,1662 NW 81 AVE CORAL SPRINGS  FL 33071
494226AA1340,FLYNNFLOYD,2990 NE 16 AVE #106 OAKLAND PARK  FL 33334
484318AG0830,FLYNNFRAN A,1951 NE 39 ST #130 LIGHTHOUSE POINT  FL 33064
4.84236E+11,FLYNNGREGORY C,518 NE 10 AVE POMPANO BEACH  FL 33060
494206CN1840,FLYNNGREGORY J,184 N CORTEZ DR #184 MARGATE  FL 33068
4.94104E+11,FLYNNIAN,8508 NW 77 ST TAMARAC  FL 33321
4.84214E+11,FLYNNJAMIE MARIE,787 NW 42 PL DEERFIELD BEACH  FL 33064
4.84119E+11,FLYNNJEFFERY G & MEGAN R,11926 NW 30 ST CORAL SPRINGS  FL 33065
4.84305E+11,FLYNNJENNIFER & WILLIAM,480 SE 12 AVE DEERFIELD BEACH  FL 33441
484308PR0050,FLYNNJOHN,1231 HILLSBORO MILE #107 HILLSBORO BEACH  FL 33062
484308PR0160,FLYNNJOHN &,1231 HILLSBORO MILE #204 HILLSBORO BEACH  FL 33062
4.94213E+11,FLYNNJOHN ELIOTT & KATHERINE,5231 NE 26 AVE FORT LAUDERDALE  FL 33308
484331BA0320,FLYNNJOHN F & SUSAN C,750 N OCEAN BLVD #508 POMPANO BEACH  FL 33062
4.94234E+11,FLYNNJOSEPH X,1625 NE 1 AVE FORT LAUDERDALE  FL 33305
494213AG0170,FLYNNKAREN,5100 BAYVIEW DR #306 FORT LAUDERDALE  FL 33308
484203D10020,FLYNNKAREN A ,1102 OAKRIDGE V DEERFIELD BEACH  FL 33442
4.94121E+11,FLYNNKEITH THOMAS,3149 NW 84 AVE SUNRISE  FL 33351
494206CG0680,FLYNNKELLY,717 GARDENS DR #206 POMPANO BEACH  FL 33069
4.74135E+11,FLYNNKEVIN G & WENDY B ,7200 CUTTER CT PARKLAND  FL 33067
4.94108E+11,FLYNNMARIE A,9922 N GRAND DUKE CIR TAMARAC  FL 33321
4.84108E+11,FLYNNMARY F,5256 NW 109 WAY CORAL SPRINGS  FL 33076
484308AB0100,FLYNNMATTHEW C & PAMELA S,1160 HILLSBORO MILE #203 HILLSBORO BEACH  FL 33062
4.94201E+11,FLYNNMATTHEW J & TRACY N,510 SE 14 ST POMPANO BEACH  FL 33060
4.84212E+11,FLYNNMATTHEW S &,3 SW 13 CT DEERFIELD BEACH  FL 33441
4.94104E+11,FLYNNMEADE W H/E,7619 NW 87 AVE TAMARAC  FL 33321
4.94131E+11,FLYNNMERYL A,1011 NW 107 AVE PLANTATION  FL 33322
4.94207E+11,FLYNNMICHAEL,3161 NW 65 DR FORT LAUDERDALE  FL 33309
484228AD0300,FLYNNMICHAEL & MARILYN,1904 BERMUDA CIR #F4 COCONUT CREEK  FL 33066
4.8433E+11,FLYNNMOLLY H/E,2449 NE 14 ST POMPANO BEACH  FL 33062
4.94104E+11,FLYNNOWEN N,7052 GOLF POINTE CIR TAMARAC  FL 33321
484331CE1210,FLYNNPATRICK M & VICKIE D,1 N OCEAN BLVD #1213 POMPANO BEACH  FL 33062
4.84208E+11,FLYNNRICHARD E & LISA M,3602 COCO LAKE DR COCONUT CREEK  FL 33073
4.94122E+11,FLYNNRICHARD H/E,3505 INVERRARY BLVD W LAUDERHILL  FL 33319
484215DA0790,FLYNTMATTHEW,4550 NW 18 AVE #109 DEERFIELD BEACH  FL 33064
494202BE0070,FMCOR INTERNATIONAL BUSINESS LLC,1105 S FLAGLER AVE #607 POMPANO BEACH  FL 33060
4.84305E+11,FMO OF BOCA RATON,2013 SE 3 ST DEERFIELD BEACH  FL 33441
494026AA0240,FONG-ROBERTSKAREN,2681 N FLAMINGO RD #601 S SUNRISE  FL 33323
494026AA1210,FONSECAVICTORIA E,2681 N FLAMINGO RD #1902S SUNRISE  FL 33323
494105CB0390,FORBESRITZY & FLOYD,9539 WELDON CIR #F309 TAMARAC  FL 33321
4.94114E+11,FORCOSFLOAREA & STEFAN,5905 CARIBBEAN PINE CIR TAMARAC  FL 33319
4.94213E+11,FORECLOSURE SPECIALISTS OF,5452 NE 25 AVE FORT LAUDERDALE  FL 33308
4.94213E+11,FORECLOSURE SPECIALISTS OF,5450 NE 25 AVE FORT LAUDERDALE  FL 33308
4.84136E+11,FORTFLORVIL SAINT H/E,6551 NW 1 ST MARGATE  FL 33063
494202BH0190,FRAGELISFANISE,1045 S FLAGLER AVE #719 POMPANO BEACH  FL 33060
4.84231E+11,FRAISMOLIERE,4885 NW 10 ST COCONUT CREEK  FL 33063
4.94116E+11,FRANCISTALECA A,7855 NW 50 ST LAUDERHILL  FL 33319
4.94234E+11,FRANCOISFABRICE,1507 NE 5 AVE #1-4 FORT LAUDERDALE  FL 33304
4.84108E+11,FRANCOISFLORIDE S,11246 NW 46 DR CORAL SPRINGS  FL 33076
4.84235E+11,FRANCOISWILLY,126 N FLAGLER AVE POMPANO BEACH  FL 33060
494227AC0700,FRANK JOSEPH FLYNN REV TR,124 NE 19 CT #215B WILTON MANORS  FL 33305
4.84236E+11,FREDERICK G REYNOLDS HOLDINGS,1100 NW 6 AVE POMPANO BEACH  FL 33060
4.94202E+11,FREEDMANFLYNT DEREK,271 SW 6 PL POMPANO BEACH  FL 33060
484202HA0120,FREUDFLORENCE M,36 UPMINSTER B DEERFIELD BEACH  FL 33442
494106KP0020,FREUNDFLORSHEIM AMY,7763 SOUTHAMPTON TER #102 TAMARAC  FL 33321
494106KE0120,FRIEDMANFLORENCE R ,7943 EXETER BLVD W #102 TAMARAC  FL 33321
4.84206E+11,FRYDAVID A JR & NANCY G,5341 FLAMINGO PL COCONUT CREEK  FL 33073
4.94234E+11,FT 850-833 LLC,850 N FLAGLER DR FORT LAUDERDALE  FL 33304
494026AA0210,FUYU,2681 N FLAMINGO RD #506 S SUNRISE  FL 33323
4.94136E+11,FUENTES FALCONFLAVIO,1530 NW 47 AVE LAUDERHILL  FL 33313
494202BD0160,FUENTESNUBIA,1305 S FLAGLER AVE #116 POMPANO BEACH  FL 33060
494202BD0600,GACSZOLTAN N,1201 S FLAGLER AVE #420 POMPANO BEACH  FL 33060
494212AF4980,GAIDAGERARD & FLORENCE,6800 NE 22 WAY #2126 FORT LAUDERDALE  FL 33308
494205HH0290,GAINORFLORENCE,3503 OAKS WAY #302 POMPANO BEACH  FL 33069
494026AA0140,GAJARDOJUAN,2681 N FLAMINGO RD #406 S SUNRISE  FL 33323
494026AA1600,GALSTACIE BETH RUSKIN H/E,2681 N FLAMINGO RD #2401S SUNRISE  FL 33323
4.94223E+11,GALLAGHERTIM F H/E,4410 NE 18 AVE OAKLAND PARK  FL 33334
494026AA3360,GALLERY ART 1006 LLC,2641 N FLAMINGO RD #2104N SUNRISE  FL 33323
484203AA0250,GALLONFLORENCE ,2029 DURHAM B DEERFIELD BEACH  FL 33442
484135G30760,GAMBAFLOR ELISA,7300 LAKE CIRCLE DR #204 MARGATE  FL 33063
4.84206E+11,GARAYSUN HUI,5329 FLAMINGO PL COCONUT CREEK  FL 33073
494026AA0760,GARCIA CIFUENTESEDGAR ALFONSO,2681 N FLAMINGO RD #1205S SUNRISE  FL 33323
4.84213E+11,GARCIAALVARO &,4320 NE 12 TER POMPANO BEACH  FL 33064
4.84109E+11,GARCIAFATIMA & FLAVIO,10361 NW 54 PL CORAL SPRINGS  FL 33076
494127AM0700,GARCIAFLERIDA & JUAN,7500 NW 30 PL #322 SUNRISE  FL 33313
494026AA1500,GARCIAPOLLYANA M ,2681 N FLAMINGO RD #2207S SUNRISE  FL 33323
4.94135E+11,GARCIARUBEL H/E,5710 NW 11 ST LAUDERHILL  FL 33313
494026AA1770,GARCIATAYHANA,2681 N FLAMINGO RD #2602S SUNRISE  FL 33323
494125BA0370,GARRIDO TEJEDARAFAEL EMILIO,2881 NW 47 TER #407 LAUDERDALE LAKES  FL 33313
4.94226E+11,GARRISONTYLER RAY,1743 NE 26 DR WILTON MANORS  FL 33334
494130JJ0290,GARZONESTEBAN & FLEURY,2981 N NOB HILL RD #402 SUNRISE  FL 33322
494202BE0190,GASPARETTOCRISTIANE CELY,1085 S FLAGLER AVE #619 POMPANO BEACH  FL 33060
484318DB0090,GAULLYNN KAREN S & JAMES,2301 NE 36 ST #202 LIGHTHOUSE POINT  FL 33064
4.84206E+11,GAVAGNIBRETT,6504 FLAMINGO WAY COCONUT CREEK  FL 33073
494122AH0200,GAYLEFLOYD A,6479 RACQUET CLUB DR #20 LAUDERHILL  FL 33319
4.84117E+11,GAYLEGARFIELD & LISKA H/E,10842 NW 34 CT CORAL SPRINGS  FL 33065
4.94108E+11,GAYLEMELISSA,9721 SANTA ROSA DR #454-8 TAMARAC  FL 33321
4.84109E+11,GELBERDMORTON J & FLORINE K,9938 N SPRINGS WAY CORAL SPRINGS  FL 33076
4.94124E+11,GEORGEFLO E ,4976 NW 42 CT LAUDERDALE LAKES  FL 33319
494202BD0770,GERALD E & TONI M NEPTUNE REV TR,1125 S FLAGLER AVE #517 POMPANO BEACH  FL 33060
4.94211E+11,GERMAINEUGENE &,1660 NE 56 ST #1-4 FORT LAUDERDALE  FL 33334
4.94228E+11,GERMAINEUGENE &,1451 NW 21 ST #A-C FORT LAUDERDALE  FL 33311
4.94212E+11,GERMAINFLORETTE H/E,5611 NE 18 TER FORT LAUDERDALE  FL 33308
494202BE0160,GGH 53 LLC,1085 S FLAGLER AVE #616 POMPANO BEACH  FL 33060
494026AA2610,GH REAL ESTATE LLC,2641 N FLAMINGO RD #1101N SUNRISE  FL 33323
494202BD0400,GIANNELLIENSIRIBE,1265 S FLAGLER AVE #220 POMPANO BEACH  FL 33060
4.94233E+11,GIBSONJAMES,1147 NW 16 WAY FORT LAUDERDALE  FL 33311
4.84206E+11,GILBERTANNE & IRA,5331 FLAMINGO CT COCONUT CREEK  FL 33073
484113AA0050,GILLFLOR A,6548 W SAMPLE RD #6548 CORAL SPRINGS  FL 33067
494202BD0330,GILLISJAMES CLIFFORD H/E,1265 S FLAGLER AVE #213 POMPANO BEACH  FL 33060
494026AA3010,GIMENES INTERNATIONAL CORP,2641 N FLAMINGO RD #1701N SUNRISE  FL 33323
494026AA3050,GIMENES INTERNATIONAL CORP,2641 N FLAMINGO RD #1705N SUNRISE  FL 33323
4.84319E+11,GINGER FLESHER LIV TR,2601 NE 26 AVE LIGHTHOUSE POINT  FL 33064
494026AA0690,GINSBERGJASON,2681 N FLAMINGO RD #1106S SUNRISE  FL 33323
494220AA1060,GIOVANNI FILICE REV TR,3115 OAKLAND SHORES DR #E110 OAKLAND PARK  FL 33309
494026AA2320,GIRAUDJUAN,2641 N FLAMINGO RD #704 N SUNRISE  FL 33323
494202BE0060,GKM CONDOS LLC,1105 S FLAGLER AVE #606 POMPANO BEACH  FL 33060
494026AA1450,GLASSEYBRITTANY MARIE,2681 N FLAMINGO RD #2202S SUNRISE  FL 33323
484229BM0200,GLAZERFLORENCE,2901 VICTORIA CIR #H2 COCONUT CREEK  FL 33066
494026AA0520,GOLDARJOSE M,2681 N FLAMINGO RD #905 S SUNRISE  FL 33323
494026AA2330,GOLDEN HOUSE INVESTMENTS LLC,2641 N FLAMINGO RD #705 N SUNRISE  FL 33323
484231AK1220,GOLDFARBFLORA,451 N LAUREL DR #1502 MARGATE  FL 33063
4.8412E+11,GOLDMANBRIAN M,2510 NW 115 AVE CORAL SPRINGS  FL 33065
494026AA1380,GOLDSONDAVID,2681 N FLAMINGO RD #2103S SUNRISE  FL 33323
4.84206E+11,GOMESMAURICIO H/E,5324 FLAMINGO PL COCONUT CREEK  FL 33073
494026AA2230,GOMEZJESUS,2641 N FLAMINGO RD #603 N SUNRISE  FL 33323
494026AA3910,GONZALEZ-QUEVEDOMARIA ELENA H/E,2641 N FLAMINGO RD #TH3 N SUNRISE  FL 33323
4.94023E+11,GONZALEZ-SANFELIUXAVIER,3166 NW 124 WAY SUNRISE  FL 33323
494026AB2430,GONZALEZ-SANFELIUXAVIER,2000 METROPICA WAY #2601 SUNRISE  FL 33323
494026AA3400,GONZALEZBEATRIZ ,2641 N FLAMINGO RD #2108N SUNRISE  FL 33323
494026AA3410,GONZALEZEDWIN JR & MARIA,2641 N FLAMINGO RD #2201N SUNRISE  FL 33323
494129AE0950,GONZALEZFLORENTINO,9999 SUMMERBREEZE DR #503 SUNRISE  FL 33322
494026AA3740,GONZALEZJEFFREY,2641 N FLAMINGO RD #2602N SUNRISE  FL 33323
494202BD0710,GONZALEZJOSEPH,1125 S FLAGLER AVE #511 POMPANO BEACH  FL 33060
494026AA2800,GONZALEZLEIDIS A,2641 N FLAMINGO RD #1404N SUNRISE  FL 33323
494130CG0280,GONZALEZLUZ MARINA H/E,10303 SUNRISE LAKES BLVD #304 SUNRISE  FL 33322
494026AA0560,GOOD BRICKS LLC,2681 N FLAMINGO RD #1001S SUNRISE  FL 33323
4.84126E+11,GORDONFLOYD,6995 NW 12 ST MARGATE  FL 33063
4.94124E+11,GORDONSHIRLEY A H/E,4195 NW 52 AVE LAUDERDALE LAKES  FL 33319
494026AA3730,GOTLAND 2601 LLC,2641 N FLAMINGO RD #2601N SUNRISE  FL 33323
494202AC0440,GOUPILFLORENT &,255 S CYPRESS RD #345 POMPANO BEACH  FL 33060
494026AA2750,GPIT LINEAGE CORP,2641 N FLAMINGO RD #1207N SUNRISE  FL 33323
494227BA0870,GRABERJACLYN H/E,3002 NE 5 TER #304-B WILTON MANORS  FL 33334
4.74133E+11,GRACIEFLAVIA,10261 MAJESTIC TRL PARKLAND  FL 33076
4.94221E+11,GRANADOS ORTEZFLOR A,4221 NW 10 TER OAKLAND PARK  FL 33309
494109BA0020,GRANDAMARIA ANTONIETA,8421 LAGOS DE CAMPO BLVD #102T TAMARAC  FL 33321
494202BD0610,GRAYARISHA LEE &,1145 S FLAGLER AVE #501 POMPANO BEACH  FL 33060
494026AA0790,GRAYSONMARY L ,2681 N FLAMINGO RD #1208S SUNRISE  FL 33323
494026AA2250,GRECOPAULO SERGIO,2641 N FLAMINGO RD #605 N SUNRISE  FL 33323
494106DG0250,GREENBERGSTEVEN & FLORINE,7248 FAIRFAX DR #301 TAMARAC  FL 33321
4.94101E+11,GREGORIOFLORENCIO JR,206 MADDY LN NORTH LAUDERDALE  FL 33068
484220AC0100,GRIFFINFLORIZIA V,3373 CARAMBOLA CIR S #2431 COCONUT CREEK  FL 33066
484317AB0550,GRUENBERGERDORIS &,1051 HILLSBORO MILE #611E HILLSBORO BEACH  FL 33062
494026AA3580,GRUNDFASTJONATHAN,2641 N FLAMINGO RD #2402N SUNRISE  FL 33323
494026AA3780,GUAYNA FLORIDA LLC,2641 N FLAMINGO RD #2606N SUNRISE  FL 33323
494026AA2380,GUCCI & ASSOCIATES LLC,2641 N FLAMINGO RD #802 N SUNRISE  FL 33323
4.94211E+11,GUEDESFLAVIA GABRIELA,1831 SW 6 AVE POMPANO BEACH  FL 33060
4.9421E+11,GUERRANOE ANTONIO TRINDAD,5950 NE 1 TER OAKLAND PARK  FL 33334
4.84206E+11,GUJRALMOHANPREET S & PREETA,5330 FLAMINGO CT COCONUT CREEK  FL 33065
4.94113E+11,GURDONFLORENCE ,4509 NW 48 CT TAMARAC  FL 33319
494026AA2990,GUTACOSMIN,2641 N FLAMINGO RD #1607N SUNRISE  FL 33323
4.84134E+11,GUTIERREZELIZABETH H/E,8792 NW 6 ST CORAL SPRINGS  FL 33071
494106HH0190,GUTIERREZFLORO E,7356 N DEVON DR #207 TAMARAC  FL 33321
494128DA0120,GUTSTADTARNOLD H/E,2831 SUNRISE LAKES DR E #112 SUNRISE  FL 33322
494106KR0450,GUTTENTAGFLORENCE ,7715 SOUTHAMPTON TER #315 TAMARAC  FL 33321
4.94103E+11,GUZMANJULIO CESAR H/E,6808 NW 75 CT TAMARAC  FL 33321
4.84126E+11,GUZMANREGI D & FLOR M,7691 NW 23 ST MARGATE  FL 33063
494026AA1820,GUZMANVICTOR ESTEBAN,2681 N FLAMINGO RD #2607S SUNRISE  FL 33323
4.94111E+11,HACKERFLAVIA & KHALIL,6096 PINE TREE LN #C TAMARAC  FL 33319
494026AA3880,HAIJUMANN,2641 N FLAMINGO RD #2708N SUNRISE  FL 33323
494202BD0070,HAIKVYOLET,1325 S FLAGLER AVE #107 POMPANO BEACH  FL 33060
494026AA0780,HALABYMARCEL RICARDO,2681 N FLAMINGO RD #1207S SUNRISE  FL 33323
494026AA0260,HALLDARRELL EUGENE,2681 N FLAMINGO RD #603 S SUNRISE  FL 33323
4.84126E+11,HALLFLORENCE E,6950 NW 15 ST MARGATE  FL 33063
494026AA2370,HALLHILDA BIANCA,2641 N FLAMINGO RD #801 N SUNRISE  FL 33323
4.94109E+11,HAMILTONFLORENCE,5803 NW 87 WAY TAMARAC  FL 33321
484308BA0580,HANDLERFLORA ,3180 NE 48 CT #413 LIGHTHOUSE POINT  FL 33064
4.94112E+11,HANNAFLORALEE J ,1957 SW 63 TER NORTH LAUDERDALE  FL 33068
4.94234E+11,HAR-BAR-FTL LLC,708 N FLAGLER DR FORT LAUDERDALE  FL 33304
494026AA3820,HARBOUR DEL MAR LLC,2641 N FLAMINGO RD #2702N SUNRISE  FL 33323
4.94116E+11,HARPERFLOYD L JR & FRANCENE,7941 NW 53 CT LAUDERHILL  FL 33351
4.84126E+11,HARRISFLOYD & THESSICA,7041 NW 20 CT MARGATE  FL 33063
484203HG0470,HASSANELIE ,3079 HARWOOD F DEERFIELD BEACH  FL 33442
494125DH0210,HAWESFLORINE B,4851 NW 21 ST #204 LAUDERHILL  FL 33313
494204HA0190,HAYESJOSEPH & FLORENCE,625 OAKS DR #303 POMPANO BEACH  FL 33069
4.84107E+11,HAYFORDFLORENCE,11634 NW 47 DR CORAL SPRINGS  FL 33076
494026AA1250,HAZANREFAEL MOOLI,2681 N FLAMINGO RD #1906S SUNRISE  FL 33323
494026AA2410,HAZLEWOODYANICK,2641 N FLAMINGO RD #805 N SUNRISE  FL 33323
494026AA2440,HDJ&PP INVESTMENTS LLC,2641 N FLAMINGO RD #808 N SUNRISE  FL 33323
484218AB0840,HDME REV TR,3844 LYONS RD #108-4 COCONUT CREEK  FL 33073
4.84217E+11,HECTORMANES & FLORENCE,4325 NW 45 TER COCONUT CREEK  FL 33073
4.84135E+11,HEDGESFLOR,7505 NW 7 PL MARGATE  FL 33063
484135G34110,HEDGESFLOR,370 NW 76 AVE #404 MARGATE  FL 33063
494202BD0280,HEFLINNANCY BEGEROW,1285 S FLAGLER AVE #208 POMPANO BEACH  FL 33060
484330AD0200,HEGHESFLORIN ,3201 NE 14 ST #304 POMPANO BEACH  FL 33062
494206CM0360,HEGHESFLORIN ,1227 SW 46 AVE #312 POMPANO BEACH  FL 33069
494206CM1240,HEGHESFLORIN ,1239 SW 46 AVE #912 POMPANO BEACH  FL 33069
494206CM0500,HEGHESLILIANA ,1229 SW 46 AVE #410 POMPANO BEACH  FL 33069
494026AA2580,HELAL 1006N LLC,2641 N FLAMINGO RD #1006N SUNRISE  FL 33323
494026AA2770,HERAZO GARCIARODOLFO RAFAEL,2641 N FLAMINGO RD #1401N SUNRISE  FL 33323
4.84235E+11,HERITAGE AT POMPANO HOUSING,400 N FLAGLER AVE POMPANO BEACH  FL 33060
494106HH0070,HERMANFLORENCE,7332 N DEVON DR #107 TAMARAC  FL 33321
4.84124E+11,HERMITTFLAVIA P S GREEN,6212 FLORES DEL MAR MARGATE  FL 33063
4.94102E+11,HERNANDEZANA MARIA H/E,701 SW 74 AVE NORTH LAUDERDALE  FL 33068
4.94024E+11,HERNANDEZBELINDA C,11461 NW 29 ST SUNRISE  FL 33323
4.94109E+11,HERNANDEZFLORENCIO H/E,8514 NW 57 PL TAMARAC  FL 33321
4.94112E+11,HERNANDEZJANETTE H/E,6981 SW 19 ST NORTH LAUDERDALE  FL 33068
494026AA0810,HERNANDEZJASMIN,2681 N FLAMINGO RD #1402S SUNRISE  FL 33323
494026AA3960,HERNANDEZJOSE LUIS ,2641 N FLAMINGO RD #TH8 N SUNRISE  FL 33323
494026AA2130,HERRERA MONTOYACARLOS ALBERTO,2641 N FLAMINGO RD #501 N SUNRISE  FL 33323
494026AA2560,HERRERAMARTHA P H/E,2641 N FLAMINGO RD #1004N SUNRISE  FL 33323
4.84231E+11,HERRERAYESENIA,5546 LAKEWOOD CIR S #G MARGATE  FL 33063
484202GB0240,HICKSDIANA & LAWRENCE,336 FARNHAM P DEERFIELD BEACH  FL 33442
494026AA2140,HIGUERAALEXANDER,2641 N FLAMINGO RD #502 N SUNRISE  FL 33323
494026AA1100,HILLSGERARD,2681 N FLAMINGO RD #1707S SUNRISE  FL 33323
494202BD0980,HINDESDARCY ANN,1225 S FLAGLER AVE #318 POMPANO BEACH  FL 33060
494026AA0800,HOTZUYING J,2681 N FLAMINGO RD #1401S SUNRISE  FL 33323
494026AA1930,HOFFMICHAEL JUSTIN,2681 N FLAMINGO RD #TH2 S SUNRISE  FL 33323
484229JD0430,HOLCKLORETTA H/E,3402 BIMINI LN #G4 COCONUT CREEK  FL 33066
4.94225E+11,HOLDINGDENNIS L,2710 MIDDLE RIVER DR FORT LAUDERDALE  FL 33306
4.94115E+11,HOLLEYJOSEPH & FLORENCE,5285 NW 75 AVE LAUDERHILL  FL 33319
494026AA3850,HOLMTRAVIS WILLIAM,2641 N FLAMINGO RD #2705N SUNRISE  FL 33323
4.94211E+11,HOLSTEINFLAVIA,5651 NE 16 AVE FORT LAUDERDALE  FL 33334
4.84235E+11,HOME SWEET HOME 156 TR,156 NW 15 PL POMPANO BEACH  FL 33060
4.84214E+11,HOME SWEET HOME 284 TR,284 NE 42 ST DEERFIELD BEACH  FL 33064
4.84126E+11,HONORELAMARTINE,7309 FLORES WAY MARGATE  FL 33063
4.94202E+11,HOPE INTERNATIONAL SOUTH,1200 SW 3 ST POMPANO BEACH  FL 33069
494026AA1230,HOPKINSEVELYN & PATRICK,2681 N FLAMINGO RD #1904S SUNRISE  FL 33323
494202BD0350,HOUSETHOMAS J,1265 S FLAGLER AVE #215 POMPANO BEACH  FL 33060
4.84206E+11,HOWELLGERVAN & ELSA,6511 FLAMINGO WAY COCONUT CREEK  FL 33073
494205CB0320,HUAMANBRUNO SCHENONE,555 OAKS LN #309 POMPANO BEACH  FL 33069
4.84236E+11,HULLFLOYD RAY H/E,217 NE 10 AVE POMPANO BEACH  FL 33060
494026AA1800,HUTELINJOHN & JACQUELINE,2681 N FLAMINGO RD #2605S SUNRISE  FL 33323
4.94217E+11,HYPERION COMMUNICATIONS OF,NW 21 AVE FORT LAUDERDALE  FL 33309
494205DK0040,IBANEZVIDAL & FLORA A,925 CYPRESS GROVE DR #P34 POMPANO BEACH  FL 33069
494026AA0590,IGBARRASAMMIR,2681 N FLAMINGO RD #1004S SUNRISE  FL 33323
4.84206E+11,IMAMTAUREAN I & NERUPA,5317 FLAMINGO PL COCONUT CREEK  FL 33073
494026AA3800,IMPACTO INVESTMENT LLC,2641 N FLAMINGO RD #2608N SUNRISE  FL 33323
494026AA1670,IMPORTED PAPERS CORP,2681 N FLAMINGO RD #2408S SUNRISE  FL 33323
494026AA2640,INSUMAGRAL LLC,2641 N FLAMINGO RD #1104N SUNRISE  FL 33323
494026AA3860,INVERSIONES EL ROCIO LLC,2641 N FLAMINGO RD #2706N SUNRISE  FL 33323
494026AA2270,INVERSIONES SERINO LLC,2641 N FLAMINGO RD #607 N SUNRISE  FL 33323
494026AA0380,INVESTMENTS D&D LLC,2681 N FLAMINGO RD #707 S SUNRISE  FL 33323
494026AA1580,INVESTMENTS D&D LLC,2681 N FLAMINGO RD #2307S SUNRISE  FL 33323
494026AA1310,ISAAC CHRISTOPH CORPORATION,2681 N FLAMINGO RD #2004S SUNRISE  FL 33323
4.94118E+11,ISLAMIC FOUNDATION OF SOUTH,5455 NW 108 AVE SUNRISE  FL 33351
4.93936E+11,ISSELAXEL GUILLERMO,1436 BARCELONA WAY #3-23 WESTON  FL 33327
494026AA2700,IVOT LLC,2641 N FLAMINGO RD #1202N SUNRISE  FL 33323
4.94135E+11,JACKSONFLORENCE H/E,5611 NW 13 CT LAUDERHILL  FL 33313
484229AM0480,JACOBSFLORENCE EST,4402 MARTINIQUE CT #M4 COCONUT CREEK  FL 33066
4.84125E+11,JACUCCI BARBARA   ANN,1334 NW 63 WAY MARGATE  FL 33063
484115AR0010,JADOTTETIMMY,9011 NW 38 DR #1 CORAL SPRINGS  FL 33065
484115AR0020,JADOTTETIMMY,9011 NW 38 DR #2 CORAL SPRINGS  FL 33065
494026AA1720,JAIRO ROBERTO LA ROTTA REV TR,2681 N FLAMINGO RD #2505S SUNRISE  FL 33323
494026AA3830,JAMES T PINKELMAN LIVTR,2641 N FLAMINGO RD #2703N SUNRISE  FL 33323
4.94025E+11,JAMESDAVID III,12300 NW 21 CT PLANTATION  FL 33323
4.94219E+11,JAMESJACQUELINE OLIVIA H/E,3573 NW 32 ST LAUDERDALE LAKES  FL 33309
4.94206E+11,JANVIERFLEURIMA,4999 SW 7 ST MARGATE  FL 33068
494026AA1640,JAQUE PROPERTIES TAO LLC,2681 N FLAMINGO RD #2405S SUNRISE  FL 33323
494026AA1660,JAQUE PROPERTIES TAO LLC,2681 N FLAMINGO RD #2407S SUNRISE  FL 33323
494026AA0010,JARAMILLO ARBELAEZGERMAN,2681 N FLAMINGO RD #107 S SUNRISE  FL 33323
494202BD0120,JARAMILLOCYNTHIA A,1305 S FLAGLER AVE #112 POMPANO BEACH  FL 33060
484136AK0030,JARKOWJARETT,6616 N PARKWAY DR #3-5 MARGATE  FL 33068
4.84126E+11,JEAN-BAPTISTEANDREA LEE,7346 FLORES WAY MARGATE  FL 33063
4.94124E+11,JEANDAMAS,3941 NW 46 TER LAUDERDALE LAKES  FL 33319
4.94128E+11,JEANFLORISE,8400 NW 25 ST SUNRISE  FL 33322
4.94219E+11,JEANJOCELYN PIERRE,4100 NW 32 TER LAUDERDALE LAKES  FL 33309
494108AK0020,JECKELFLOR ,9356 WEDGEWOOD LN #B1 TAMARAC  FL 33321
4.84136E+11,JENKINSANGELA H/E,6340 NW 9 ST MARGATE  FL 33063
4.94232E+11,JENKINSROBERT LEE & FLORA G,NW 14 CT UNINCORPORATED  FL 33311
4.94232E+11,JENKINSROBERT LEE & FLORA G H/E,2691 NW 14 CT UNINCORPORATED  FL 33311
4.94202E+11,JESUCAFLORE,521 SW 2 CT #1-4 POMPANO BEACH  FL 33060
4.94234E+11,JESUCAFLORE,1032 NW 3 AVE FORT LAUDERDALE  FL 33311
4.94234E+11,JESUCAFLORE,1021 NW 3 AVE FORT LAUDERDALE  FL 33311
4.94026E+11,JHB-1 PROPERTY MANAGEMENT LLLP,2611 N FLAMINGO RD SUNRISE  FL 33323
494026AA2960,JIMENEZ MADIEDOCAROLINA,2641 N FLAMINGO RD #1604N SUNRISE  FL 33323
494026AA0770,JIMENEZ MARTEMARLON RAFAEL,2681 N FLAMINGO RD #1206S SUNRISE  FL 33323
484122GM0720,JIMENEZ URENAFLOR LINDA,3211 CORAL LAKE DR CORAL SPRINGS  FL 33065
494026AA2350,JIMENEZJESUS,2641 N FLAMINGO RD #707 N SUNRISE  FL 33323
484202AH0150,JOAN FLIEGELMAN REV TR,2069 BERKSHIRE E DEERFIELD BEACH  FL 33442
494026AA0580,JOHNCERES & ROSE A NEMORIN,2681 N FLAMINGO RD #1003S SUNRISE  FL 33323
494202BD0940,JOHNSONEWAN & MARIA M,1225 S FLAGLER AVE #314 POMPANO BEACH  FL 33060
4.94232E+11,JOHNSONFLOREE CURRY,2328 NW 14 CT FORT LAUDERDALE  FL 33311
4.94117E+11,JOHNSONFLORENCE,9425 NW 46 ST SUNRISE  FL 33351
494124DD0180,JOHNSONFLOYD A ,4281 NW 41 ST #118 LAUDERDALE LAKES  FL 33319
4.84117E+11,JOHNSONFLOYD A & FERNANDA,11410 NW 41 ST CORAL SPRINGS  FL 33065
4.84208E+11,JOHNSONFLOYD TYRONE & JEWELL,4332 NW 54 ST COCONUT CREEK  FL 33073
494202BH0200,JOHNSONMIRIAM W ,1045 S FLAGLER AVE #720 POMPANO BEACH  FL 33060
494026AA3670,JOHNSONRICHARD A & JUDY A,2641 N FLAMINGO RD #2503N SUNRISE  FL 33323
4.94117E+11,JOLIFLORIANNE,9335 NW 46 ST SUNRISE  FL 33351
494136DB0010,JOLYFLORENCE,4040 NW 19 ST #101 LAUDERHILL  FL 33313
494202BD0860,JONESJACOB GERARD,1245 S FLAGLER AVE #306 POMPANO BEACH  FL 33060
494026AA1700,JONESLIBIA S,2681 N FLAMINGO RD #2503S SUNRISE  FL 33323
494134CK0460,JOSEPHEDMOND,7451 NW 16 ST #107 PLANTATION  FL 33313
494026AA3560,JOSEPHFATMAH YOUSEF,2641 N FLAMINGO RD #2308N SUNRISE  FL 33323
4.84224E+11,JOSEPHFLORENCE,2751 NE 8 TER POMPANO BEACH  FL 33064
4.84234E+11,JOSEPHFLORENCE,641 NW 19 AVE POMPANO BEACH  FL 33069
4.9411E+11,JOSEPHFLORENCE BENOIT,2003 SW 84 TER NORTH LAUDERDALE  FL 33068
4.84223E+11,JOSEPHFLORETTE & PHILIPPE JEAN,2710 N CYPRESS RD POMPANO BEACH  FL 33064
494135DM0120,JOSEPHFLORVIL,5320 NW 11 ST #202 PLANTATION  FL 33313
4.94101E+11,JOSEPHNICOLE,6626 INWOOD NORTH LAUDERDALE  FL 33068
494123DC0230,JOSHUAFLORENCE EJIROGHENE,4152 INVERRARY DR #301 LAUDERHILL  FL 33319
494026AA3090,JUNCOROBERTO,2641 N FLAMINGO RD #1801N SUNRISE  FL 33323
4.94233E+11,JUSTILIENMORALES & FLOVANA L,1124 NW 15 AVE FORT LAUDERDALE  FL 33311
484130AB0380,KAHLEFLORA & JAMES,1861 MONTE CARLO WAY #38 CORAL SPRINGS  FL 33071
4.94132E+11,KALMAFLORENCE M H/E,9125 W SUNRISE BLVD PLANTATION  FL 33322
4.94023E+11,KARAMFLOR,2975 NW 124 WAY SUNRISE  FL 33323
494202BH0020,KARATAS LLC,1065 S FLAGLER AVE #702 POMPANO BEACH  FL 33060
4.94132E+11,KAREYRAYZA,1700 NW 95 AVE PLANTATION  FL 33322
494106KF0200,KATZMARTIN H/E,7738 GRANVILLE DR #206 TAMARAC  FL 33321
494129AB0110,KAUFMAN FAM TR,2780 N PINE ISLAND RD #111 SUNRISE  FL 33322
494129KC0300,KAUFMANFLORENCE,9541 SUNRISE LAKES BLVD #310 SUNRISE  FL 33322
4.84215E+11,KEILSTEPHANIE KATHRYN H/E,1011 VERDE CT DEERFIELD BEACH  FL 33064
4.84124E+11,KELLEYROBERT W D & REBECCA LYNN,3135 SUNSET CIR MARGATE  FL 33063
494202BD0110,KELLYKATHRYN,1305 S FLAGLER AVE #111 POMPANO BEACH  FL 33060
4.84232E+11,KELLYSUSAN DALE H/E,4440 NW 2 CT COCONUT CREEK  FL 33066
494202BH0060,KENDER KAPITAL LLC,1065 S FLAGLER AVE #706 POMPANO BEACH  FL 33060
494026AA0390,KERRJENNIFER ,2681 N FLAMINGO RD #708 S SUNRISE  FL 33323
494227AC0490,KHANFLORA NASREEN,124 NE 19 CT #112B WILTON MANORS  FL 33305
494026AA0040,KHANRIAZ ALI,2681 N FLAMINGO RD #303 S SUNRISE  FL 33323
494026AA1430,KHANRIAZ ALI,2681 N FLAMINGO RD #2108S SUNRISE  FL 33323
494026AA0480,KHANNAOM P & UMA,2681 N FLAMINGO RD #901 S SUNRISE  FL 33323
494026AA0710,KIMDAL S,2681 N FLAMINGO RD #1108S SUNRISE  FL 33323
494026AA1050,KIMDONG HEE,2681 N FLAMINGO RD #1702S SUNRISE  FL 33323
494026AA3350,KIMJENNY,2641 N FLAMINGO RD #2103N SUNRISE  FL 33323
494026AA0370,KIMROGER,2681 N FLAMINGO RD #706 S SUNRISE  FL 33323
494026AA1060,KINGDANIEL S,2681 N FLAMINGO RD #1703S SUNRISE  FL 33323
4.9412E+11,KLEINFLORENCE,3999 NW 94 WAY SUNRISE  FL 33351
494202BH0360,KOFFSMONESTEBAN,1005 S FLAGLER AVE #816 POMPANO BEACH  FL 33060
4.84108E+11,KOIFMANFLAREN & YANINA,11054 NW 46 DR CORAL SPRINGS  FL 33076
494026AA3240,KONGJUAN,2641 N FLAMINGO RD #1908N SUNRISE  FL 33323
494026AA1980,KONGLAN,2681 N FLAMINGO RD #TH7 S SUNRISE  FL 33323
484203HM0160,KORTISFLORENCE ,256 MARKHAM L DEERFIELD BEACH  FL 33442
4.84307E+11,KOTLERFLORANGELA,1305 SE 1 AVE DEERFIELD BEACH  FL 33441
4.84117E+11,KOWALCHUKTHEODORE J & FLORENCE,4141 NW 107 AVE CORAL SPRINGS  FL 33065
4.84126E+11,KRALJICMARI & JONATHAN,7357 FLORES WAY MARGATE  FL 33063
484202AG0250,KRAMERFLORENCE EST,2065 BERKSHIRE D DEERFIELD BEACH  FL 33442
4.84206E+11,KUPERBERGJULIUS & HELENE Y,5321 FLAMINGO PL COCONUT CREEK  FL 33073
494026AA2020,L A & J D JR MORRISON REV TR,2641 N FLAMINGO RD #304 N SUNRISE  FL 33323
494104AC0370,L FLAMBERT LOUISSAINT REV TR,8201 PINE DR #37 TAMARAC  FL 33321
494204BF0410,LABARCAPIETRO,2650 S COURSE DR #501 POMPANO BEACH  FL 33069
494026AA1860,LABHSETWARSNEHALATA A & ANANT,2681 N FLAMINGO RD #2703S SUNRISE  FL 33323
4.94127E+11,LABRANCHEFLORIA L,7200 NW 22 ST SUNRISE  FL 33313
494026AA1150,LACERTA GROUP LLC,2681 N FLAMINGO RD #1804S SUNRISE  FL 33323
484203AA0560,LADENHEIMNATHAN EST,3040 DURHAM B DEERFIELD BEACH  FL 33442
494026AA1900,LAFLEURJOEL ,2681 N FLAMINGO RD #2707S SUNRISE  FL 33323
4.94102E+11,LAFRANCEFLEURENCE,7300 FOREST BLVD NORTH LAUDERDALE  FL 33068
494026AA0540,LAGAMIDROR,2681 N FLAMINGO RD #907 S SUNRISE  FL 33323
494026AA0840,LAGONELLY,2681 N FLAMINGO RD #1405S SUNRISE  FL 33323
4.84106E+11,LALLARONALD,6740 NW 122 AVE PARKLAND  FL 33076
494026AA1200,LAMBERTKEVIN J,2681 N FLAMINGO RD #1901S SUNRISE  FL 33323
4.84206E+11,LANGSTONNADINE,5334 FLAMINGO CT COCONUT CREEK  FL 33073
4.84211E+11,LAPOINTECHRISTIANE ,312 NW 52 ST DEERFIELD BEACH  FL 33064
4.94234E+11,LARKINFLETCHER C,1625 NW 3 AVE FORT LAUDERDALE  FL 33304
4.84107E+11,LARSHSTEPHEN M & FLORA P,12250 NW 57 ST CORAL SPRINGS  FL 33076
4.84226E+11,LATHAMFLORA MAE,1516 NW 7 TER POMPANO BEACH  FL 33060
484305AN0260,LATHENFLORENCE LEVITA,2051 SE 3 ST #306 DEERFIELD BEACH  FL 33441
494026AA1970,LAUMICHELLE,2681 N FLAMINGO RD #TH6 S SUNRISE  FL 33323
4.84112E+11,LAURENFANTIVRANCE,5183 NW 59 WAY CORAL SPRINGS  FL 33067
494202BD0220,LAURIANO FERREIRACASSIO,1285 S FLAGLER AVE #202 POMPANO BEACH  FL 33060
4.84211E+11,LAUXFLORENCE A ,1593 SW 22 WAY DEERFIELD BEACH  FL 33442
494026AA2110,LAWRENCEDEIDRA-ANTOINETTE,2641 N FLAMINGO RD #406 N SUNRISE  FL 33323
4.94125E+11,LAWRENCEFLORETTE,2600 NW 47 AVE LAUDERHILL  FL 33313
494026AA1530,LAYANAENRIQUE,2681 N FLAMINGO RD #2302S SUNRISE  FL 33323
4.94222E+11,LAZORAMON,620 NW 39 ST OAKLAND PARK  FL 33309
4.8421E+11,LAZZARIFLORENCE M H/E,2430 SW 15 ST DEERFIELD BEACH  FL 33442
4.84227E+11,LB REALTY INVESTMENTS OF,NW 19 AVE POMPANO BEACH  FL 33069
4.84227E+11,LB REALTY INVESTMENTS OF,NW 16 ST POMPANO BEACH  FL 33069
494106KG0520,LEADERFLORENCE S ,7727 SOUTHAMPTON TER #404 TAMARAC  FL 33321
484127AG0010,LEARNLAWRENCE JR & FLORENCE,8753 SHADOWWOOD BLVD #101 CORAL SPRINGS  FL 33071
494026AA1780,LEEEUN JOO,2681 N FLAMINGO RD #2603S SUNRISE  FL 33323
4.94101E+11,LEMOUXTHERAMOND,1303 BRAEBURN NORTH LAUDERDALE  FL 33068
494126DD0350,LENNOXFLOYD,2830 NW 55 AVE #1D LAUDERHILL  FL 33313
4.94132E+11,LENTINIFLORENCE V,1860 NW 94 AVE PLANTATION  FL 33322
494026AA2210,LEONMARITZA CECILA,2641 N FLAMINGO RD #601 N SUNRISE  FL 33323
4.94108E+11,LEONMICHAEL,9460 BRADSHAW LN TAMARAC  FL 33321
4.74129E+11,LEONARDMICHAEL,8735 WATERCREST CIR W PARKLAND  FL 33076
4.84211E+11,LEONARDRAYMOND & FLORIENT,1971 SW 16 PL DEERFIELD BEACH  FL 33442
484134AC0310,LEONELFLORISBELA MARIA,8439 SHADOW CT #3-8 CORAL SPRINGS  FL 33071
494106HJ0240,LEORPATRICIA,7407 N DEVON DR #212 TAMARAC  FL 33321
4.74234E+11,LEPAGE INVESTMENTS OF,3307 DEER CREEK ALBA WAY DEERFIELD BEACH  FL 33442
494112AB0220,LEVANTINOFLORENCE ,4980 E SABAL PALM BLVD #123 TAMARAC  FL 33319
4.84223E+11,LEVINEDAVID L,311 NW 24 CT POMPANO BEACH  FL 33064
484118AK0050,LEVY FAM REV TR,12298 WILES RD #5A CORAL SPRINGS  FL 33076
4.84207E+11,LEVYFLORENCE,5340 NW 49 ST COCONUT CREEK  FL 33073
4.84308E+11,LEVYFLORENCE,1194 HILLSBORO MILE #60 HILLSBORO BEACH  FL 33062
484135AD0110,LEWISFLORA,7787 GOLF CIRCLE DR #111 MARGATE  FL 33063
4.94219E+11,LEWISMERLENE,3501 NW 38 TER LAUDERDALE LAKES  FL 33309
4.94106E+11,LEYESHAZELIN D H/E,10800 NW 71 PL TAMARAC  FL 33321
494026AA2390,LIYANQI,2641 N FLAMINGO RD #803 N SUNRISE  FL 33323
494202BD0640,LIANGWINNIE,1145 S FLAGLER AVE #504 POMPANO BEACH  FL 33060
494202BD0790,LIANGWINNIE,1125 S FLAGLER AVE #519 POMPANO BEACH  FL 33060
4.94234E+11,LIGHT POSSE LLC,1136 N FLAGLER DR FORT LAUDERDALE  FL 33304
494026AA2150,LIMAANDREY,2641 N FLAMINGO RD #503 N SUNRISE  FL 33323
4.84229E+11,LIMAFLAVIO O,2090 NW 37 AVE COCONUT CREEK  FL 33066
4.94132E+11,LIMAFRANCISCO & FLAVIA,9120 NW 12 ST PLANTATION  FL 33322
484202JC0040,LITTWINSTEVEN I & FLORENCE,216 UPMINSTER M DEERFIELD BEACH  FL 33442
4.94111E+11,LIZARDOFLOR L H/E,2030 CHAMPIONS WAY NORTH LAUDERDALE  FL 33068
4.94233E+11,LLOYDFLORENCE M EST,1119 NW 11 CT FORT LAUDERDALE  FL 33311
494026AA0110,LOBOSIVAN MAURICIO SANCHEZ,2681 N FLAMINGO RD #403 S SUNRISE  FL 33323
4.84236E+11,LOFTONEDWARD & FLORA,340 NW 14 ST POMPANO BEACH  FL 33060
494026AA0530,LOGANTWILA MAE ,2681 N FLAMINGO RD #906 S SUNRISE  FL 33323
4.94026E+11,LOIS REALTY CORP,1905 N FLAMINGO RD SUNRISE  FL 33323
494123CJ0140,LOPEZ ARANGURENJOSE GREGORIO,3531 INVERRARY DR #204 LAUDERHILL  FL 33319
4.84126E+11,LOPEZCLAUDIA MARCELA,7389 FLORES WAY MARGATE  FL 33063
494130MJ0280,LOPEZDIEGO RAMIRO T & FLOR C,2580 NW 103 AVE #308 SUNRISE  FL 33322
4.94129E+11,LOPEZFLAVIA G,2490 NW 89 AVE SUNRISE  FL 33322
4.94136E+11,LOPEZFLORENTINO J JR,4730 NW 17 ST LAUDERHILL  FL 33313
4.94128E+11,LOPEZJOSE ARTURO H/E,8661 NW 29 ST SUNRISE  FL 33322
4.84126E+11,LORDPATRICIA PAMELA ,7373 FLORES WAY MARGATE  FL 33063
484215DA0310,LORETOFLAVIO PINTO,4570 NW 18 AVE #401 DEERFIELD BEACH  FL 33064
494026AA3260,LOSIASTEGUSMIDE ,2641 N FLAMINGO RD #2002N SUNRISE  FL 33323
494202BD0310,LOTTCHRISTINA M ,1265 S FLAGLER AVE #211 POMPANO BEACH  FL 33060
4.84114E+11,LOUIS JEANSONY & FLORE,7010 NW 39 PL CORAL SPRINGS  FL 33065
4.94116E+11,LOUISFLORE,4941 NW 86 TER LAUDERHILL  FL 33351
4.94228E+11,LOUISFLORENCE XVI  H/E,1320 NW 20 ST FORT LAUDERDALE  FL 33311
4.8412E+11,LOUISDORFLODA,2501 NW 115 DR CORAL SPRINGS  FL 33065
484331BC0100,LOZANOFLOR MARIA,405 N OCEAN BLVD #110 POMPANO BEACH  FL 33062
494026AA0350,LUANFUFEN,2681 N FLAMINGO RD #704 S SUNRISE  FL 33323
484220BK0200,LUCIOFLAVIA,3621 NW 35 ST #1652 COCONUT CREEK  FL 33066
4.84318E+11,LUGLIFLAVIA BARDOZA,2761 NE 48 ST LIGHTHOUSE POINT  FL 33064
494202BD0730,LUNANUA LLC,1125 S FLAGLER AVE #513 POMPANO BEACH  FL 33060
484114AC0010,LUNDORMADELAINE H/E,3920 WOODSIDE DR #1 CORAL SPRINGS  FL 33065
494222AC0560,LYNNROBERT LEE III,669 W OAKLAND PARK BLVD #120B OAKLAND PARK  FL 33311
484330AA1050,LYONSTHOMAS A IV,2601 NE 14 STREET CSWY #521 POMPANO BEACH  FL 33062
494026AA1070,MACADAMIA LLC,2681 N FLAMINGO RD #1704S SUNRISE  FL 33323
4.84224E+11,MACHADOFLAVIO F H/E,2501 NE 9 AVE POMPANO BEACH  FL 33064
494026AA1400,MADS FAMILY LLC,2681 N FLAMINGO RD #2105S SUNRISE  FL 33323
494202BH0130,MAHFOUZMIRIAM,1045 S FLAGLER AVE #713 POMPANO BEACH  FL 33060
494026AA3700,MAKOUKDJIMARLEINE & SIMON,2641 N FLAMINGO RD #2506N SUNRISE  FL 33323
4.84215E+11,MALDONADOFLAVIA M H/E,1111 AZUL CT DEERFIELD BEACH  FL 33064
4.84126E+11,MALDONM GROUP LLC,7341 FLORES WAY MARGATE  FL 33063
494130JM0080,MALLOYJOAN,10400 NW 30 CT #108 SUNRISE  FL 33322
494202BD0040,MANN LIV TR,1325 S FLAGLER AVE #104 POMPANO BEACH  FL 33060
494026AA0610,MANSUKHANINEIL ,2681 N FLAMINGO RD #1006S SUNRISE  FL 33323
494026AA0720,MAPAVIEL LLC,2681 N FLAMINGO RD #1201S SUNRISE  FL 33323
494026AA3100,MARANIMIREYA,2641 N FLAMINGO RD #1802N SUNRISE  FL 33323
4.84135E+11,MARAVILLAFIDEL &,7970 NW 6 CT MARGATE  FL 33063
4.94219E+11,MARCELINWISLET & FLEURDELLA,3621 NW 41 ST LAUDERDALE LAKES  FL 33309
484331CE0420,MARCOPOULOSSTEFANOS,1 N OCEAN BLVD #704 POMPANO BEACH  FL 33062
484331BD0580,MARCOUXRENAUD,303 N RIVERSIDE DR #1006 POMPANO BEACH  FL 33062
4.94036E+11,MARCURADU H/E,861 NW 118 AVE PLANTATION  FL 33325
484305AC0470,MARGOLIESFLORENCE T,745 SE 19 AVE #300 DEERFIELD BEACH  FL 33441
494026AA2040,MARIANITERESITA JULIA,2641 N FLAMINGO RD #306 N SUNRISE  FL 33323
4.94109E+11,MARIN DE GARCIAFLORALBA,8701 NW 58 ST TAMARAC  FL 33321
494111AA0420,MARINFLOR,5980 NW 64 AVE #106 TAMARAC  FL 33319
4.94234E+11,MARINE FUNDING GROUP INC,1112 N FLAGLER DR FORT LAUDERDALE  FL 33304
4.94234E+11,MARINE FUNDING GROUP INC,1130 N FLAGLER DR FORT LAUDERDALE  FL 33304
4.74231E+11,MARKOWITZFLORENCE,5320 NW 77 CT UNINCORPORATED  FL 33073
494106KF0250,MARKSFLORINE B,7748 GRANVILLE DR #211 TAMARAC  FL 33321
494026AA0820,MARLOWANTHONY JAY,2681 N FLAMINGO RD #1403S SUNRISE  FL 33323
484128AD0130,MARROQUINALVARO H H/E,1881 NW 94 AVE #107B CORAL SPRINGS  FL 33071
494130A60390,MARSHAKFLO & JUDITH RUBINO H,10208 NW 24 PL #409 SUNRISE  FL 33322
4.84129E+11,MARSIELLOFLORENCE,11311 NW 20 DR CORAL SPRINGS  FL 33071
4.7413E+11,MARTELLANTHONY & FLORENCE,9071 BASTILLE CIR E PARKLAND  FL 33076
4.94207E+11,MARTINEZ FALETTEJIMMY OSCAR,6190 NW 33 TER FORT LAUDERDALE  FL 33309
494026AA0060,MARTINEZ REYESREYNALDO ISAAC,2681 N FLAMINGO RD #305 S SUNRISE  FL 33323
494026AA1850,MARTINEZDANIEL,2681 N FLAMINGO RD #2702S SUNRISE  FL 33323
494026AA3950,MARTINEZDANIEL & SUSAN,2641 N FLAMINGO RD #TH7 N SUNRISE  FL 33323
494026AA1480,MARTINEZSTELLA,2681 N FLAMINGO RD #2205S SUNRISE  FL 33323
4.84224E+11,MARTINHAOFLAVIA,1540 NE 32 CT POMPANO BEACH  FL 33064
484224AF0230,MARTINHAOFLAVIA,1480 E SAMPLE RD #211 POMPANO BEACH  FL 33064
484229DK0020,MARTINHAOFLAVIA,2102 LUCAYA BND #B1 COCONUT CREEK  FL 33066
4.8433E+11,MARTINIFLORENCE NESTY,2715 NE 23 CT POMPANO BEACH  FL 33062
4.84208E+11,MARTINSFLAVIO ALVES,4518 NW 51 CT COCONUT CREEK  FL 33073
494026AA0500,MASHBURNDAVEN HENRY,2681 N FLAMINGO RD #903 S SUNRISE  FL 33323
494202BD0930,MASONBRUCE EST,1225 S FLAGLER AVE #313 POMPANO BEACH  FL 33060
494125CB0050,MASSICOTTEFLORIAN & NICOLE G ,2951 NW 46 AVE #105 LAUDERDALE LAKES  FL 33313
484202JK0160,MATHENYELSIE NENA ANGELIQUE,1016 CAMBRIDGE A DEERFIELD BEACH  FL 33442
4.94103E+11,MATOSCANDIDO H/E,7802 NW 74 AVE TAMARAC  FL 33321
4.84124E+11,MAUGHNPAULETTE,6223 FLORES DEL MAR MARGATE  FL 33063
4.94219E+11,MAURICEFLOREL,3679 NW 43 PL LAUDERDALE LAKES  FL 33309
494202BE0110,MAZINGA REV TR,1085 S FLAGLER AVE #611 POMPANO BEACH  FL 33060
4.84215E+11,MAZZETTILUIS A & FLOR M,1210 NW 48 PL DEERFIELD BEACH  FL 33064
4.84231E+11,MCCLAINVASHTI H/E,523 NW 47 WAY COCONUT CREEK  FL 33063
4.74136E+11,MCGRATHFLORENCE L,6660 NW 75 PL PARKLAND  FL 33067
4.94124E+11,MCLEANFLORET,4376 NW 42 AVE LAUDERDALE LAKES  FL 33319
494123BM1410,MEDINAFLAVIA & REINALDO D,5860 NW 44 ST #301 LAUDERHILL  FL 33319
494202BE0020,MEDINALISA MARINDA,1105 S FLAGLER AVE #602 POMPANO BEACH  FL 33060
484220BH0220,MEDINALUIS,3561 NW 35 ST #1622 COCONUT CREEK  FL 33066
4.84206E+11,MEDINALUIS M,4960 EGRET PL COCONUT CREEK  FL 33073
4.84206E+11,MEGEEMARISA H/E,6500 FLAMINGO WAY COCONUT CREEK  FL 33073
494026AA3810,MEJIASTEPHANIE,2641 N FLAMINGO RD #2701N SUNRISE  FL 33323
494106HD0380,MELENDEZ HENRIQUEZARLETTE C H/E,7674 FAIRFAX DR #310 TAMARAC  FL 33321
4.84134E+11,MELENDEZEDWIN & FLOR,239 NW 93 AVE CORAL SPRINGS  FL 33071
484119AG0550,MELENDEZFLOR E,12109 ROYAL PALM BLVD #7G CORAL SPRINGS  FL 33065
4.84208E+11,MEMAJFLORIN & MIRE,4143 NW 54 ST COCONUT CREEK  FL 33073
4.84115E+11,MENARDFLORENCE WESLIE,3830 NW 81 TER CORAL SPRINGS  FL 33065
4.84126E+11,MENDOZACARLITO H/E,7301 FLORES WAY MARGATE  FL 33063
494136CA0710,MENTHORFLORVIL,1400 NW 43 TER #107 LAUDERHILL  FL 33313
4.94126E+11,MERTILUSCIA,2150 NW 61 AVE SUNRISE  FL 33313
4.84136E+11,MESIASROSA,6801 NW 8 CT MARGATE  FL 33063
494125HM0080,MESIDORAMALIA H/E,2649 NW 48 TER #136 LAUDERDALE LAKES  FL 33313
4.94102E+11,METELUSYCIONISE,7208 SW 5 ST NORTH LAUDERDALE  FL 33068
494026AA1730,MEZAGISELLE H/E,2681 N FLAMINGO RD #2506S SUNRISE  FL 33323
484110BA2870,MIHUTFLORIN,8741 WILES RD #306 CORAL SPRINGS  FL 33067
484207AA0100,MIHUTFLORIN,5510 NW 61 ST #110 COCONUT CREEK  FL 33073
494217BA0040,MIHUTFLORIN,5200 NW 31 AVE #4 FORT LAUDERDALE  FL 33309
4.84236E+11,MILAFLORENCA,227 NE 24 AVE #1-2 POMPANO BEACH  FL 33062
4.84206E+11,MILLERMARIA P & DANIEL J,5327 FLAMINGO CT COCONUT CREEK  FL 33073
494202BD0550,MILLERVIRGINIA FRANCES ,1201 S FLAGLER AVE #415 POMPANO BEACH  FL 33060
494202BH0110,MILLON USA 2 LLC,1045 S FLAGLER AVE #711 POMPANO BEACH  FL 33060
494202BD0080,MIMSPOT & CO LLC,1325 S FLAGLER AVE #108 POMPANO BEACH  FL 33060
484203H20090,MINIFLAVIO ,9 TILFORD A DEERFIELD BEACH  FL 33442
4.94036E+11,MINISTERIO INTL EL REY JESUS INC,1490 N FLAMINGO RD PLANTATION  FL 33323
4.84217E+11,MINTO BUILDERS FL INC,FLORIDA TPKE UNINCORPORATED  FL 33073
4.84206E+11,MIRANDASTEPHEN M. & AUDRA W.,5332 FLAMINGO PL COCONUT CREEK  FL 33073
494026AA0630,MIRCHANDANIRAJ,2681 N FLAMINGO RD #1008S SUNRISE  FL 33323
494026AA2910,MITO MOVIES ENTERTAINMENT LLC,2641 N FLAMINGO RD #1507N SUNRISE  FL 33323
494026AA3420,MITO MOVIES ENTERTAINMENT LLC,2641 N FLAMINGO RD #2202N SUNRISE  FL 33323
494026AA1040,MJVM LTD,2681 N FLAMINGO RD #1701S SUNRISE  FL 33323
494202BD0520,MMM42 REAL ESTATE LLC,1205 S FLAGLER AVE #412 POMPANO BEACH  FL 33060
4.84124E+11,MOIMEMEMAUD H/E,6222 FLORES DEL MAR MARGATE  FL 33063
4.94112E+11,MOLINAFLORENCIA,6830 SW 18 ST NORTH LAUDERDALE  FL 33068
4.94101E+11,MOMPOINT-NOELFLORCYE D H/E,6210 SW 4 PL MARGATE  FL 33068
484220GM0050,MONDANAROANTHONY & FLORENCE,2914 CARAMBOLA CIR S #20101 COCONUT CREEK  FL 33066
4.84307E+11,MONTELONGOFLORICELA H/E,1577 NE 53 ST POMPANO BEACH  FL 33064
4.84133E+11,MONTEMARANOFLORENCE,10416 NW 9 MNR CORAL SPRINGS  FL 33071
4.94111E+11,MONTENEGROERICK LIZANDRO H/E,5940 NW 54 LN TAMARAC  FL 33319
494202BD0420,MONTERROZACHRISTINE,1205 S FLAGLER AVE #402 POMPANO BEACH  FL 33060
494026AA3310,MONTOYACAMILO SOTO,2641 N FLAMINGO RD #2007N SUNRISE  FL 33323
4.74331E+11,MOOREFLETCHER JR H/E,129 NE 6 CT DEERFIELD BEACH  FL 33441
4.8423E+11,MOOREFLUFFY,4741 NW 15 ST COCONUT CREEK  FL 33063
484211AB1100,MORAES DE CARVALHOFLAVIO,1977 SW 15 ST #110 DEERFIELD BEACH  FL 33442
494026AA0310,MORALESLUZ AMPARO,2681 N FLAMINGO RD #608 S SUNRISE  FL 33323
494202BD0800,MORAV RE LLC,1125 S FLAGLER AVE #520 POMPANO BEACH  FL 33060
494026AA2540,MOREIRAHINGRYD,2641 N FLAMINGO RD #1002N SUNRISE  FL 33323
494204BA0750,MORENOFLOR,3050 N PALM AIRE DR #805 POMPANO BEACH  FL 33069
494026AA3060,MORENOJUAN CARLOS,2641 N FLAMINGO RD #1706N SUNRISE  FL 33323
494026AA3120,MORENOPAMELA,2641 N FLAMINGO RD #1804N SUNRISE  FL 33323
4.94136E+11,MORGANJEREMY,1470 NW 47 AVE LAUDERHILL  FL 33313
494212AK5070,MORGANLUZ DARLY H/E,6461 BAY CLUB DR #3 FORT LAUDERDALE  FL 33308
494202BD0970,MORIJIRIKAZUYO,1225 S FLAGLER AVE #317 POMPANO BEACH  FL 33060
494206AC0220,MORINFLORE ,5641 SW 2 CT #206 MARGATE  FL 33068
494026AA0430,MORINFRANCISCO ACUNA,2681 N FLAMINGO RD #804 S SUNRISE  FL 33323
4.84112E+11,MORRIS-BROWNFLORENCE,5051 NW 58 TER CORAL SPRINGS  FL 33067
494122BD0360,MORRISONFLORENCE,3651 ENVIRON BLVD #559 LAUDERHILL  FL 33319
494026AA0270,MORTIMERSHELLY,2681 N FLAMINGO RD #604 S SUNRISE  FL 33323
4.94226E+11,MOSETTIANDY C,2632 NE 16 AVE WILTON MANORS  FL 33334
484306DG0070,MOTTAFLAVIO & MIRIAM,410 SE 2 AVE #21 DEERFIELD BEACH  FL 33441
4.84125E+11,MOULTONDLORIS & FLOYD G,6420 NW 23 ST MARGATE  FL 33063
4.84124E+11,MOULTONFLOYD & ROSALEE ,5925 N SABLE CIR MARGATE  FL 33063
494026AA2950,MOYANOJORGE & CLAUDIA ,2641 N FLAMINGO RD #1603N SUNRISE  FL 33323
494224CH0200,MOYNIHAN 2024 FAM TR,2841 NE 32 ST #20 FORT LAUDERDALE  FL 33306
494202BD0180,MR MIAMI 1 LLC,1305 S FLAGLER AVE #118 POMPANO BEACH  FL 33060
494026AA0600,MULLINGSHANS-PETER F,2681 N FLAMINGO RD #1005S SUNRISE  FL 33323
494026AA3540,MULLINSBRIAN A,2641 N FLAMINGO RD #2306N SUNRISE  FL 33323
4.8421E+11,MUNOZFLOR ELENA H/E,1060 E LAKES DR DEERFIELD BEACH  FL 33064
494225AD0020,MURRAYTODD DAVID,2820 NE 30 ST #2 FORT LAUDERDALE  FL 33306
4.84123E+11,N K FLETCHER & M C CROWLEY TR,7546 PINEWALK DR S #116 MARGATE  FL 33063
494026AA1120,NADERIAHMAD,2681 N FLAMINGO RD #1801S SUNRISE  FL 33323
494026AA1760,NADERIAHMAD,2681 N FLAMINGO RD #2601S SUNRISE  FL 33323
494026AA2710,NADERIAHMAD & SAEEDEH,2641 N FLAMINGO RD #1203N SUNRISE  FL 33323
4.84234E+11,NAISSANTFLORETTE,309 NW 17 AVE POMPANO BEACH  FL 33069
4.74129E+11,NAKAMURA CESARIOFLAVIA,8955 WATERCREST CIR W PARKLAND  FL 33076
4.94104E+11,NAPOLEONFLADYMIR & SHINNEL N,8013 NW 72 ST TAMARAC  FL 33321
494202BD0560,NASCIMBENIMIRIA ALVES,1201 S FLAGLER AVE #416 POMPANO BEACH  FL 33060
4.84134E+11,NASCIMENTOFLAVIUS & JANE,8756 NW 6 ST CORAL SPRINGS  FL 33071
494201AD0220,NASHFLOYD T,101 E MCNAB RD #123 POMPANO BEACH  FL 33060
494026AA0640,NATIONSTAR MORTGAGE LLC,2681 N FLAMINGO RD #1101S SUNRISE  FL 33323
4.94103E+11,NAVARROJAIRO EVELIO H/E,1207 SW 83 AVE NORTH LAUDERDALE  FL 33068
4.84108E+11,NEIDISHFLORENCIA MEINDL,11213 NW 46 DR CORAL SPRINGS  FL 33076
4.74331E+11,NELSONFLAMON JR H/E,602 NE 2 TER DEERFIELD BEACH  FL 33441
484133AB1430,NELSONFLORCIE,10005 TWIN LAKES DR #25-G CORAL SPRINGS  FL 33071
4.94116E+11,NELSONFLORIENE C &,4771 NW 84 AVE LAUDERHILL  FL 33351
494202BD0390,NERDAL LLC,1265 S FLAGLER AVE #219 POMPANO BEACH  FL 33060
4.84305E+11,NEW HOTEL CONSTRUCTION,45 NE 21 AVE DEERFIELD BEACH  FL 33441
4.84206E+11,NEWTONWILLIAM JR & SANDRA S,5323 FLAMINGO CT COCONUT CREEK  FL 33073
494202BH0080,NEXIMA LLC,1065 S FLAGLER AVE #708 POMPANO BEACH  FL 33060
4.84127E+11,NIBBSFLAVIA ,8910 NW 21 CT CORAL SPRINGS  FL 33071
494026AA3640,NIETOJOSE,2641 N FLAMINGO RD #2408N SUNRISE  FL 33323
4.94102E+11,NIEVES-MOULIERJOSE,7708 SW 7 ST NORTH LAUDERDALE  FL 33068
4.94105E+11,NIEVESFLORA,7835 NW 78 AVE TAMARAC  FL 33321
4.94115E+11,NISBETHPATRICIA H/E,7433 NW 47 PL LAUDERHILL  FL 33319
4.94219E+11,NOELZIUS,3273 NW 41 ST LAUDERDALE LAKES  FL 33309
4.84205E+11,NOGUEIRABERNARDO S H/E,6665 NW 42 TER COCONUT CREEK  FL 33073
484219CB0320,NOLANFLYNN,2520 NW 49 TER #732 COCONUT CREEK  FL 33063
484203KD0190,NOLASCO BELTREARACELIS,83 OAKRIDGE G #83 DEERFIELD BEACH  FL 33442
494135FG0020,NOREJEAN L H/E,1727 NW 56 AVE #10 LAUDERHILL  FL 33313
4.94134E+11,NORMILCINDY H/E,6814 NW 12 ST PLANTATION  FL 33313
4.94104E+11,NORTHSTAR FUNERAL SERVICES,8135 W MCNAB RD TAMARAC  FL 33321
494105AD0240,NOVINFLORENCE EST,7410 WOODMONT TER #203 TAMARAC  FL 33321
4.94202E+11,OAK STREET PARTNERS,465 S FLAGLER AVE POMPANO BEACH  FL 33060
4.94202E+11,OAK STREET PARTNERS,525 S FLAGLER AVE POMPANO BEACH  FL 33060
484218AA1360,OATESFLORENCE,5025 WILES RD #208 COCONUT CREEK  FL 33073
4.84114E+11,OCCEANSFLEURINA,3734 RIVERSIDE DR CORAL SPRINGS  FL 33065
4.94127E+11,OCTAVIENJOCELIN,6531 NW 28 ST SUNRISE  FL 33313
4.84307E+11,OCTELUSFLEDERS & LOUNDY PIERRE,1433 SE 2 AVE DEERFIELD BEACH  FL 33441
494214AB1690,OEGARAVRAM S & FLOAREA O,5318 NE 6 AVE #E21 OAKLAND PARK  FL 33334
494214AB1920,OEGARAVRAM S & FLOAREA O,5230 NE 6 AVE #D24 OAKLAND PARK  FL 33334
4.84235E+11,OLD GOAT LLC,124 N FLAGLER AVE POMPANO BEACH  FL 33060
4.84235E+11,OLD TOWNE FLAGLER LLC,114 N FLAGLER AVE POMPANO BEACH  FL 33060
4.84235E+11,OLD TOWNE FLAGLER LLC,120 N FLAGLER AVE POMPANO BEACH  FL 33060
4.84212E+11,OLIVEIRAFABIANA G,1460 SW 4 TER DEERFIELD BEACH  FL 33441
484219BM0170,OLIVEIRAIARA H/E,3769 COCOPLUM CIR #3573 COCONUT CREEK  FL 33063
494026AA0170,OLIVERICECILIA ,2681 N FLAMINGO RD #502 S SUNRISE  FL 33323
494026AA3690,OLIVERICECILIA ,2641 N FLAMINGO RD #2505N SUNRISE  FL 33323
484229CG0220,OLLERTFLORENCE EST,3002 PORTOFINO ISLE #K2 COCONUT CREEK  FL 33066
494202BD0030,OLSA PROPERTIES LLC,1325 S FLAGLER AVE #103 POMPANO BEACH  FL 33060
494202BD0630,OLSA PROPERTIES LLC,1145 S FLAGLER AVE #503 POMPANO BEACH  FL 33060
494101AC0330,ONEFLAURENCE P,603 S STATE ROAD 7 #2D MARGATE  FL 33068
494026AA1330,ONEILNATHALY,2681 N FLAMINGO RD #2006S SUNRISE  FL 33323
494202BE0040,OOSIK LLC,1105 S FLAGLER AVE #604 POMPANO BEACH  FL 33060
494109CC0010,ORDELYFLEURETTE E & MILOR P E,8050 W MCNAB RD #101 TAMARAC  FL 33321
494128DB0310,ORDONEZOSCAR ALBERTO,8110 SUNRISE LAKES BLVD #307 SUNRISE  FL 33322
494128GA0160,ORDONEZOSCAR ALBERTO ,8435 SUNRISE LAKES BLVD #204 SUNRISE  FL 33322
494128HH0310,ORDONEZOSCAR ALBERTO ,8220 SUNRISE LAKES BLVD #307 SUNRISE  FL 33322
484126CJ0190,ORJUELAFLOR H/E,7610 NW 18 ST #303 MARGATE  FL 33063
4.9412E+11,ORTEGAFLOR MARIA H/E,3535 NW 91 LN SUNRISE  FL 33351
484230BA0100,ORTIGOZAFLOR MARIA,2405 ANTIGUA CIR #K1 COCONUT CREEK  FL 33066
494026AA0050,ORTIZCRISOL,2681 N FLAMINGO RD #304 S SUNRISE  FL 33323
4.84206E+11,ORZECHCONSTANCE J GOLDMAN,5305 FLAMINGO PL COCONUT CREEK  FL 33073
494026AA0570,OSMAN MOHAMEDHUSSEIN K,2681 N FLAMINGO RD #1002S SUNRISE  FL 33323
494026AA1240,OSORNOFREDDY,2681 N FLAMINGO RD #1905S SUNRISE  FL 33323
494026AA0510,OSPINAORLANDO & NORA,2681 N FLAMINGO RD #904 S SUNRISE  FL 33323
494026AA2660,OSTAICOECHEACARLOTA E G DE,2641 N FLAMINGO RD #1106N SUNRISE  FL 33323
4.74135E+11,OSTROWSKYFLOYD & JANINE ,7182 NW 77 PL PARKLAND  FL 33067
4.84206E+11,OSTRUMJESSE & FLORENCE E,5531 LAKE TERN CT COCONUT CREEK  FL 33073
494026AA3940,OTEROROBERT LOUIS ,2641 N FLAMINGO RD #TH6 N SUNRISE  FL 33323
494026AA0330,OURASHEILA,2681 N FLAMINGO RD #702 S SUNRISE  FL 33323
4.94128E+11,OVALLEFLOR,2460 NW 82 WAY SUNRISE  FL 33322
4.84206E+11,OWENSRICHARD & IDALIA,5325 FLAMINGO PL COCONUT CREEK  FL 33073
494230AG0150,OWENSRUTHIE L,2811 SOMERSET DR #115 LAUDERDALE LAKES  FL 33311
494202BH0370,PACARA LLC,1005 S FLAGLER AVE #817 POMPANO BEACH  FL 33060
484135MB0020,PACEFLORINDO H/E,651 NW 80 TER #102 MARGATE  FL 33063
4.94117E+11,PACHECODAVID H/E,5435 NW 90 TER SUNRISE  FL 33351
4.94212E+11,PACHECOFLORENCIO R & JENNY C,5750 NE 18 TER FORT LAUDERDALE  FL 33308
494026AA3610,PADILLAJONATHAN & YARELIS,2641 N FLAMINGO RD #2405N SUNRISE  FL 33323
4.74331E+11,PAEZFLORENTINO JIMENEZ,340 NW 1 AVE DEERFIELD BEACH  FL 33441
4.9411E+11,PALACIOFLORINIO P,8381 S CORAL CIR NORTH LAUDERDALE  FL 33068
4.94102E+11,PALACIOFREDDY,7802 SW 7 CT NORTH LAUDERDALE  FL 33068
4.94206E+11,PALACIOFREDDY,5160 SW 7 ST MARGATE  FL 33068
4.94136E+11,PALACIOFREDDY ,4710 NW 12 ST LAUDERHILL  FL 33313
494026AA2080,PALACIOSANA PATRICIA,2641 N FLAMINGO RD #403 N SUNRISE  FL 33323
484331AJ0090,PALERMOFLORENCE JOSEPHINE,301 N OCEAN BLVD #201 POMPANO BEACH  FL 33062
4.84129E+11,PALMAIVAN ROBERT & FLORA INDIRA,11511 NW 18 MNR CORAL SPRINGS  FL 33071
494026AA3630,PALMERALEX G,2641 N FLAMINGO RD #2407N SUNRISE  FL 33323
4.84124E+11,PALMERNIMOY H/E,3097 CARYSFORT LN MARGATE  FL 33063
494202BD0650,PANTUSOANTHONY H/E,1145 S FLAGLER AVE #505 POMPANO BEACH  FL 33060
494026AA3030,PANZERIMICHAEL,2641 N FLAMINGO RD #1703N SUNRISE  FL 33323
4.84114E+11,PARASRAMHOMCHAND & FLORENCE,7516 NW 42 ST CORAL SPRINGS  FL 33065
4.84126E+11,PARISIENPLAISIMOND H/E,2121 NW 76 AVE MARGATE  FL 33063
494026AA3760,PARKTAE WOOK,2641 N FLAMINGO RD #2604N SUNRISE  FL 33323
4.84132E+11,PARKINSON-FLORESA J,332 NW 107 TER CORAL SPRINGS  FL 33071
494026AA0830,PARRAGILBERTO,2681 N FLAMINGO RD #1404S SUNRISE  FL 33323
494026AA2680,PATELDHIRAJLAL S & INDU D,2641 N FLAMINGO RD #1108N SUNRISE  FL 33323
494202BD0230,PATTERSONS A BIERBACH,1285 S FLAGLER AVE #203 POMPANO BEACH  FL 33060
4.84126E+11,PAW THE WAY FOR VETERANS,7378 FLORES WAY MARGATE  FL 33063
4.84126E+11,PAZ CORREAGUILLERMO A,7333 FLORES WAY MARGATE  FL 33063
4.94131E+11,PEACOCKFLEETA W,1841 NW 105 AVE PLANTATION  FL 33322
494128DA0060,PEDDYRODGER CASE ,2831 SUNRISE LAKES DR E #106 SUNRISE  FL 33322
494026AA0020,PEDRO BELTRAN ROJAS INC,2681 N FLAMINGO RD #301 S SUNRISE  FL 33323
494026AA0650,PEDRO BELTRAN-ROJAS INC,2681 N FLAMINGO RD #1102S SUNRISE  FL 33323
494026AA0070,PENNINGTONISHMAEL R,2681 N FLAMINGO RD #306 S SUNRISE  FL 33323
494026AA0150,PENSCO TRUST CO LLC FBO,2681 N FLAMINGO RD #407 S SUNRISE  FL 33323
494026AA1940,PENSCO TRUST CO LLC FBO,2681 N FLAMINGO RD #TH3 S SUNRISE  FL 33323
494202BD0130,PENTAHOMES LLC,1305 S FLAGLER AVE #113 POMPANO BEACH  FL 33060
494202BD0450,PENTAHOMES LLC,1205 S FLAGLER AVE #405 POMPANO BEACH  FL 33060
494202BD0380,PERALESJAVIER,1265 S FLAGLER AVE #218 POMPANO BEACH  FL 33060
494202BD0900,PERALESJAVIER EDUARDO H/E,1225 S FLAGLER AVE #310 POMPANO BEACH  FL 33060
4.84214E+11,PERALESRUBEN & FLOR ESTELLA,289 NE 45 ST DEERFIELD BEACH  FL 33064
4.84224E+11,PEREIRA COELHOFLAVIA,1120 NE 23 PL POMPANO BEACH  FL 33064
4.84126E+11,PEREIRADUANE H/E,7758 NW 21 ST MARGATE  FL 33063
4.84306E+11,PEREIRAFLAVIA FERNANDES,1008 SE 5 ST DEERFIELD BEACH  FL 33441
4.84215E+11,PEREZ FRANGOSFLAVIA C,4360 VELEIROS AVE DEERFIELD BEACH  FL 33064
494116AC1570,PEREZ FRANGOSFLAVIA CRISTINA,7860 NW 50 ST #203 LAUDERHILL  FL 33351
4.94127E+11,PEREZANDERSON D BAEZ,6680 NW 24 CT SUNRISE  FL 33313
494026AA0440,PEREZARLIE,2681 N FLAMINGO RD #805 S SUNRISE  FL 33323
494105CB0180,PEREZMANUEL F,9539 WELDON CIR #F203 TAMARAC  FL 33321
494026AA0200,PEREZVIANKA,2681 N FLAMINGO RD #505 S SUNRISE  FL 33323
4.8411E+11,PEREZVICTOR M & FLORENTINA,8528 NW 50 DR CORAL SPRINGS  FL 33067
4.94105E+11,PERKINSFLORIK,8901 NW 70 CT TAMARAC  FL 33321
4.84132E+11,PERRYCLIFFORD,11176 NW 1 PL CORAL SPRINGS  FL 33071
494026AA3720,PERSADTRISHA K,2641 N FLAMINGO RD #2508N SUNRISE  FL 33323
494026AA1810,PETEROSFRANNEL & JEAN,2681 N FLAMINGO RD #2606S SUNRISE  FL 33323
4.84215E+11,PETERSONFLOYD D EST,4161 NW 9 AVE #1 DEERFIELD BEACH  FL 33064
4.84235E+11,PETIT-JEANFLORENCE,461 NW 7 TER POMPANO BEACH  FL 33060
484231AH0610,PETITFLORENCE,5511 LAKESIDE DR #206 MARGATE  FL 33063
4.94127E+11,PETTINGERROBERT H & FLORENCE T,2651 E ARAGON BLVD #2 SUNRISE  FL 33313
494026AA0910,PG INVESTMENTS ENTERPRISES INC,2681 N FLAMINGO RD #1504S SUNRISE  FL 33323
494026AA1170,PGK INVESTMENTS LLC,2681 N FLAMINGO RD #1806S SUNRISE  FL 33323
4.84126E+11,PHAMHONG VAN ,7330 FLORES WAY MARGATE  FL 33063
4.84133E+11,PHANORDFLAUVELT,10350 NW 7 ST CORAL SPRINGS  FL 33071
4.94024E+11,PHANORDFLAUVELT,11761 NW 33 ST SUNRISE  FL 33323
484219BK0020,PHILIPFLASH,3483 COCOPLUM CIR #3442 COCONUT CREEK  FL 33063
494026AA0670,PI HOUSE LLC,2681 N FLAMINGO RD #1104S SUNRISE  FL 33323
4.84124E+11,PIERRE-PAULROBERT,3125 VISTA DEL MAR MARGATE  FL 33063
494110AK0430,PIERREEMMANUEL,8240 SW 24 ST #5101 NORTH LAUDERDALE  FL 33068
4.84135E+11,PIERREFLEUCILIA,1175 N ROCK ISLAND RD MARGATE  FL 33063
4.84212E+11,PIERREFLORENCE,1030 SW 14 ST DEERFIELD BEACH  FL 33441
4.94206E+11,PIERREFRANCIUS & RITA,5180 SW 10 CT MARGATE  FL 33068
494026AA3320,PIERREJUDE,2641 N FLAMINGO RD #2008N SUNRISE  FL 33323
494136DA0380,PIERRELUC,4047 NW 16 ST #405 LAUDERHILL  FL 33313
494026AA0490,PILARTEEMMA ,2681 N FLAMINGO RD #902 S SUNRISE  FL 33323
494129GA0300,PIMSFLORENCE ,9301 SUNRISE LAKES BLVD #310 SUNRISE  FL 33322
494202BH0240,PINGA PROPERTIES LLC,1025 S FLAGLER AVE #804 POMPANO BEACH  FL 33060
494111AC0890,PINILLOSMARIA ELENA H/E,6300 NW 62 ST #205 TAMARAC  FL 33319
494202BD0820,PINNEY-MILLSPAMELA R,1245 S FLAGLER AVE #302 POMPANO BEACH  FL 33060
494205HJ0030,PIRLEADIANA D,4145 CYPRESS REACH CT #103 POMPANO BEACH  FL 33069
4.8413E+11,PITIRICIUFLORIN & MARIANA,1461 NW 127 WAY CORAL SPRINGS  FL 33071
4.94235E+11,PJRM BUILDING LLC,1222 N FLAGLER DR FORT LAUDERDALE  FL 33304
494026AA1560,PL&PG INVESTMENTS LLC,2681 N FLAMINGO RD #2305S SUNRISE  FL 33323
4.94119E+11,PLANCHERFLORE,10645 LAGO WELLEBY DR SUNRISE  FL 33351
484202AH0030,PLAUTFLORENCE ,1071 BERKSHIRE E DEERFIELD BEACH  FL 33442
484202A10210,PLAUTFLORENCE & MENACHEM ,2141 CAMBRIDGE G DEERFIELD BEACH  FL 33442
4.84224E+11,PLUVIOSE-ADETANISHA H/E,2933 NE 12 TER POMPANO BEACH  FL 33064
4.84226E+11,POGNONDONALD,1511 NW 7 LN POMPANO BEACH  FL 33060
494026AA2220,POITIERJONIKA,2641 N FLAMINGO RD #602 N SUNRISE  FL 33323
494026AA2820,POLANCOJASON,2641 N FLAMINGO RD #1406N SUNRISE  FL 33323
4.84236E+11,POMPANO BEACH COMMUNITY,N FLAGLER AVE POMPANO BEACH  FL 33060
4.84134E+11,PONCIALFLAVIE D,563 NW 87 LN CORAL SPRINGS  FL 33071
494026AA0920,PORTAKALI GROVES LLC,2681 N FLAMINGO RD #1505S SUNRISE  FL 33323
494026AA3160,POWELLDOROTHY,2641 N FLAMINGO RD #1808N SUNRISE  FL 33323
484203A90220,POWELLEARL & FLORINE,246 NEWPORT O DEERFIELD BEACH  FL 33442
4.94116E+11,POWELLFLOURETTE M H/E,8500 NW 49 ST LAUDERHILL  FL 33351
4.84235E+11,POWER AND PLAY WAREHOUSE INC,550 N FLAGLER ST POMPANO BEACH  FL 33060
4.94133E+11,POWERSFLORENCE ,7856 NW 11 PL PLANTATION  FL 33322
494026AA3450,PRADOMILAGROS V & SANDRO M,2641 N FLAMINGO RD #2205N SUNRISE  FL 33323
494203AG1800,PRADOROSA GRACIELA  H/E,2112 S CYPRESS BEND DR #904 POMPANO BEACH  FL 33069
494213BC0220,PREGOFLAVIO,5495 NE 25 AVE #500 FORT LAUDERDALE  FL 33308
494202BD0190,PREMIUM COASTAL INVESTMENTS,1305 S FLAGLER AVE #119 POMPANO BEACH  FL 33060
494026AA1410,PRIEDEANGEL C,2681 N FLAMINGO RD #2106S SUNRISE  FL 33323
484134BC1590,PRIETOFLORENCIA,805 RIVERSIDE DR #1122 CORAL SPRINGS  FL 33071
494129JJ0200,PRINCIPE PENELLAFLAVIO,9400 SUNRISE LAKES BLVD #208 SUNRISE  FL 33322
494134BB0220,PRINGLEBRIAN D,7450 NW 17 ST #302 PLANTATION  FL 33313
494026AA3190,PROFITTO PARTNERS LLC,2641 N FLAMINGO RD #1903N SUNRISE  FL 33323
494026AA1110,PROPERTYGURU LLC,2681 N FLAMINGO RD #1708S SUNRISE  FL 33323
494026AA3250,PROPERTYGURU LLC,2641 N FLAMINGO RD #2001N SUNRISE  FL 33323
4.84134E+11,PROVINCEKETIANA,662 NW 88 DR CORAL SPRINGS  FL 33071
4940251P0060,PUBLIC LAND,FLAMINGO RD PLANTATION  FL 33323
4.94036E+11,PUBLIC LAND,FLAMINGO RD PLANTATION  FL 33323
4.94202E+11,PUBLIC LAND,S FLAGLER AVE POMPANO BEACH  FL 33060
4.94202E+11,PUBLIC LAND,S FLAGLER AVE POMPANO BEACH  FL 33060
4.94235E+11,PUBLIC LAND,N FLAGLER DR FORT LAUDERDALE  FL 33304
4.94235E+11,PUBLIC LAND,N FLAGLER DR FORT LAUDERDALE  FL 33304
4.94235E+11,PUBLIC LAND,N FLAGLER DR FORT LAUDERDALE  FL 33301
4.94023E+11,PUBLIC LAND % CITY OF SUNRISE,N FLAMINGO RD SUNRISE  FL 33323
4.94024E+11,PUBLIC LAND % CITY OF SUNRISE,FLAMINGO RD SUNRISE  FL 33323
4.94026E+11,PUBLIC LAND % CITY OF SUNRISE,N FLAMINGO RD SUNRISE  FL 33323
494026AA2670,PULIDOMARGARITA,2641 N FLAMINGO RD #1107N SUNRISE  FL 33323
494026AA3870,PULIDORICHARD,2641 N FLAMINGO RD #2707N SUNRISE  FL 33323
494127BC0770,PUMAFLORENCE ,3000 SUNRISE LAKES DR E #405 SUNRISE  FL 33322
494026AA1220,PUVA LLC,2681 N FLAMINGO RD #1903S SUNRISE  FL 33323
494026AA1260,PYCOCLAUDIA MERCEDES,2681 N FLAMINGO RD #1907S SUNRISE  FL 33323
4.84233E+11,QTR INVESTMENTS OF SOUTH,2701 NW 1 ST #1-4 POMPANO BEACH  FL 33069
484308AN0040,QUADROZZIPATRICK,1228 HILLSBORO MILE #104 HILLSBORO BEACH  FL 33062
4.94111E+11,QUEZADAJOEL H/E,6000 WOODLAND POINT DR TAMARAC  FL 33319
4.74135E+11,QUINTEROFLOR A G & OMAR,7353 KNIGHT ST PARKLAND  FL 33067
494026AA2500,R & G SERVICIOS DE SEGURIDAD,2641 N FLAMINGO RD #906 N SUNRISE  FL 33323
494026AA2970,R & G SERVICIOS DE SEGURIDAD,2641 N FLAMINGO RD #1605N SUNRISE  FL 33323
494026AA3480,R & G SERVICIOS DE SEGURIDAD,2641 N FLAMINGO RD #2208N SUNRISE  FL 33323
494026AA3520,RABEITHAYER M,2641 N FLAMINGO RD #2304N SUNRISE  FL 33323
494202BD0720,RABYSUAD ,1125 S FLAGLER AVE #512 POMPANO BEACH  FL 33060
4.84206E+11,RAIDERWESLEY & JAMIE,5301 FLAMINGO PL COCONUT CREEK  FL 33073
494202BH0120,RAIF BEY 1927 LLC,1045 S FLAGLER AVE #712 POMPANO BEACH  FL 33060
484229CJ0310,RAIHLFLORENCE,3005 PORTOFINO ISLE #C3 COCONUT CREEK  FL 33066
494026AA1320,RAMIREZALBERTO,2681 N FLAMINGO RD #2005S SUNRISE  FL 33323
4.94136E+11,RAMIREZALEXANDRA I,4750 NW 18 ST LAUDERHILL  FL 33313
494026AA2510,RAMIREZCAROLINA,2641 N FLAMINGO RD #907 N SUNRISE  FL 33323
4.84136E+11,RAMIREZFLAVIA,6540 NW 3 ST MARGATE  FL 33063
4.94219E+11,RAMIREZFLORA MARIA,3990 NW 34 AVE LAUDERDALE LAKES  FL 33317
494026AA1870,RAMIREZJOSE L & RENATE E,2681 N FLAMINGO RD #2704S SUNRISE  FL 33323
4.84233E+11,RAMOROBICHRISTINA,2941 NW 8 ST POMPANO BEACH  FL 33069
4.84124E+11,RAMPAULRICARDO,6213 FLORES DEL MAR MARGATE  FL 33063
4.84116E+11,RAMSARANRAHLYM & SONJA H/E,3720 NW 103 AVE CORAL SPRINGS  FL 33065
4.84206E+11,RANDFLORENCE J ,5015 IBIS CT COCONUT CREEK  FL 33073
4.84228E+11,RAPHAELALENA NATASHA H/E,2349 NW 34 WAY COCONUT CREEK  FL 33066
4.94128E+11,RAYMONDELIDIEU &,8480 NW 24 PL SUNRISE  FL 33322
4.94124E+11,RAYSONFLOY,5039 NW 42 ST LAUDERDALE LAKES  FL 33319
494026AA3930,REAL ESTATE INVESTORS FIRM INC,2641 N FLAMINGO RD #TH5 N SUNRISE  FL 33323
494202BH0220,REBECCA RENTAL LLC,1025 S FLAGLER AVE #802 POMPANO BEACH  FL 33060
484330BD1500,REBELOFLORICA,2860 NE 14 ST #308D POMPANO BEACH  FL 33062
4.84236E+11,REBELOSERGIO & FLORICA,500 NE 3 ST POMPANO BEACH  FL 33060
494026AA2050,REHMATULLAHSHAKIR,2641 N FLAMINGO RD #307 N SUNRISE  FL 33323
494026AA2100,REHMATULLAHSHAKIR,2641 N FLAMINGO RD #405 N SUNRISE  FL 33323
4.84123E+11,REIDFLOYDIAN G & EVERTON DAMION,6995 NW 29 CT MARGATE  FL 33063
484113AA1030,REMIGIOFLAVIO JOSE,6360 W SAMPLE RD #6360 CORAL SPRINGS  FL 33067
4.94231E+11,REMYFLORIAN H/E,3400 NW 18 PL LAUDERHILL  FL 33311
4.94103E+11,RESTREPOGLORIA,7513 NW 69 AVE TAMARAC  FL 33321
4.94101E+11,REYESRAQUEL H/E,6288 BLVD OF CHAMPIONS NORTH LAUDERDALE  FL 33068
494202BH0160,RHYNO TT LLC,1045 S FLAGLER AVE #716 POMPANO BEACH  FL 33060
494202BH0290,RHYNO TT LLC,1005 S FLAGLER AVE #809 POMPANO BEACH  FL 33060
4.9423E+11,RICHARDRONEL H/E,3811 NW 27 CT LAUDERDALE LAKES  FL 33311
494122BC0280,RICHARDSFLOYD,3771 ENVIRON BLVD #351 LAUDERHILL  FL 33319
4.74132E+11,RICHMOND AMERICAN HOMES OF,N PINE ISLAND RD PARKLAND  FL 33076
4.74132E+11,RICHMOND AMERICAN HOMES OF,N PINE ISLAND RD PARKLAND  FL 33076
4.74132E+11,RICHMOND AMERICAN HOMES OF,N PINE ISLAND RD PARKLAND  FL 33076
4.74132E+11,RICHMOND AMERICAN HOMES OF,N PINE ISLAND RD PARKLAND  FL 33076
494026AA3600,RICHPORT PROPERTIES LLC,2641 N FLAMINGO RD #2404N SUNRISE  FL 33323
4.9411E+11,RICKETTSFLORENCE,8107 SW 19 ST NORTH LAUDERDALE  FL 33068
494026AA0160,RIERAMIRIAM CRISTINA,2681 N FLAMINGO RD #501 S SUNRISE  FL 33323
4.84201E+11,RILEYJEANETTE WILLIAMS &,313 SW 1 TER DEERFIELD BEACH  FL 33441
4.84224E+11,RITTERFLORENCE M,1559 NE 30 ST POMPANO BEACH  FL 33064
494026AA3500,RIVASFRANCISO JAVIER,2641 N FLAMINGO RD #2302N SUNRISE  FL 33323
494026AA3680,RIVERA BERDECIACRISTOBAL,2641 N FLAMINGO RD #2504N SUNRISE  FL 33323
494026AA0960,RIVERA CASTILLOROBERTO RAFAEL,2681 N FLAMINGO RD #1601S SUNRISE  FL 33323
494026AA0700,RIVERA FLORESJUAN MANUEL,2681 N FLAMINGO RD #1107S SUNRISE  FL 33323
494026AA3460,RIVERAMICHEL L TORRES,2641 N FLAMINGO RD #2206N SUNRISE  FL 33323
494026AA2850,RIVERO ALVAREZDELIANNYS A,2641 N FLAMINGO RD #1501N SUNRISE  FL 33323
484201BA0140,RIVEROS FLOREZNATALIE,610 TRACE CIR #206 DEERFIELD BEACH  FL 33441
494026AA1020,RIZIK YEBRAUL ANTONIO,2681 N FLAMINGO RD #1607S SUNRISE  FL 33323
494026AA1840,RNA PROPERTIES LLC,2681 N FLAMINGO RD #2701S SUNRISE  FL 33323
4.84219E+11,ROACHEFLORENCE ,5508 PAGEANT PL #2 MARGATE  FL 33063
4.84135E+11,ROBERGEFLEURETTE,7843 NW 1 ST MARGATE  FL 33063
4.94133E+11,ROBERT & SHELLEY FLAXMAN REV TR,1411 CAMPANELLI DR W PLANTATION  FL 33322
4.94235E+11,ROBERT KESHIGIAN REV TR,1223 N FLAGLER DR FORT LAUDERDALE  FL 33304
494202BD0410,ROBINSONMEAGAN ELISE,1205 S FLAGLER AVE #401 POMPANO BEACH  FL 33060
494122BC0450,ROBLES-ZANINIBEATRIZ H/E,3771 ENVIRON BLVD #546 LAUDERHILL  FL 33319
494026AA3290,ROBLESBENITO,2641 N FLAMINGO RD #2005N SUNRISE  FL 33323
494202BD0620,RODRIGUEZANTHONY J,1145 S FLAGLER AVE #502 POMPANO BEACH  FL 33060
494134AJ0780,RODRIGUEZFLAVIO A,7000 NW 17 ST #421 PLANTATION  FL 33313
494128HM0900,RODRIGUEZFLOR MARIA H/E ,2541 ARAGON BLVD #102 SUNRISE  FL 33322
494026AA2190,RODRIGUEZJAIME J & PATRICIA R,2641 N FLAMINGO RD #507 N SUNRISE  FL 33323
4.94234E+11,RODRIGUEZJOSE MANUEL,850 NW 15 ST #1-2 FORT LAUDERDALE  FL 33311
494026AA1420,ROJAS GARAYJAVIER LEONARDO,2681 N FLAMINGO RD #2107S SUNRISE  FL 33323
494202BD0100,ROKOSEDWARD & NICOLE DENISE,1305 S FLAGLER AVE #110 POMPANO BEACH  FL 33060
494204BJ0370,ROLDANFLOYD FRANCISCO,3000 S COURSE DR #407 POMPANO BEACH  FL 33069
494026AA0280,ROMANORLANDO,2681 N FLAMINGO RD #605 S SUNRISE  FL 33323
4.84106E+11,ROMELUSLEROY H/E,5737 NW 127 TER CORAL SPRINGS  FL 33076
4.94108E+11,ROMEOMAXIMILIANO,6041 NW 91 WAY #84-11 TAMARAC  FL 33321
4.74128E+11,RONALD LALLA LIV TR,9629 WATERCREST ISLE PARKLAND  FL 33076
474131AD0480,RONALD LALLA LIV TR,8239 NW 127 LN #33-F PARKLAND  FL 33076
494202BD0780,RONQUILLOJULIA,1125 S FLAGLER AVE #518 POMPANO BEACH  FL 33060
494122BM0080,ROOMESFLORENCE,3920 INVERRARY BLVD #108C LAUDERHILL  FL 33319
494202BD0010,ROONEYTRACEY M,1325 S FLAGLER AVE #101 POMPANO BEACH  FL 33060
484211AA0680,ROSARIOFLORALBA,2201 SW 15 ST #256 DEERFIELD BEACH  FL 33442
494206CN5070,ROSKOSGEORGE M III,507 S CORTEZ DR #507 MARGATE  FL 33068
484132AC0650,ROTEMBERG TR,11263 W ATLANTIC BLVD #301 CORAL SPRINGS  FL 33071
4.94133E+11,ROUDETFLORENCE,7660 NW 11 PL PLANTATION  FL 33322
4.84206E+11,ROUSSEAUOSCAL & ANNE,5340 FLAMINGO PL COCONUT CREEK  FL 33073
484330AA1080,ROYHAROLD,2601 NE 14 STREET CSWY #524 POMPANO BEACH  FL 33062
494121BB0360,RUBY HOLDINGS OF SOUTH,7800 W OAKLAND PARK BLVD #4B33 SUNRISE  FL 33351
4.8421E+11,RUIZ RODRIGUEZORQUIDEA S,2786 SW 15 ST DEERFIELD BEACH  FL 33442
4.74129E+11,RUSFLORIN ALEXANDRU,10715 PASSAGE WAY PARKLAND  FL 33076
4.94108E+11,RUSSELLFLORENCE,6004 RED PLUM CT #480 TAMARAC  FL 33321
4.94222E+11,RUSSELLFLORENCE A EST,120 NW 39 ST OAKLAND PARK  FL 33309
4.84208E+11,RUSSELLFLOYD,5141 MEADOW OAKS DR COCONUT CREEK  FL 33073
484331BC0010,RUSSOFLOR M ,405 N OCEAN BLVD #101 POMPANO BEACH  FL 33062
494026AA0940,RUTTYADRIANA,2681 N FLAMINGO RD #1507S SUNRISE  FL 33323
484122DJ0420,RYANPATRICK MICHAEL,3183 RIVERSIDE DR #C-107 CORAL SPRINGS  FL 33065
494026AA1290,SAINT LOUISDUCARMEL,2681 N FLAMINGO RD #2002S SUNRISE  FL 33323
4.94101E+11,SAINTVALLEONIE H/E,6460 SW 8 ST NORTH LAUDERDALE  FL 33068
4.94112E+11,SAINVILCALEB,1721 SW 65 AVE NORTH LAUDERDALE  FL 33068
494026AA0970,SALAZARDAVID,2681 N FLAMINGO RD #1602S SUNRISE  FL 33323
484116AM0050,SALAZARFLAVIO,3676 N UNIVERSITY DR #E-3 CORAL SPRINGS  FL 33065
4.9411E+11,SALCEDOHUMBERTO & FLOR MARIA,5721 NW 64 TER TAMARAC  FL 33321
4.94103E+11,SALISBURYMICHAEL C,8000 NW 66 TER TAMARAC  FL 33321
4.84206E+11,SALKEUGENE & NAIRA,5322 FLAMINGO CT COCONUT CREEK  FL 33073
494130GC0070,SALMON CASTRORICHARD,10434 SUNRISE LAKES BLVD #107 SUNRISE  FL 33322
4.94219E+11,SALOMONFRANCOISE H/E,3521 NW 33 TER LAUDERDALE LAKES  FL 33309
4.84206E+11,SAMMOURSAMI & MARION D,6513 FLAMINGO LN COCONUT CREEK  FL 33073
494026AA0250,SAMPAYOANAMARIA,2681 N FLAMINGO RD #602 S SUNRISE  FL 33323
494026AA0470,SANCHEZ BARBOZALUISA AMALIA ,2681 N FLAMINGO RD #808 S SUNRISE  FL 33323
494026AA1680,SANCHEZ FERNANDEZGUSTAVO A ,2681 N FLAMINGO RD #2501S SUNRISE  FL 33323
494026AA3080,SANCHEZ ROSADOMARIELA ODALISSE,2641 N FLAMINGO RD #1708N SUNRISE  FL 33323
4.74233E+11,SANITATEFLORINE H/E,450 NW 47 AVE DEERFIELD BEACH  FL 33442
484126HB0210,SANKOWSKA-SASUBOZENA,1200 NW 80 AVE #401A MARGATE  FL 33063
484126HB0220,SANKOWSKA-SASUBOZENA,1200 NW 80 AVE #402A MARGATE  FL 33063
484203K90400,SANTANAFLORENTINO C & YRSA O ,3008 VENTNOR G DEERFIELD BEACH  FL 33442
4.84215E+11,SANTOSDIEGO DE PAIVA,4330 LAGO DR DEERFIELD BEACH  FL 33064
494108BA0700,SARBUPETRU DAN H/E,9301 LIME BAY BLVD #215 TAMARAC  FL 33321
4.84206E+11,SARNACHANDINI,6501 FLAMINGO LN COCONUT CREEK  FL 33073
494202BE0080,SARTORI PROPERTIES LLC,1105 S FLAGLER AVE #608 POMPANO BEACH  FL 33060
494026AA0990,SASSICLAUDIO,2681 N FLAMINGO RD #1604S SUNRISE  FL 33323
494204HE1930,SASUFLAVIU,2815 N COURSE DR #201 POMPANO BEACH  FL 33069
494122CK0020,SAVITZFLORENCE EST,7100 RADICE CT #102 LAUDERHILL  FL 33319
484135GB0010,SCAVELLIFLORENCE EST,7605 NW 4 PL #101 MARGATE  FL 33063
494026AA3380,SCHACHTMANJANE ,2641 N FLAMINGO RD #2106N SUNRISE  FL 33323
494026AA2480,SCHAETZLERPETER,2641 N FLAMINGO RD #904 N SUNRISE  FL 33323
484135B60120,SCHEIERFLOYD & CAROLE,481 NW 76 AVE #204 MARGATE  FL 33063
484203A50720,SCHERFLORA ,4012 ISLEWOOD D DEERFIELD BEACH  FL 33442
484330AN1130,SCHILLERFLETCHER H,2880 NE 14 ST #1004 POMPANO BEACH  FL 33062
484202GA0330,SCHIPPERFLORENCE ,2015 FARNHAM N DEERFIELD BEACH  FL 33442
4.94105E+11,SCHMIDTFLORENCE T,6902 NW 89 AVE TAMARAC  FL 33321
494202BD0470,SCHODERIRENE,1205 S FLAGLER AVE #407 POMPANO BEACH  FL 33060
4.94105E+11,SCHWARTZFLORENCE H,8783 NW 75 CT TAMARAC  FL 33321
494026AA0180,SCHWARTZJESSICA H/E,2681 N FLAMINGO RD #503 S SUNRISE  FL 33323
484203C20090,SCHWARZGAIL H/E,1068 OAKRIDGE F DEERFIELD BEACH  FL 33442
4.94133E+11,SCOTTFLORA M ,7940 NW 11 CT PLANTATION  FL 33322
4.9411E+11,SEBASTIAOLIBORIO & FLORBELA,8231 S CORAL CIR NORTH LAUDERDALE  FL 33068
4.94215E+11,SEGURAFLORENCIO U H/E,5249 NE 2 TER OAKLAND PARK  FL 33334
494202BD0870,SEIGHMANKATHLEEN M,1245 S FLAGLER AVE #307 POMPANO BEACH  FL 33060
494026AA1090,SELAHTIME LLC,2681 N FLAMINGO RD #1706S SUNRISE  FL 33323
494106KS0180,SELLARSFLORA,7775 SOUTHAMPTON TER #203 TAMARAC  FL 33321
4.84107E+11,SERRAMARIA LAURA,12260 NW 48 DR CORAL SPRINGS  FL 33076
4.94126E+11,SERRANOGERARDO,2200 NW 60 AVE SUNRISE  FL 33313
494026AA1000,SETIENJOSE,2681 N FLAMINGO RD #1605S SUNRISE  FL 33323
494026AA2090,SFP GROUP INT CORP,2641 N FLAMINGO RD #404 N SUNRISE  FL 33323
494026AA1630,SHAIKHNABILA,2681 N FLAMINGO RD #2404S SUNRISE  FL 33323
4.84201E+11,SHAPIROFLOR ANGELA,2816 SW NATURA BLVD #A DEERFIELD BEACH  FL 33441
4.94201E+11,SHARPFLORENCE KENDALL,121 SE 8 ST POMPANO BEACH  FL 33060
4.9423E+11,SHARPECLINTON A,2365 NW 37 AVE LAUDERDALE LAKES  FL 33311
494130DC0200,SHARPEFLORIDELIA,10444 NW 30 CT #209 SUNRISE  FL 33322
494026AA1990,SHENKOIRINA,2641 N FLAMINGO RD #301 N SUNRISE  FL 33323
494202BH0400,SHERT PROPERTIES LLC,1005 S FLAGLER AVE #820 POMPANO BEACH  FL 33060
494026AA1830,SHINSANG HO,2681 N FLAMINGO RD #2608S SUNRISE  FL 33323
494202BD0990,SHRIKINOFAR,1225 S FLAGLER AVE #319 POMPANO BEACH  FL 33060
494026AA2720,SHUMHIN PONG,2641 N FLAMINGO RD #1204N SUNRISE  FL 33323
494026AA1880,SIBIA GROUP INC,2681 N FLAMINGO RD #2705S SUNRISE  FL 33323
4.94201E+11,SILLON-IYESCASFLORENCE,130 SE 8 ST POMPANO BEACH  FL 33060
484306DB0540,SILVAFLAVIA F,737 SE 1 WAY #304 DEERFIELD BEACH  FL 33441
494026AA2730,SILVASERGIO C & FERNANDA C,2641 N FLAMINGO RD #1205N SUNRISE  FL 33323
4.94132E+11,SILVERBERGJEROME R & FLEDA C,1742 NW 91 AVE PLANTATION  FL 33322
4.84206E+11,SILVERMANARTHUR & LYNN,5320 FLAMINGO PL COCONUT CREEK  FL 33073
494026AA2360,SILVERSTEINGARY,2641 N FLAMINGO RD #708 N SUNRISE  FL 33323
4.84209E+11,SIMMONSCHRISTOPHER CHARLES JR,1439 SW 45 WAY DEERFIELD BEACH  FL 33442
4.84121E+11,SIMONFLOYD,9515 NW 24 CT CORAL SPRINGS  FL 33065
494026AA3840,SIMONFLOYD,2641 N FLAMINGO RD #2704N SUNRISE  FL 33323
4.84206E+11,SIMPSONJOHN E D,5343 FLAMINGO CT COCONUT CREEK  FL 33073
494202BD0750,SIMPSONKIRSTY LOUISE,1125 S FLAGLER AVE #515 POMPANO BEACH  FL 33060
4.94219E+11,SIMSTIFFANY,3415 NW 32 ST LAUDERDALE LAKES  FL 33309
4.94216E+11,SINECHRISMENE H/E,4811 NW 9 TER FORT LAUDERDALE  FL 33309
494129A90130,SKLARFLORENCE,9881 SUNRISE LAKES BLVD #201 SUNRISE  FL 33322
4.94219E+11,SKYERSFLORET C ,3540 NW 39 AVE LAUDERDALE LAKES  FL 33309
494026AA0550,SLIA USA 5 LLC,2681 N FLAMINGO RD #908 S SUNRISE  FL 33323
494026AA1270,SMART INVESTMENT VCC LLC,2681 N FLAMINGO RD #1908S SUNRISE  FL 33323
4.94207E+11,SMITHFLORENTA CLAUDIA,6141 NW 34 WAY FORT LAUDERDALE  FL 33309
4.84126E+11,SMITHSHELLEY ,7365 FLORES WAY MARGATE  FL 33063
494026AA0230,SOARESLUCIANA A,2681 N FLAMINGO RD #508 S SUNRISE  FL 33323
494026AA3130,SOCIETE BANIL INC,2641 N FLAMINGO RD #1805N SUNRISE  FL 33323
4.84206E+11,SOFFEREITAN,5350 FLAMINGO CT COCONUT CREEK  FL 33073
494202BD0960,SOL VITAL LLC,1225 S FLAGLER AVE #316 POMPANO BEACH  FL 33060
494026AA1160,SOLINES SOLUCIONES CORP,2681 N FLAMINGO RD #1805S SUNRISE  FL 33323
494204GH0820,SOLOMONFLORENCE ,575 OAKS LN #902 POMPANO BEACH  FL 33069
484212AA0350,SOLORZANOSANDRA MARIA,1333 S DIXIE HWY #211 DEERFIELD BEACH  FL 33441
484122BD0220,SORIAFLOR DE MARIA,3058 RIVERSIDE DR #3-D CORAL SPRINGS  FL 33065
494224CJ0180,SORRENTINOPETER & FLORENCE,4848 NE 23 AVE #8B FORT LAUDERDALE  FL 33308
4.84208E+11,SOSARUBEN,3765 WOODFIELD CT COCONUT CREEK  FL 33073
484135JD0020,SOUSAANTONIO & FLORINE,601 NW 77 AVE #102 MARGATE  FL 33063
4.94026E+11,SOUTH ATLANTIC FLAMINGO LLC,1865 N FLAMINGO RD SUNRISE  FL 33323
4940252B0020,SOUTH FLORIDA HOLDINGS LLC &,11901 W SUNRISE BLVD PLANTATION  FL 33323
494026AA1950,SPENCEAKEEM ,2681 N FLAMINGO RD #TH4 S SUNRISE  FL 33323
4.94234E+11,SPRINGER GALARZA 1309 NE 5 AVE,1309 NE 5 AVE FORT LAUDERDALE  FL 33304
4.84213E+11,ST GEORGEANNE MARIE H/E,740 NE 45 CT DEERFIELD BEACH  FL 33064
4.8412E+11,ST LAURENTFLORENCE H/E,3122 NW 114 AVE CORAL SPRINGS  FL 33065
4.94234E+11,ST LOUISFLORVIL,825 NE 11 ST FORT LAUDERDALE  FL 33304
494129GM0040,STACOFLORENCE,9241 SUNRISE LAKES BLVD #104 SUNRISE  FL 33322
494106BM0280,STANLEYFLORENCE V,9348 S BELFORT CIR #116 TAMARAC  FL 33321
494026AA3620,STEELELUCIEN,2641 N FLAMINGO RD #2406N SUNRISE  FL 33323
484305AD0780,STEFFENKAREN A & FLORIAN,333 NE 21 AVE #902 DEERFIELD BEACH  FL 33441
4.94105E+11,STEINBERGERIC,8408 NW 78 CT TAMARAC  FL 33321
4.94101E+11,STEPHENSHOWARD H H/E,6806 MERION PL NORTH LAUDERDALE  FL 33068
494123BJ0930,STEPHENSONFLORA ,6001 N FALLS CIRCLE DR #311 LAUDERHILL  FL 33319
494026AA2460,STOHLANTOINETTE,2641 N FLAMINGO RD #902 N SUNRISE  FL 33323
494106BK0320,STONEFLORENCE,9418 S BELFORT CIR #216 TAMARAC  FL 33321
4.84107E+11,STRADIOTTIMAURICIO R & FLAVIA E,5041 NW 121 DR CORAL SPRINGS  FL 33076
4.84206E+11,STRICKLANDFLAVIANE A H/E,5821 EAGLE CAY LN COCONUT CREEK  FL 33073
494026AA3790,STRICKLINLYNN ROBERT,2641 N FLAMINGO RD #2607N SUNRISE  FL 33323
494026AA0420,STURBAVANESA A,2681 N FLAMINGO RD #803 S SUNRISE  FL 33323
4.84126E+11,SUNDARAMKARTHIK,7317 FLORES WAY MARGATE  FL 33063
494026AA2740,SUNRISE INTERNATIONAL,2641 N FLAMINGO RD #1206N SUNRISE  FL 33323
494026AA3110,SUNRISE INTERNATIONAL,2641 N FLAMINGO RD #1803N SUNRISE  FL 33323
494026AA3180,SUPRA MASTER SOLUTIONS LLC,2641 N FLAMINGO RD #1902N SUNRISE  FL 33323
4.94215E+11,SUPRICEJEAN R H/E,537 NW 46 ST OAKLAND PARK  FL 33309
494026AA2260,SUSHAPRI LLC,2641 N FLAMINGO RD #606 N SUNRISE  FL 33323
4.94026E+11,SVAIGHERTSIMION & FLORICA E,11761 NW 25 ST PLANTATION  FL 33323
4.94112E+11,SYLVESTRERODRIGUE,6700 SW 18 CT #1-2 NORTH LAUDERDALE  FL 33068
494026AA3650,TALUMA FLORIDA HOLDING CORP,2641 N FLAMINGO RD #2501N SUNRISE  FL 33323
494026AA2860,TANGSHIJIE,2641 N FLAMINGO RD #1502N SUNRISE  FL 33323
4.94225E+11,TANNERFLAVIA & MARC L,1920 NE 22 TER FORT LAUDERDALE  FL 33305
4.94035E+11,TANNERFLORENCE,1368 NW 126 AVE SUNRISE  FL 33323
494026AA0100,TAO 402 LLC,2681 N FLAMINGO RD #402 S SUNRISE  FL 33323
494026AA0220,TAO 507S LLC,2681 N FLAMINGO RD #507 S SUNRISE  FL 33323
494202BH0100,TARA KAI REV LIV TR,1045 S FLAGLER AVE #710 POMPANO BEACH  FL 33060
4.94225E+11,TARAVELLAJ P & FLORENCE W,NE 24 ST WILTON MANORS  FL 33305
4.84126E+11,TAVARES BARBOSAFLAVIO,7463 VISCAYA CIR MARGATE  FL 33063
494026AA3890,TAY PETER  & LETITIA,2641 N FLAMINGO RD #TH1 N SUNRISE  FL 33323
494026AA1470,TAYPETER H/E,2681 N FLAMINGO RD #2204S SUNRISE  FL 33323
4.94101E+11,TAYLORCOREY H/E,1205 SCIOTO RD NORTH LAUDERDALE  FL 33068
4.84129E+11,TAYLORFLORENCE M &,1674 NW 106 TER CORAL SPRINGS  FL 33071
4.94108E+11,TAYLORFLOYD O & YANIQUE,5741 ISLES CIR TAMARAC  FL 33321
484203HG0450,TEITELBAUMFLORENCE,3077 HARWOOD F DEERFIELD BEACH  FL 33442
4.94112E+11,TEJADARICARDO A H/E,7021 SW 19 ST NORTH LAUDERDALE  FL 33068
494202BD0740,TER MAATMERCEDES BALLBE,1125 S FLAGLER AVE #514 POMPANO BEACH  FL 33060
4.84225E+11,TERNELUSDIEULISE,621 NE 23 CT POMPANO BEACH  FL 33064
4.9412E+11,TERRIBLEJEAN ROBERT,9360 NW 39 CT SUNRISE  FL 33351
4.94224E+11,THAQIPAULA & FLORIN,4521 NE 22 RD FORT LAUDERDALE  FL 33308
494202BD0920,THASO LLC,1225 S FLAGLER AVE #312 POMPANO BEACH  FL 33060
4.94102E+11,THERMIDORELIE & FLORAMISE,7301 SW 3 CT NORTH LAUDERDALE  FL 33068
4.94233E+11,THOMASFLORA,1143 NW 17 ST FORT LAUDERDALE  FL 33311
4.94232E+11,THOMASFLOSSIE M,2319 NW 13 ST FORT LAUDERDALE  FL 33311
4.84206E+11,THOMASMICHAEL & TINA,5315 FLAMINGO CT COCONUT CREEK  FL 33073
494026AA3230,THORHAF,2641 N FLAMINGO RD #1907N SUNRISE  FL 33323
4.84206E+11,THORNBERRY FAM REV TR,6521 FLAMINGO LN COCONUT CREEK  FL 33073
4.84126E+11,THORPEBRANDAN,7325 FLORES WAY MARGATE  FL 33063
4.94202E+11,THURSTONFLOYD,830 SW 14 ST #1-2 POMPANO BEACH  FL 33060
4.84235E+11,THURSTONFLOYD E,113 NW 15 ST POMPANO BEACH  FL 33060
494026AA3000,TIGHTEN DOWN INVESTMENT,2641 N FLAMINGO RD #1608N SUNRISE  FL 33323
494026AA2280,TIGHTEN DOWN INVESTMENT GRP INC,2641 N FLAMINGO RD #608 N SUNRISE  FL 33323
4.84226E+11,TIGNERDARRELL J &,1720 NE 2 TER POMPANO BEACH  FL 33060
484122BJ0940,TORRESFLAVIA,8409 FOREST HILLS DR #306 CORAL SPRINGS  FL 33065
4.94133E+11,TORRESFLAVIA V & JOSEPH M,1220 NW 76 AVE PLANTATION  FL 33322
484201AB0310,TORRESFLOR DE MARIA H,3500 SW NATURA BLVD #307 DEERFIELD BEACH  FL 33441
4.94124E+11,TOUSSAINTEUNIDE H/E,4511 W OAKLAND PARK BLVD LAUDERDALE LAKES  FL 33313
4.94106E+11,TRACEYFLORENCE L,7024 NW 107 AVE TAMARAC  FL 33321
494026AA2690,TRAHANMICHAEL,2641 N FLAMINGO RD #1201N SUNRISE  FL 33323
4.84206E+11,TREVINOALBA L,5316 FLAMINGO PL COCONUT CREEK  FL 33073
494202BD0150,TRONCONEMONIQUE,1305 S FLAGLER AVE #115 POMPANO BEACH  FL 33060
494202BD0320,TRONCONEMONIQUE,1265 S FLAGLER AVE #212 POMPANO BEACH  FL 33060
494026AA1010,TRUJILLOJORGE,2681 N FLAMINGO RD #1606S SUNRISE  FL 33323
494026AA1300,TRUJILLOJORGE,2681 N FLAMINGO RD #2003S SUNRISE  FL 33323
494026AA1540,TRUJILLOJORGE,2681 N FLAMINGO RD #2303S SUNRISE  FL 33323
494026AA2810,TRUJILLOJORGE,2641 N FLAMINGO RD #1405N SUNRISE  FL 33323
4.84114E+11,TURNERFLORENCE,3842 WOODSIDE DR CORAL SPRINGS  FL 33065
484228CA0040,TYRRELL TECH ENTERPRISES,2400 NW 24 ST #D POMPANO BEACH  FL 33069
494026AA3150,ULRICHMAUREEN C,2641 N FLAMINGO RD #1807N SUNRISE  FL 33323
4.84226E+11,ULTIMATE PROPERTY MGMT OF SOUTH,601 NW 21 CT POMPANO BEACH  FL 33060
4.84223E+11,ULYSSENICOLSON H/E,2771 NE 2 AVE POMPANO BEACH  FL 33064
494202BD0340,USA RIVER LLC,1265 S FLAGLER AVE #214 POMPANO BEACH  FL 33060
494202BD0460,USA RIVER LLC,1205 S FLAGLER AVE #406 POMPANO BEACH  FL 33060
4.84126E+11,VA NLOOEUGENIA,7370 FLORES WAY MARGATE  FL 33063
494125GM0500,VALBRUNLEVEQUE ,4851 NW 26 CT #334 LAUDERDALE LAKES  FL 33313
4.94013E+11,VALEAYAX,4308 NW 120 LN SUNRISE  FL 33323
4.84126E+11,VALENZUELAFLAVIA & YSMAEL H/E,8090 NW 13 ST #C MARGATE  FL 33063
494202BD0850,VALLEANGEL,1245 S FLAGLER AVE #305 POMPANO BEACH  FL 33060
494205BJ0570,VALLES D GONZALEZFLOR D M ,3960 OAKS CLUBHOUSE DR #510 POMPANO BEACH  FL 33069
4.84119E+11,VALOIS GARCIAJUAN,12233 NW 30 ST CORAL SPRINGS  FL 33065
4.94225E+11,VAN DER VELDEANNE MARIE,2418 FRYER PT FORT LAUDERDALE  FL 33305
4.84318E+11,VANZILEJONATHON &,3740 NE 15 TER POMPANO BEACH  FL 33064
494026AA3210,VARGASJAVIER E GALIANO ,2641 N FLAMINGO RD #1905N SUNRISE  FL 33323
484120BG0110,VASQUEZ DE GONZALEZFLOR ALBA,11346 ROYAL PALM BLVD #11346 CORAL SPRINGS  FL 33065
4.84208E+11,VASQUEZFLOR,3604 LAKEWOOD PL COCONUT CREEK  FL 33073
4.74233E+11,VASQUEZLUIS A H/E,4127 NW 6 CT DEERFIELD BEACH  FL 33442
4.84126E+11,VASSORSHELLDYN PAOLA,7397 FLORES WAY MARGATE  FL 33063
4.84318E+11,VAZQUEZFLORA ESTHER,3780 NE 15 TER POMPANO BEACH  FL 33064
4.84206E+11,VEILLEUXCOLLEEN PATRICIA,5337 FLAMINGO PL COCONUT CREEK  FL 33073
4.94121E+11,VELASQUEZFLABIA PATRICIA,8311 FAIRWAY RD SUNRISE  FL 33351
494109CB5520,VELASQUEZFLAVIA,7925 FAIRVIEW DR #202 TAMARAC  FL 33321
4.84206E+11,VELEZALFREDO,5309 FLAMINGO PL COCONUT CREEK  FL 33073
494130AB0010,VELEZFLOR,10775 NW 29 MNR #1 SUNRISE  FL 33322
494026AA2240,VELEZSANDRA,2641 N FLAMINGO RD #604 N SUNRISE  FL 33323
4.74234E+11,VELICOFLAVIA,2603 DEER CREEK EMERALD WAY N DEERFIELD BEACH  FL 33442
494202BH0180,VENEX PROPERTIES LLC,1045 S FLAGLER AVE #718 POMPANO BEACH  FL 33060
494026AA2570,VERA'S HOLDING LLC,2641 N FLAMINGO RD #1005N SUNRISE  FL 33323
4.94116E+11,VERNONFLOYD &,8600 NW 47 ST LAUDERHILL  FL 33351
494202BH0030,VERNYJOSEPH &,1065 S FLAGLER AVE #703 POMPANO BEACH  FL 33060
4.84235E+11,VIDAL & COMPANY REAL ESTATE CORP,200 N FLAGLER AVE POMPANO BEACH  FL 33060
4.84212E+11,VIDAL OLMEDOFLORIDALIA,600 SW 14 PL DEERFIELD BEACH  FL 33441
494026AA2160,VIEJITO FELIZ INC,2641 N FLAMINGO RD #504 N SUNRISE  FL 33323
494026AA2780,VIEJITO FELIZ INC,2641 N FLAMINGO RD #1402N SUNRISE  FL 33323
4.84135E+11,VILCEVILCENE,180 SW 75 AVE MARGATE  FL 33068
494202BD1000,VILLA BAYVIEW PROPERTIES LLC,1225 S FLAGLER AVE #320 POMPANO BEACH  FL 33060
494026AA1130,VILLAJAVIER,2681 N FLAMINGO RD #1802S SUNRISE  FL 33323
4.94035E+11,VILLASEBASTIAN,1393 NW 126 WAY SUNRISE  FL 33323
4.94202E+11,VILLAGE TOWNHOUSE-POMPANO BCH,S FLAGLER AVE POMPANO BEACH  FL 33060
494026AA2830,VILLASENORMICHAEL IAN ASLOR,2641 N FLAMINGO RD #1407N SUNRISE  FL 33323
494026AA1280,VILLAVICENCIOLOURDES G & RAUL A,2681 N FLAMINGO RD #2001S SUNRISE  FL 33323
4.94136E+11,VILLEDAFLORIANO,4910 NW 12 CT LAUDERHILL  FL 33313
4.94119E+11,VILMEJEAN H/E,3736 NW 107 TER SUNRISE  FL 33351
4.94219E+11,VILSAINTFRIDA H/E,3333 NW 35 WAY LAUDERDALE LAKES  FL 33309
484203GC0080,VIRZIFLORENCE,184 MARKHAM I DEERFIELD BEACH  FL 33442
494026AA3430,VOLPEFRANCESCO,2641 N FLAMINGO RD #2203N SUNRISE  FL 33323
4.84206E+11,WAHNONMATTHEW,6503 FLAMINGO WAY COCONUT CREEK  FL 33073
494102AK0020,WALKERFLOYD,7344 SW 8 CT #2 NORTH LAUDERDALE  FL 33068
4.84121E+11,WALKERFLOYD & LOREN,10135 NW 23 CT CORAL SPRINGS  FL 33065
4.9411E+11,WALKERMICHELLE C H/E,6104 NW 73 TER TAMARAC  FL 33321
4.84216E+11,WASTE MANAGEMENT INC OF FL,FLORIDA TPKE UNINCORPORATED  FL 33073
4.84217E+11,WASTE MANAGEMENT INC OF FL,FLORIDA TPKE UNINCORPORATED  FL 33073
494129B10280,WEBERFLORENCE,9841 SUNRISE LAKES BLVD #308 SUNRISE  FL 33322
4.84127E+11,WEBERMICHAEL & FLOSSIE,8321 NW 6 CT CORAL SPRINGS  FL 33071
4.84206E+11,WEEKSWESLEY P,5313 FLAMINGO PL COCONUT CREEK  FL 33073
4.94215E+11,WEINBERGFLINT EDWARD,440 NE 51 ST OAKLAND PARK  FL 33334
4.84206E+11,WEINERMICHAEL L & ELIZABETH M,6509 FLAMINGO LN COCONUT CREEK  FL 33073
494026AA2030,WEIZMAN REAL ESTATE LLC,2641 N FLAMINGO RD #305 N SUNRISE  FL 33323
494026AA2630,WEIZMAN REAL ESTATE LLC,2641 N FLAMINGO RD #1103N SUNRISE  FL 33323
494026AA3300,WEIZMAN REAL ESTATE LLC,2641 N FLAMINGO RD #2006N SUNRISE  FL 33323
4.84126E+11,WESTBROOKFLOYD & KAREN,7709 NW 21 ST MARGATE  FL 33063
4.84235E+11,WHEELEREDISON,204 N FLAGLER AVE POMPANO BEACH  FL 33060
4.84115E+11,WHITEFLOYD D & RAJI R,9131 NW 42 CT CORAL SPRINGS  FL 33065
4.94221E+11,WHITEFLOYD JERROL JR,2020 NW 32 CT OAKLAND PARK  FL 33309
484229KB0490,WHITEJAMES H & FLORENCE R,1804 ELEUTHERA PT #G4 COCONUT CREEK  FL 33066
4.94125E+11,WHITEPAUL T & FLORIECE,2330 NW 42 AVE LAUDERHILL  FL 33313
494026AA0120,WILCHECKPETER-JONATHAN,2681 N FLAMINGO RD #404 S SUNRISE  FL 33323
4.84306E+11,WILDERH & FLORRY,181 SE 3 AVE DEERFIELD BEACH  FL 33441
4.94222E+11,WILLIAMSFLO,4348 NW 5 AVE OAKLAND PARK  FL 33309
4.94231E+11,WILLIAMSFLOYD H/E,1751 NW 35 TER LAUDERHILL  FL 33311
494202BD0880,WILLIAMSONLAVERN,1245 S FLAGLER AVE #308 POMPANO BEACH  FL 33060
494206CC0170,WILSONFLORENCE JEANNETTE,616 GARDENS DR #101 POMPANO BEACH  FL 33069
4.94115E+11,WILSONFLOYD & SHERRY,4999 NW 72 AVE LAUDERHILL  FL 33319
4.84233E+11,WILSONLAVERNE,2656 NW 6 ST POMPANO BEACH  FL 33069
494026AA2450,WINFREEJUWANN,2641 N FLAMINGO RD #901N SUNRISE  FL 33323
494106KM0460,WOLFSONFLORENCE EST,7739 SOUTHAMPTON TER #314 TAMARAC  FL 33321
494026AA3280,WONGSIU HUNG & WAI HING,2641 N FLAMINGO RD #2004N SUNRISE  FL 33323
4.84307E+11,WONNFLORENCE A H/E,1022 SE 14 DR DEERFIELD BEACH  FL 33441
494202BD0270,WYNNEMELIZABETH DAWN H/E,1285 S FLAGLER AVE #207 POMPANO BEACH  FL 33060
494026AA2340,XIOMFRED LLC,2641 N FLAMINGO RD #706 N SUNRISE  FL 33323
494202BE0180,XXI APRIL REV TR,1085 S FLAGLER AVE #618 POMPANO BEACH  FL 33060
494119AA0090,XXI CENTURY INVESTMENTS 1903,10001 WINDING LAKE RD #203 SUNRISE  FL 33351
494202BH0250,YAMPOLSKYANATOLY,1025 S FLAGLER AVE #805 POMPANO BEACH  FL 33060
4.74129E+11,YAZDANIFLORA H/E,10925 VISTA TER PARKLAND  FL 33076
494026AA1180,ZACHARIASJUSTIN,2681 N FLAMINGO RD #1807S SUNRISE  FL 33323
494026AA0460,ZADEHFARAH,2681 N FLAMINGO RD #807 S SUNRISE  FL 33323
4.84206E+11,ZAFARFAISAL & TANZINA,5354 FLAMINGO CT COCONUT CREEK  FL 33073
494026AA3900,ZAKARFADI ABELARDO ASLAM,2641 N FLAMINGO RD #TH2 N SUNRISE  FL 33323
494202BD0890,ZAMBITOSALVATORE ANTHONY,1225 S FLAGLER AVE #309 POMPANO BEACH  FL 33060
4.94229E+11,ZAPATAKELVERTH D H/E,2191 NW 30 TER FORT LAUDERDALE  FL 33311
494128BA0310,ZAPATALUIS ALFONSO MENESES,8101 SUNRISE LAKES DR N #307 SUNRISE  FL 33322
4.84319E+11,ZDANOWICZJOSEPH A,2741 NE 22 AVE LIGHTHOUSE POINT  FL 33064
4.94036E+11,ZEIHERCHRISTOPHER A &,1250 N FLAMINGO RD PLANTATION  FL 33323
494026AA2470,ZEITOUNEYVONNE ,2641 N FLAMINGO RD #903 N SUNRISE  FL 33323
4.84132E+11,ZEVALLOS-ORTIZFLOR MARIA ,11546 NW 5 ST CORAL SPRINGS  FL 33071
494202BD0140,ZUBAKDAVID ALAN,1305 S FLAGLER AVE #114 POMPANO BEACH  FL 33060
4.84126E+11,ZUNIGAFLORENTINO & MARTHA,6985 NW 11 CT MARGATE  FL 33063
494123GC0450,ZUNIGAREGULO &,4168 INVERRARY DR #411 LAUDERHILL  FL 33319
494026AA2980,ZV ROLLS INC,2641 N FLAMINGO RD #1606N SUNRISE  FL 33323
494122AG0040,ZWEIBANFLORENCE,7081 ENVIRON BLVD #141 LAUDERHILL  FL 33319
