Case Number,Type,Status,Project Name,Issued Date,Applied Date,Expiration Date,Finalized Date,Module Name,Company Name,Company Type,Address,Main Parcel,Description,DBA
BTR-23-04588,Local Business Tax Receipt,Submitted - Online,,,10/11/2023,,,License,AXTION ROOFING CONTRACTOR,Limited Liability Company (LLC),830 SW 6 ST HALLANDALE BEACH FL 33009,514228000461,roofing,
BTR-22-00617,Local Business Tax Receipt - Professionals,Void,,,9/7/2022,,,License,Kelly Roofing LLC,Limited Liability Company (LLC),400 S FEDERAL HWY HALLANDALE BEACH FL 33009,514227420010,roofing contractor,Kelly Roofing
BTR-24-07042,Local Business Tax Receipt,Pending CU,,,10/14/2024,1/1/2999,,License,M3 Roofing,Limited Liability Company (LLC),925 SW 8 ST Unit: A-D HALLANDALE BEACH FL 33009,514228030042,"roofing contractor located at 4428 sw 74 avenue, miami, fl 33155",M3 Roofing
BRFG-19-03612,Building Roofing - Shingle,Finaled,,9/4/2019,5/23/2019,3/4/2020,9/6/2019,Permit,,,308 NW 3 CT HALLANDALE BEACH FL 33009,514221110085,roofing,
2004-1407-BDRC-0,Building Roofing - Combo,CO Issued,,10/28/2004,4/13/2004,7/11/2005,1/26/2005,Permit,,,990 S FEDERAL HWY Hallandale Beach FL 33009,514227460010,roofing,
2007-2159-NBRR-0,Building Roofing - Combo,Finaled,,8/8/2007,7/27/2007,11/2/2008,9/2/2011,Permit,,,VACANT Hallandale Beach FL 33009,514228000091,roofing,
BRFG-19-03313,Building Roofing - Shingle,Finaled,,8/26/2019,5/17/2019,6/23/2020,3/25/2020,Permit,,,809 NW 10 ST HALLANDALE BEACH FL 33009,514221230140,roofing,
2006-2472-BDRR-0,Building Roofing - Combo,CO Issued,,11/13/2006,6/29/2006,10/20/2007,4/23/2007,Permit,,,136 NW 4 AVE Hallandale Beach FL 33009,514228020710,roofing,
2008-0077-NBRR-0,Building Roofing - Combo,Finaled,,10/24/2007,10/10/2007,6/4/2008,7/22/2011,Permit,,,401 NE 14 AVE Hallandale Beach FL 33009,514222DB0000,roofing,
BRFG-17-02765,Building Roofing - Built-Up,Finaled,,7/20/2017,7/11/2017,2/19/2018,8/23/2017,Permit,,,804 NW 9 ST HALLANDALE BEACH FL 33009,514221230330,roofing,
2007-1355-NBRR-0,Building Roofing - Combo,Finaled,,4/30/2007,4/17/2007,10/27/2007,7/22/2011,Permit,,,315 NW 7 ST Hallandale Beach FL 33009,514221170010,roofing,
BRFG-16-03129,Building Roofing - Shingle,Finaled,,4/19/2016,4/19/2016,11/7/2016,5/10/2016,Permit,,,221 SW 9 AVE HALLANDALE BEACH FL 33009,514228410270,roofing,
2007-2179-NBRC-0,Building Roofing - Combo,Finaled,,8/2/2007,7/30/2007,1/29/2008,7/22/2011,Permit,,,117 W HALLANDALE BEACH BLVD Hallandale Beach FL 33009,514228021720,roofing,
2014-2154-NRPR-0,Building Roofing - Combo,Finaled,,2/6/2015,7/7/2014,6/27/2016,12/28/2015,Permit,,,213 SW 3 AVE Hallandale Beach FL 33009,514228022750,roofing,
2007-1673-NBRR-0,Building Roofing - Combo,Finaled,,5/24/2007,5/21/2007,11/20/2007,7/22/2011,Permit,,,901 SW 8 ST Hallandale Beach FL 33009,514228030020,roofing,
2012-2086-NRPC-0,Building Roofing - Combo,Finaled,,3/20/2013,7/30/2012,10/16/2013,4/19/2013,Permit,,,704 E HALLANDALE BEACH BLVD Hallandale Beach FL 33009,514227370010,roofing,
2007-1809-NBRR-0,Building Roofing - Combo,Finaled,,6/18/2007,6/7/2007,12/15/2007,7/22/2011,Permit,,,401 SW 7 ST Hallandale Beach FL 33009,514228330100,roofing,
2007-2108-NBRR-0,Building Roofing - Combo,VOID,,8/7/2007,7/20/2007,2/3/2008,5/9/2023,Permit,,,912 NE 2 CT Hallandale Beach FL 33009,514222360730,roofing,
2009-0500-NRPC-0,Building Roofing - Combo,Finaled,,2/12/2009,1/5/2009,9/17/2009,7/22/2011,Permit,,,270 LAYNE BLVD Hallandale Beach FL 33009,514226DJ0000,roofing,
2007-1074-NBRC-0,Building Roofing - Combo,Finaled,,5/8/2007,3/9/2007,11/4/2007,7/22/2011,Permit,,,220 S FEDERAL HWY Hallandale Beach FL 33009,514227010660,roofing,
2007-2325-NBRR-0,Building Roofing - Combo,Finaled,,8/30/2007,8/22/2007,2/26/2008,7/22/2011,Permit,,,302 NW 9 ST Hallandale Beach FL 33009,514221040390,roofing,
2004-0648-BDRR-0,Building Roofing - Combo,VOID,,1/5/2004,1/5/2004,7/14/2004,10/24/2019,Permit,,,437 TAMARIND DR Hallandale Beach FL 33009,514226051040,roofing ,
2007-2162-NBRR-0,Building Roofing - Combo,Finaled,,8/23/2007,7/27/2007,10/26/2009,7/22/2011,Permit,,,1004 NW 6 TER Hallandale Beach FL 33009,514221240060,roofing,
2014-0692-NRPR-0,Building Roofing - Combo,Finaled,,3/10/2014,1/6/2014,2/10/2015,8/15/2014,Permit,,,22 NW 10 ST Hallandale Beach FL 33009,514222300190,roofing,
2013-2003-NBRC-0,Building Roofing - Combo,Finaled,,4/11/2014,6/13/2013,5/18/2015,9/9/2014,Permit,,,777 NW 1 AVE Hallandale Beach FL 33009,514222050100,roofing,
2012-1748-NRPR-0,Building Roofing - Combo,Finaled,,10/12/2012,6/12/2012,9/1/2013,3/5/2013,Permit,,,714 NE 10 ST Hallandale Beach FL 33009,514222CH0000,roofing,
BRFG-19-00836,Building Roofing - Built-Up,Finaled,,3/1/2019,2/15/2019,11/5/2019,5/9/2019,Permit,,,1025 NW 8 ST HALLANDALE BEACH FL 33009,514221290280,roofing,
2013-2778-NRPR-0,Building Roofing - Combo,Expired,,11/1/2013,8/22/2013,5/24/2015,,Permit,,,2001 S OCEAN DR Hallandale Beach FL 33009,514226NN0000,roofing,
2007-1320-NBRR-0,Building Roofing - Combo,Finaled,,4/19/2007,4/11/2007,10/16/2007,7/22/2011,Permit,,,609 NE 14 AVE Unit: POOL Hallandale Beach FL 33009,514222030171,roofing,
2007-2459-NBRR-0,Building Roofing - Combo,Finaled,,9/20/2007,9/12/2007,3/18/2008,7/22/2011,Permit,,,501 LESLIE DR Hallandale Beach FL 33009,514223140580,roofing,
2007-2366-NBRR-0,Building Roofing - Combo,Finaled,,9/10/2007,8/28/2007,3/8/2008,7/22/2011,Permit,,,609 NW 2 AVE Hallandale Beach FL 33009,514221170190,roofing,
BRFG-25-02909,Building Roofing - Built-Up,Required,,,4/15/2025,12/15/2025,,Permit,,,120 NW 5 AVE HALLANDALE BEACH FL 33009,514228020610,roofing ,
BRFG-25-03597,Building Roofing - Built-Up,Active,,10/15/2025,9/3/2025,2/2/2026,,Permit,,,300  THREE ISLANDS BOULEVARD HALLANDALE BEACH FL 33009,514223BK0000,re-roofing - roofing/waterproofing,
SP-BRFG-19-02358,SP - Building Roofing - Built-Up,Finaled,,6/12/2019,12/22/2017,6/8/2020,1/15/2020,Permit,,,711 N FEDERAL HWY HALLANDALE BEACH FL 33009,514222290030,roofing,
SP-BRFG-17-01734,SP - Building Roofing - Shingle,Finaled,,5/4/2017,3/29/2017,11/28/2017,6/1/2017,Permit,,,715 SW 6 AVE HALLANDALE BEACH FL 33009,514228330210,roofing,
SP-BRFG-19-02363,SP - Building Roofing - Built-Up,Finaled,,6/12/2019,12/22/2017,10/5/2020,4/6/2020,Permit,,,711 N FEDERAL HWY HALLANDALE BEACH FL 33009,514222290030,roofing ,
SP-BRFG-17-02351,SP - Building Roofing - Shingle,Finaled,,6/9/2017,4/4/2017,6/12/2018,7/12/2017,Permit,,,604 NW 3 AVE HALLANDALE BEACH FL 33009,514221170160,roofing,
BRFG-22-02154,Building Roofing - Tile,Finaled,,6/1/2022,4/12/2022,11/21/2022,8/20/2022,Permit,,,244 THREE ISLANDS BLVD HALLANDALE BEACH FL 33009,514223120047,re-roofing,
BRFG-22-02593,Building Roofing - Built-Up,Finaled,,7/13/2022,5/11/2022,12/26/2023,9/26/2023,Permit,,,1980 S OCEAN DR HALLANDALE BEACH FL 33009,514226BH3390,re-roofing,
2007-1198-NBRR-0,Building Roofing - Combo,Finaled,,3/29/2007,3/27/2007,5/31/2016,12/3/2015,Permit,,,525 NW 3 CT Hallandale Beach FL 33009,514221180990,re-roofing,
2007-0926-NBRR-0,Building Roofing - Combo,Finaled,,2/21/2007,2/21/2007,8/20/2007,7/22/2011,Permit,,,800 NW 3 TER Hallandale Beach FL 33009,514221090290,re-roofing,
2008-0113-NBRC-1,Building Roofing - Combo,Finaled,,11/1/2007,10/17/2007,4/29/2008,8/1/2012,Permit,,,831 N FEDERAL HWY Hallandale Beach FL 33009,514222020010,roofing/greyhound,
2007-2497-NBRR-0,Building Roofing - Combo,Finaled,,9/20/2007,9/19/2007,3/18/2008,7/22/2011,Permit,,,445 LESLIE DR Hallandale Beach FL 33009,514223140500,re-roofing,
2007-2493-NBRR-0,Building Roofing - Combo,Finaled,,9/20/2007,9/19/2007,9/2/2008,7/22/2011,Permit,,,2663 PARKVIEW DR Hallandale Beach FL 33009,514223140300,re-roofing,
BRFG-22-02149,Building Roofing - Tile,Finaled,,5/31/2022,4/12/2022,11/7/2022,8/8/2022,Permit,,,256 THREE ISLANDS BLVD HALLANDALE BEACH FL 33009,514223120047,re-roofing,
2007-1670-NBRR-0,Building Roofing - Combo,Finaled,,5/23/2007,5/21/2007,11/19/2007,7/22/2011,Permit,,,713 SW 7 TER Hallandale Beach FL 33009,514228190260,re-roofing,
2007-2060-NBRR-0,Building Roofing - Combo,Finaled,,7/26/2007,7/17/2007,1/22/2008,7/22/2011,Permit,,,521 LESLIE DR Hallandale Beach FL 33009,514223140400,re-roofing,
2008-0472-NBRR-0,Building Roofing - Combo,VOID,,,12/20/2007,,8/16/2017,Permit,,,407 LESLIE DR Hallandale Beach FL 33009,514223140600,shingle roofing,
2007-2245-NBRR-0,Building Roofing - Combo,Finaled,,8/8/2007,8/8/2007,2/4/2008,7/22/2011,Permit,,,467 TAMARIND DR Hallandale Beach FL 33009,514226051090,re-roofing,
BRFG-21-00540,Building Roofing - Built-Up,Finaled,,5/19/2021,2/3/2021,5/24/2022,2/23/2022,Permit,,,501 DIPLOMAT PKWY HALLANDALE BEACH FL 33009,514226110670,roofing permit,
BRFG-22-01552,Building Roofing - Shingle,Required,,,3/7/2022,,,Permit,,,625 NW 5 CT HALLANDALE BEACH FL 33009,514221180630,re-roofing,
BRFG-22-02152,Building Roofing - Tile,Finaled,,6/1/2022,4/12/2022,11/21/2022,8/20/2022,Permit,,,224 THREE ISLANDS BLVD HALLANDALE BEACH FL 33009,514223120047,re-roofing,
BRFG-22-00099,Building Roofing - Combo,Finaled,,1/12/2022,11/9/2021,5/25/2022,2/24/2022,Permit,,,241 SW 10 AVE HALLANDALE BEACH FL 33009,514228340530,re-roofing,
BRFG-22-02151,Building Roofing - Tile,Finaled,,6/1/2022,4/12/2022,11/21/2022,8/20/2022,Permit,,,220 THREE ISLANDS BLVD HALLANDALE BEACH FL 33009,514223120047,re-roofing,
2007-1684-NBRR-0,Building Roofing - Combo,Finaled,,6/13/2007,5/23/2007,12/10/2007,10/22/2024,Permit,,,619 NW 3 CT Hallandale Beach FL 33009,514221181070,re-roofing,
BRFG-20-00632,Building Roofing - Shingle,Finaled,,3/2/2020,1/15/2020,10/27/2020,7/29/2020,Permit,,,716 NW 4 ST HALLANDALE BEACH FL 33009,514221200250,re-roofing,
2007-2496-NBRR-0,Building Roofing - Combo,Finaled,,9/20/2007,9/19/2007,3/18/2008,7/22/2011,Permit,,,443 LESLIE DR Hallandale Beach FL 33009,514223140510,re-roofing,
BRFG-22-03427,Building Roofing - Shingle,Finaled,,8/30/2022,8/4/2022,12/6/2022,9/7/2022,Permit,,,504 NW 7 CT HALLANDALE BEACH FL 33009,514221070210,re roofing,
BRFG-24-03915,Building Roofing - Shingle,Finaled,,10/21/2024,8/29/2024,2/5/2025,11/7/2024,Permit,,,611 SW 4 CT HALLANDALE BEACH FL 33009,514228260400,re-roofing,
2007-1037-NBRR-0,Building Roofing - Combo,Finaled,,3/19/2007,3/6/2007,9/15/2007,7/22/2011,Permit,,,700 SW 5 CT Hallandale Beach FL 33009,514228170100,re-roofing,
2008-0371-NBRR-0,Building Roofing - Combo,Finaled,,12/21/2007,12/5/2007,6/18/2008,7/22/2011,Permit,,,421 NW 6 ST Hallandale Beach FL 33009,514221150340,shingle roofing,
BRFG-22-02175,Building Roofing - Tile,Finaled,,6/1/2022,4/12/2022,12/21/2022,9/22/2022,Permit,,,204 THREE ISLANDS BLVD HALLANDALE BEACH FL 33009,514223120047,re-roofing,
2007-1261-NBRR-0,Building Roofing - Combo,Finaled,,4/12/2007,4/4/2007,10/9/2007,7/22/2011,Permit,,,613 NW 5 CT Hallandale Beach FL 33009,514221180610,re-roofing,
2008-0121-NBRR-0,Building Roofing - Combo,Expired,,11/1/2007,10/18/2007,9/3/2008,,Permit,,,2753 PARKVIEW DR Hallandale Beach FL 33009,514223140350,roofing/phillips,
2007-2492-NBRR-0,Building Roofing - Combo,Finaled,,9/20/2007,9/19/2007,9/2/2008,7/22/2011,Permit,,,2665 PARKVIEW DR Hallandale Beach FL 33009,514223140310,re-roofing,
BRFG-21-01015,Building Roofing - Shingle,Finaled,,5/4/2021,3/10/2021,8/16/2021,5/17/2021,Permit,,,655 SW 6 ST HALLANDALE BEACH FL 33009,514228330540,re-roofing,
2007-0915-NBRC-0,Building Roofing - Combo,Finaled,,,2/16/2007,,7/22/2011,Permit,,,215 NW 5 AVE Hallandale Beach FL 33009,514228050290,re/roofing,
2007-2074-NBRR-0,Building Roofing - Combo,Expired,,7/18/2007,7/18/2007,1/14/2008,,Permit,,,812 NW 10 ST Hallandale Beach FL 33009,514221230170,re-roofing,
2007-1935-NBRR-0,Building Roofing - Combo,Finaled,,7/11/2007,6/26/2007,1/7/2008,7/22/2011,Permit,,,171 SW 10 TER Unit: DUPX Hallandale Beach FL 33009,514228340110,re-roofing,
2007-0778-BDRR-0,Building Roofing - Combo,Finaled,,3/1/2007,1/29/2007,9/25/2007,7/22/2011,Permit,,,1012 NE 7 ST Hallandale Beach FL 33009,514222370330,re-roofing,
2007-1963-NBRR-0,Building Roofing - Combo,Finaled,,7/17/2007,7/2/2007,1/14/2008,7/22/2011,Permit,,,1200 MOFFETT ST Hallandale Beach FL 33009,514222140010,re-roofing,
2007-1337-NBRR-0,Building Roofing - Combo,Finaled,,5/31/2007,4/13/2007,2/13/2014,10/9/2013,Permit,,,421 SW 3 ST Hallandale Beach FL 33009,514228260180,re-roofing,
2007-1260-NBRR-0,Building Roofing - Combo,Finaled,,4/12/2007,4/4/2007,10/9/2007,7/22/2011,Permit,,,721 NW 1 CT Unit: 2 Hallandale Beach FL 33009,514228150190,re-roofing,
2009-0007-NRPR-0,Building Roofing - Combo,Finaled,,11/7/2008,10/2/2008,5/6/2009,7/22/2011,Permit,,,1013 SW 3 ST Hallandale Beach FL 33009,514228340430,roofing residential,
BRFG-18-00505,Building Roofing - Shingle,Finaled,,2/16/2018,1/19/2018,9/11/2018,3/15/2018,Permit,,,1012 NW 2 AVE HALLANDALE BEACH FL 33009,514222300030,re-roofing ,
2007-2494-NBRR-0,Building Roofing - Combo,Finaled,,9/20/2007,9/19/2007,9/2/2008,7/22/2011,Permit,,,2667 PARKVIEW DR Hallandale Beach FL 33009,514223140320,re-roofing,
2007-2059-NBRR-0,Building Roofing - Combo,Finaled,,7/26/2007,7/17/2007,2/6/2017,8/10/2016,Permit,,,341 LESLIE DR Hallandale Beach FL 33009,514223140710,re-roofing,
BRFG-22-02099,Building Roofing - Tile,Finaled,,5/18/2022,4/12/2022,11/21/2022,8/20/2022,Permit,,,248 THREE ISLANDS BLVD HALLANDALE BEACH FL 33009,514223120047,re-roofing,
2007-2207-NBRR-0,Building Roofing - Combo,Finaled,,4/11/2008,8/3/2007,10/8/2008,7/22/2011,Permit,,,511 FOSTER RD Hallandale Beach FL 33009,514221150650,re-roofing,
BRFG-18-01230,Building Roofing - Shingle,Finaled,,3/19/2018,3/6/2018,10/1/2018,4/3/2018,Permit,,,111 NE 2 TER HALLANDALE BEACH FL 33009,514227300310,re-roofing ,
BRFG-22-02153,Building Roofing - Tile,Finaled,,6/1/2022,4/12/2022,12/20/2022,9/21/2022,Permit,,,212 THREE ISLANDS BLVD HALLANDALE BEACH FL 33009,514223120047,re-roofing,
2007-0890-NBRR-0,Building Roofing - Combo,Finaled,,3/1/2007,2/14/2007,8/28/2007,7/22/2011,Permit,,,830 NW 9 ST Unit: UTILT Hallandale Beach FL 33009,514221230300,re-roofing,
2007-2220-NBRR-0,Building Roofing - Combo,Finaled,,8/14/2007,8/3/2007,2/10/2008,7/22/2011,Permit,,,210 NE 2 AVE Hallandale Beach FL 33009,514227290190,re-roofing,
2007-2453-NBRR-0,Building Roofing - Combo,Finaled,,9/12/2007,9/12/2007,3/10/2008,7/22/2011,Permit,,,630 SW 6 AVE Hallandale Beach FL 33009,514228230040,re-roofing,
2007-2384-NBRR-0,Building Roofing - Combo,Finaled,,9/26/2007,8/30/2007,3/24/2008,7/22/2011,Permit,,,616 SW 1 ST Hallandale Beach FL 33009,514228120110,re-roofing,
BRFG-22-04802,Building Roofing - Combo,Finaled,,12/29/2022,10/13/2022,5/2/2023,2/1/2023,Permit,,,520 SW 8 ST HALLANDALE BEACH FL 33009,514228250010,re-roofing,
BRFG-18-02665,Building Roofing - Shingle,Finaled,,6/7/2018,3/12/2018,12/31/2018,7/2/2018,Permit,,,635 SW 10 ST HALLANDALE BEACH FL 33009,514228280020,re-roofing ,
BRFG-22-02101,Building Roofing - Tile,Finaled,,5/18/2022,4/12/2022,12/20/2022,9/21/2022,Permit,,,208 THREE ISLANDS BLVD HALLANDALE BEACH FL 33009,514223120047,re-roofing,
BRFG-21-02986,Building Roofing - Combo,Expired,,9/9/2021,6/8/2021,5/2/2022,,Permit,,,326 NW 2 AVE HALLANDALE BEACH FL 33009,514222210290,re-roofing,
BRFG-22-02651,Building Roofing - Tile,Finaled,,7/12/2022,6/21/2022,12/21/2022,9/22/2022,Permit,,,225 Three Island Blvd - Pool House W Three Island Blvd BLVD Unit: 225 - Pool House Hallandale Beach FL 33009,514223120047,re-roofing,
2007-1909-NBRR-0,Building Roofing - Combo,Finaled,,7/10/2007,6/21/2007,1/6/2008,7/22/2011,Permit,,,600 NW 1 ST Hallandale Beach FL 33009,514228570010,re-roofing,
BRFG-23-01129,Building Roofing - Single Ply,Finaled,,6/12/2023,2/7/2023,10/18/2023,7/20/2023,Permit,,,610 NE 12 AVE HALLANDALE BEACH FL 33009,514222AE0000,re-roofing,
BRFG-19-04044,Building Roofing - Shingle,Expired,,10/31/2019,7/24/2019,7/21/2020,4/22/2020,Permit,,,309 SW 9 TER HALLANDALE BEACH FL 33009,514228290530,re roofing,
BRFG-21-02684,Building Roofing - Shingle,Finaled,,8/17/2021,5/17/2021,4/27/2022,1/27/2022,Permit,,,300 HOLIDAY DR HALLANDALE BEACH FL 33009,514226130600,re roofing,
2007-1010-NBRR-0,Building Roofing - Combo,Finaled,,3/9/2007,3/2/2007,9/5/2007,7/22/2011,Permit,,,609 NW 1 AVE Hallandale Beach FL 33009,514222070350,re-roofing,
BRFG-23-01036,Building Roofing - Shingle,Finaled,,3/22/2023,2/20/2023,7/3/2023,4/4/2023,Permit,,,806 SW 7 TER HALLANDALE BEACH FL 33009,514228190110,re-roofing,
2007-1819-NBRR-0,Building Roofing - Combo,Finaled,,6/20/2007,6/11/2007,12/17/2007,7/22/2011,Permit,,,652 NW 5 CT Hallandale Beach FL 33009,514221180561,re-roofing,
2012-2298-NRPR-0,Building Roofing - Combo,Finaled,,9/4/2012,8/29/2012,3/3/2013,11/1/2012,Permit,,,450 PARADISE ISLE BLVD Unit: B Hallandale Beach FL 33009,514226PX0000,re-roofing,
2007-2495-NBRR-0,Building Roofing - Combo,Finaled,,9/20/2007,9/19/2007,9/2/2008,7/22/2011,Permit,,,2669 PARKVIEW DR Hallandale Beach FL 33009,514223140330,re-roofing,
2007-2506-NBRR-0,Building Roofing - Combo,Finaled,,11/8/2007,9/20/2007,5/6/2008,7/22/2011,Permit,,,2713 PARKVIEW DR Hallandale Beach FL 33009,514223140040,re-roofing,
2007-0970-NBRR-0,Building Roofing - Combo,Finaled,,3/12/2007,2/27/2007,9/8/2007,7/22/2011,Permit,,,108 NW 3 AVE Hallandale Beach FL 33009,514228020860,re-roofing,
BRFG-22-02110,Building Roofing - Tile,Finaled,,5/18/2022,4/12/2022,12/20/2022,9/21/2022,Permit,,,252 THREE ISLANDS BLVD HALLANDALE BEACH FL 33009,514223120047,re-roofing,
BRFG-25-02182,Building Roofing - Built-Up,Required,,,2/27/2025,,,Permit,,,1110 E HALLANDALE BEACH BLVD HALLANDALE BEACH FL 33009,514227610010,new roofing,
BRFG-21-01730,Building Roofing - Built-Up,Expired,,8/2/2021,2/1/2021,1/31/2022,,Permit,,,520 NW 3 AVE HALLANDALE BEACH FL 33009,514221170230,re-roofing,
BRFG-25-02910,Building Roofing - Built-Up,VOID,,,4/15/2025,,7/18/2025,Permit,,,,,roofing permit,
BRFG-17-00714,Building Roofing - Maintenance,Finaled,,2/28/2017,1/24/2017,10/24/2017,4/27/2017,Permit,,,1928 S OCEAN DR HALLANDALE BEACH FL 33009,514226HB0000,roofing skylight addition,
BRFG-22-02158,Building Roofing - Tile,Finaled,,6/1/2022,4/13/2022,11/21/2022,8/20/2022,Permit,,,224 THREE ISLANDS BLVD HALLANDALE BEACH FL 33009,514223120047,re-roofing garage,
BRFG-22-02633,Building Roofing - Single Ply,Finaled,,6/28/2022,4/12/2022,11/29/2022,8/31/2022,Permit,,,720 NE 5 ST HALLANDALE BEACH FL 33009,514222130400,re- roofing flat,
BRFG-22-00246,Building Roofing - Shingle,Required,,,12/27/2021,,,Permit,,,302 NW 9 ST HALLANDALE BEACH FL 33009,514221040390,re-roofing application,
BRFG-19-03122,Building Roofing - Shingle,Finaled,,7/24/2019,7/23/2019,1/27/2020,7/31/2019,Permit,,,614 NW 4 CT HALLANDALE BEACH FL 33009,514221250020,"re-roofing , shingles",
BRFG-23-00193,Building Roofing - Built-Up,Expired,,1/19/2023,11/14/2022,5/15/2023,,Permit,,,737 NW 1 CT HALLANDALE BEACH FL 33009,514228150230,re roofing flat,
BRFG-19-01287,Building Roofing - Shingle,Finaled,,4/9/2019,3/15/2019,10/14/2019,4/16/2019,Permit,,,606 SW 8 AVE HALLANDALE BEACH FL 33009,514228000480,reroof-asphalt roofing,
BRFG-22-02157,Building Roofing - Tile,Finaled,,6/1/2022,4/13/2022,11/21/2022,8/20/2022,Permit,,,244 THREE ISLANDS BLVD HALLANDALE BEACH FL 33009,514223120047,re-roofing garage,
BRFG-20-03708,Building Roofing - Built-Up,Finaled,,12/10/2020,8/21/2020,6/13/2022,3/14/2022,Permit,,,2000 S OCEAN DR HALLANDALE BEACH FL 33009,514226250010,sbs roofing system,
2012-1019-NRPR-0,Building Roofing - Combo,Expired,,3/13/2012,3/7/2012,9/9/2012,,Permit,,,218 NE 4 ST Hallandale Beach FL 33009,514222310100,remove all roofing,
2005-0851-NBRC-0,Building Roofing - Combo,Expired,,3/28/2007,1/26/2005,10/26/2008,,Permit,,,630 NW 2 ST Hallandale Beach FL 33009,514228010010,new roofing permit,
BRFG-22-02159,Building Roofing - Tile,Finaled,,6/1/2022,4/13/2022,12/20/2022,9/21/2022,Permit,,,204 THREE ISLANDS BLVD HALLANDALE BEACH FL 33009,514223120047,re-roofing garage,
BRFG-19-03396,Building Roofing - Maintenance,Finaled,,8/14/2019,8/5/2019,3/9/2020,9/10/2019,Permit,,,708 NE 5 ST HALLANDALE BEACH FL 33009,514222130390,re-roofing flat,
BRFG-20-03830,Building Roofing - Built-Up,Finaled,,6/29/2021,10/29/2020,1/2/2023,10/4/2022,Permit,,,1950 S OCEAN DR HALLANDALE BEACH FL 33009,514226BH0000,re-roofing permit,
BRFG-20-03617,Building Roofing - Shingle,Finaled,,11/25/2020,10/12/2020,4/6/2021,1/6/2021,Permit,,,132 NW 6 AVE HALLANDALE BEACH FL 33009,514228020472,re- roofing shingles,
2006-0745-BDRR-1,Building Roofing - Combo,Finaled,,11/17/2006,1/26/2006,5/27/2007,7/22/2011,Permit,,,619 NE 7 ST Hallandale Beach FL 33009,514222130950,coc douglass roofing,
2014-2624-NRPC-0,Building Roofing - Combo,Finaled,,1/12/1916,8/28/2014,7/18/2016,1/20/2016,Permit,,,600 SILKS RUN Unit: 2210 Hallandale Beach FL 33009,514227510014,roofing sub permit,
BRFG-23-02574,Building Roofing - Shingle,Finaled,,7/13/2023,5/2/2023,11/15/2023,8/17/2023,Permit,,,100 SW 9 ST HALLANDALE BEACH FL 33009,514227180133,re-roofing shingles,
BRFG-23-01989,Building Roofing - Single Ply,Finaled,,5/22/2023,4/21/2023,8/30/2023,6/1/2023,Permit,,,1125 NE 3 ST HALLANDALE BEACH FL 33009,514222390420,re-roofing flat,
BRFG-22-02155,Building Roofing - Tile,Finaled,,6/1/2022,4/12/2022,12/20/2022,9/21/2022,Permit,,,216 THREE ISLANDS BLVD Unit: CLUBH HALLANDALE BEACH FL 33009,514223120047,re-roofing application,
BRFG-19-00975,Building Roofing - Shingle,Finaled,,3/13/2019,3/7/2019,9/30/2019,4/2/2019,Permit,,,,514222030179,re-roofing shingles ,
BRFG-19-00199,Building Roofing - Shingle,Finaled,,1/18/2019,11/1/2018,8/5/2019,2/6/2019,Permit,,,231 SW 9 ST HALLANDALE BEACH FL 33009,514228350200,re-roofing shingles,
BRFG-22-02156,Building Roofing - Tile,Finaled,,5/31/2022,4/13/2022,11/21/2022,8/20/2022,Permit,,,248 THREE ISLANDS BLVD HALLANDALE BEACH FL 33009,514223120047,re-roofing garage,
BRFG-22-01737,Building Roofing - Tile,Finaled,,5/11/2022,4/13/2022,11/21/2022,8/22/2022,Permit,,,252 THREE ISLANDS BLVD HALLANDALE BEACH FL 33009,514223120047,re-roofing garage,
BRFG-22-02125,Building Roofing - Tile,Finaled,,6/1/2022,4/13/2022,11/21/2022,8/20/2022,Permit,,,220 THREE ISLANDS BLVD HALLANDALE BEACH FL 33009,514223120047,re-roofing garage,
BRFG-22-01736,Building Roofing - Tile,Finaled,,5/11/2022,4/13/2022,11/21/2022,8/22/2022,Permit,,,256 THREE ISLANDS BLVD HALLANDALE BEACH FL 33009,514223120047,re-roofing garage,
BRFG-24-00839,Building Roofing - Shingle,Finaled,,3/13/2024,2/26/2024,7/1/2024,4/2/2024,Permit,,,732 NW 6 ST HALLANDALE BEACH FL 33009,514221190180,re-roofing shingle,
BRFG-21-04942,Building Roofing - Single Ply,Finaled,,12/1/2021,8/9/2021,4/18/2022,1/18/2022,Permit,,,713 NE 3 ST HALLANDALE BEACH FL 33009,514222130120,re-roofing flat,
BRFG-22-02652,Building Roofing - Tile,Finaled,,6/30/2022,6/21/2022,11/17/2022,8/19/2022,Permit,,,200 THREE ISLANDS BLVD HALLANDALE BEACH FL 33009,514223120047,re- roofing application,
BRFG-25-03188,Building Roofing - Shingle,Finaled,,8/18/2025,8/6/2025,12/2/2025,9/3/2025,Permit,,,712 SW 2 AVE HALLANDALE BEACH FL 33009,514228370480,re-roofing shingles,
BRFG-25-03790,Building Roofing - Built-Up,Required,,,9/19/2025,,,Permit,,,907 NE 2 CT HALLANDALE BEACH FL 33009,514222360610,roofing for addition,
BTR-22-00417,Local Business Tax Receipt,Fees Due,,,9/4/2024,1/1/2999,,License,Cory & Associates Inc.,Corporation,226 NW 5 AVE HALLANDALE BEACH FL 33009,514228050220,warehouse for roofing contractor,
SP-BRFG-24-01391,SP - Building Roofing - Shingle,Finaled,,4/2/2024,12/14/2023,3/10/2025,6/25/2024,Permit,,,311 NW 10 ST Hallandale Beach FL 33009,514221040351,roofing for sfh,
SP-BRFG-17-03569,SP - Building Roofing - Single Ply,Finaled,,1/25/2018,6/7/2017,8/27/2018,2/28/2018,Permit,,,701 NE 1 ST Hallandale Beach FL 33009,514227200110,commercial office-roofing,
SP-BRFG-24-01390,SP - Building Roofing - Shingle,Finaled,,4/2/2024,12/14/2023,3/10/2025,6/25/2024,Permit,,,313 NW 10 ST HALLANDALE BEACH FL 33009,514221040350,roofing for sfh,
SP-BRFG-24-03695,SP - Building Roofing - Shingle,Required,,,2/22/2024,1/19/2026,,Permit,,,744 NW 6 ST HALLANDALE BEACH FL 33009,514221190150,roofing for addition,
BRFG-23-00084,Building Roofing - Shingle,Finaled,,1/26/2023,11/30/2022,5/9/2023,2/8/2023,Permit,,,629 NW 6 CT HALLANDALE BEACH FL 33009,514221180500,re-roofing slope only,
BRFG-17-02110,Building Roofing - Shingle,Finaled,,6/28/2017,5/3/2017,12/27/2017,6/30/2017,Permit,,,604 NW 10 ST HALLANDALE BEACH FL 33009,514221240100,re-roofing flat deck,
BRFG-17-00241,Building Roofing - Shingle,Finaled,,2/2/2017,1/24/2017,9/18/2017,3/22/2017,Permit,,,627 NW 10 CT HALLANDALE BEACH FL 33009,514221020610,re roofing shingle  & flat ,
BRFG-19-04801,Building Roofing - Tile,Finaled,,11/21/2019,10/23/2019,4/28/2020,1/29/2020,Permit,,,119 NE 3 AVE HALLANDALE BEACH FL 33009,514227300020,re roofing tile roof,
2007-0396-NBRR-0,Building Roofing - Combo,CO Issued,,2/21/2007,11/22/2006,10/3/2007,7/5/2007,Permit,,,209 SW 5 AVE Hallandale Beach FL 33009,514228060043,new single family-roofing,
BRFG-24-04429,Building Roofing - Built-Up,Finaled,,11/4/2024,10/14/2024,2/12/2025,11/14/2024,Permit,,,512 NW 2 AVE Unit: 1-4 HALLANDALE BEACH FL 33009,514222070130,re-roofing flat roof,
2011-1581-NRPR-0,Building Roofing - Combo,Finaled,,,5/31/2011,,7/22/2011,Permit,,,519 PALM DR Hallandale Beach FL 33009,514226040370,lighweight concre for roofing,
BRFG-16-03786,Building Roofing - Built-Up,Expired,,7/1/2016,5/25/2016,12/28/2016,,Permit,,,850 NW 11 AVE Unit: G&T HALLANDALE BEACH FL 33009,514221290220,re-roofing (flat roof),
1999-2140-BDRR-0,Building Roofing - Combo,Finaled,,10/29/1999,9/10/1999,11/30/2011,7/22/2011,Permit,,,1018 SW 2 ST Hallandale Beach FL 33009,514228340140,carport repair with roofing,
BRFG-19-02068,Building Roofing - Shingle,Expired,,5/23/2019,5/3/2019,1/16/2020,,Permit,,,412 SW 8 ST HALLANDALE BEACH FL 33009,514228270060,replace roofing shingles & underlayment,
BRFG-19-01599,Building Roofing - Shingle,Finaled,,4/16/2019,4/15/2019,11/6/2019,5/10/2019,Permit,,,302 NW 3 AVE HALLANDALE BEACH FL 33009,514221110081,re-roofing asphalt shingles,
BRFG-21-03605,Building Roofing - Built-Up,Finaled,,12/6/2021,8/9/2021,4/18/2022,1/18/2022,Permit,,,709 NE 3 ST HALLANDALE BEACH FL 33009,514222130120,re-roofing flat roof,
BRFG-19-02341,Building Roofing - Shingle,Finaled,,6/6/2019,5/22/2019,12/9/2019,6/11/2019,Permit,,,912 NW 9 AVE HALLANDALE BEACH FL 33009,514221280190,re-roofing asphalt shingles,
BRFG-21-04953,Building Roofing - Shingle,Required,,,11/13/2021,,,Permit,,,729 NW 5 ST HALLANDALE BEACH FL 33009,514221200080,re-roofing and singles.,
BRFG-25-02263,Building Roofing - Metal,Required,,,5/5/2025,,,Permit,,,800 NE 3 ST HALLANDALE BEACH FL 33009,514222360510,re-roofing  (metal roof),
BRFG-25-02908,Building Roofing - Shingle,Finaled,,7/30/2025,6/24/2025,1/3/2026,10/2/2025,Permit,,,901 NE 4 ST HALLANDALE BEACH FL 330093593,514222360400,additional roofing package submittal,
BRFG-24-05407,Building Roofing - Built-Up,Expired,,4/2/2025,12/17/2024,11/12/2025,,Permit,,,137 GOLDEN ISLES DR HALLANDALE BEACH FL 33009,514226BL0000,re-roofing (tpo system),
BRFG-25-01966,Building Roofing - Single Ply,Active,,7/10/2025,4/11/2025,5/19/2026,,Permit,,,473  SUNSET DR HALLANDALE BEACH FL 33009,514226050790,roofing sub-permit application,
SP-BRFG-16-03901,SP - Building Roofing - Combo,Finaled,,6/8/2016,6/29/2015,6/14/2017,12/16/2016,Permit,,,113 HOLIDAY DR HALLANDALE BEACH FL 33009,514235030180,metal & built-up roofing,
SP-BRFG-17-02776,SP - Building Roofing - Built-Up,Expired,HALLANDALE ART SQUARE,7/13/2017,6/26/2015,8/19/2019,2/14/2019,Permit,,,401 NE 3 St HALLANDALE BEACH FL 33009,514222420010,artsquare - roofing building 2,
SP-BRFG-23-03876,SP - Building Roofing - Built-Up,Finaled,,9/19/2023,9/13/2022,4/15/2024,10/10/2023,Permit,,,805 SE 1 AVE HALLANDALE BEACH FL 33009,514227150130,roofing membrane for gazebo,
SP-BRFG-17-04457,SP - Building Roofing - Shingle,Finaled,,12/8/2017,11/17/2017,7/29/2021,8/16/2018,Permit,,,319 NW 4 AVE Hallandale Beach FL 33009,514221010290,"adding permit's for ""roofing""",
SP-BRFG-17-02775,SP - Building Roofing - Built-Up,VOID,HALLANDALE ART SQUARE,7/13/2017,6/26/2015,6/4/2018,1/5/2018,Permit,,,,514222420010,artsquare - roofing bldg #1,
BRFG-21-05203,Building Roofing - Shingle,Finaled,,12/13/2021,9/30/2021,4/26/2022,1/26/2022,Permit,,,218 SE 10 ST HALLANDALE BEACH FL 33009,514227141220,"partial re-roofing: mansard , only",
BRFG-23-04290,Building Roofing - Shingle,Finaled,,10/11/2023,10/2/2023,1/24/2024,10/26/2023,Permit,,,1008 FOSTER RD HALLANDALE BEACH FL 33009,514221290050,re-roofing shingle to shingle,
BRFG-20-02871,Building Roofing - Built-Up,Finaled,,8/27/2020,2/3/2020,12/8/2020,9/9/2020,Permit,,,828 PEMBROKE RD HALLANDALE BEACH FL 33009,514221230050,re roofing built up roof ,
BRFG-24-02092,Building Roofing - Combo,Finaled,,5/29/2024,5/6/2024,10/15/2024,7/17/2024,Permit,,,630 NW 2 ST HALLANDALE BEACH FL 33009,514228010010,remove and replace roofing materials,
BRFG-21-03311,Building Roofing - Shingle,Finaled,,9/23/2021,8/14/2021,1/3/2022,10/4/2021,Permit,,,608 NW 3 AVE HALLANDALE BEACH FL 33009,514221170150,"re-roofing
shingle to shingle",
BRFG-23-05009,Building Roofing - Shingle,Finaled,,12/18/2023,11/29/2023,4/22/2024,1/23/2024,Permit,,,319 NE 2 ST HALLANDALE BEACH FL 33009,514227110330,re-roofing for one building,
BRFG-21-02581,Building Roofing - Tile,Finaled,,11/17/2021,5/5/2021,9/26/2022,6/27/2022,Permit,,,1975 S OCEAN DR Unit: CLUB HALLANDALE BEACH FL 33009,514226BG0000,"re-roofing
minor concrete repairs",
BRFG-21-04144,Building Roofing - Shingle,Finaled,,11/4/2021,9/2/2021,4/12/2022,1/12/2022,Permit,,,609 NW 5 CT HALLANDALE BEACH FL 33009,514221180600,re roofing tile to shingle,
BRFG-24-02949,Building Roofing - Built-Up,Finaled,,7/25/2024,6/25/2024,12/9/2024,9/10/2024,Permit,,,2743  PARKVIEW DR HALLANDALE BEACH FL 33009,514223140260,flat and shingle re-roofing,
BRFG-24-01249,Building Roofing - Shingle,Finaled,,4/16/2024,3/26/2024,8/5/2024,5/6/2024,Permit,,,512-514 SW 2 AVE Unit: 1-2 HALLANDALE BEACH FL 330096305,514227210370,re roofing to new shingle,
BRFG-21-03674,Building Roofing - Combo,Finaled,,10/19/2021,8/12/2021,3/8/2022,12/8/2021,Permit,,,312 SW 11 AVE HALLANDALE BEACH FL 33009,514228290020,roofing res shingle and flat,
BRFG-23-03404,Building Roofing - Single Ply,Finaled,,8/30/2023,8/9/2023,12/6/2023,9/7/2023,Permit,,,223 SW 10 ST HALLANDALE BEACH FL 33009,514228350120,re-roofing carport flat only,
BRFG-24-02869,Building Roofing - Shingle,Finaled,,7/17/2024,6/21/2024,12/31/2024,10/2/2024,Permit,,,717 NW 5 ST HALLANDALE BEACH FL 33009,514221200050,re roofing shingle to shingle,
BRFG-24-01002,Building Roofing - Combo,Finaled,,3/20/2024,3/11/2024,7/9/2024,4/10/2024,Permit,,,637 SW 2 ST HALLANDALE BEACH FL 33009,514228070030,re-roofing shingles and flat,
BRFG-23-00504,Building Roofing - Combo,Finaled,,2/28/2023,1/19/2023,8/9/2023,5/11/2023,Permit,,,918 NE 7 ST HALLANDALE BEACH FL 33009,514222360040,re roofing metal y flat,
BRFG-23-05057,Building Roofing - Combo,Finaled,,12/19/2023,11/24/2023,5/28/2024,2/27/2024,Permit,,,305 SW 7 ST HALLANDALE BEACH FL 33009,514228370250,re-roofing metal and flat,
BRFG-17-01224,Building Roofing - Shingle,Finaled,,3/31/2017,3/22/2017,10/9/2017,4/10/2017,Permit,,,420 SW 10 ST HALLANDALE BEACH FL 33009,514228300170,re-roofing shingle/flat roof,
BRFG-19-03493,Building Roofing - Single Ply,Finaled,,10/3/2019,8/12/2019,4/15/2020,1/16/2020,Permit,,,128 SW 3 AVE HALLANDALE BEACH FL 33009,514228022350,roofing for new detached garage,
2005-2779-BDRR-0,Building Roofing - Combo,Finaled,,5/8/2006,9/21/2005,11/4/2006,7/22/2011,Permit,,,524 SW 5 AVE Hallandale Beach FL 33009,514228330301,late sub/roofing white seal,
BRFG-25-01914,Building Roofing - Shingle,Finaled,,5/19/2025,4/29/2025,8/20/2025,5/22/2025,Permit,,,218 SW 5 ST HALLANDALE BEACH FL 33009,514228310191,roofing: re-roof with shingles,
BRFG-24-04200,Building Roofing - Built-Up,Finaled,,10/15/2024,9/23/2024,4/28/2025,1/28/2025,Permit,,,410 NW 5 AVE HALLANDALE BEACH FL 33009,514221080140,shingle and flat re roofing,
BRFG-24-03258,Building Roofing - Built-Up,Finaled,,4/2/2025,7/23/2024,7/14/2025,4/15/2025,Permit,,,204 SW 3 ST HALLANDALE BEACH FL 33009,514228022660,re roofing shingle and flat,
BRFG-25-00956,Building Roofing - Shingle,Finaled,,4/2/2025,2/26/2025,7/15/2025,4/16/2025,Permit,,,620 SW 1 CT HALLANDALE BEACH FL 33009,514228100282,re-roofing - new shingle roof,
BRFG-25-03040,Building Roofing - Built-Up,Finaled,,8/5/2025,5/12/2025,11/10/2025,8/12/2025,Permit,,,624 SW 6 AVE HALLANDALE BEACH FL 33009,514228230020,re-roofing flat roof only,
BRFG-25-04774,Building Roofing - Combo,Required,,,11/21/2025,,,Permit,,,101 SW 4 AVE Unit: 1-5 HALLANDALE BEACH FL 33009,514228022420,re-roofing shingles and flat,
BTR-23-04548,Local Business Tax Receipt - Professionals,Submitted - Online,,,10/4/2023,,,License,PRITTS INC,Corporation,600 THREE ISLANDS BLVD HALLANDALE BEACH FL 33009,514223BJ0001,roofing/ sheet metal contractor & general contractor,Pritts Inc
BRFG-21-02090,Building Roofing - Metal,Expired,,7/29/2021,5/24/2021,11/24/2021,,Permit,,,303 NW 10 ST HALLANDALE BEACH FL 33009,514221040330,removal of existing roofing shingles and install new 3 tab roofing shingle system,
2014-0694-NBRS-1,Building New Construction - Single Family,Finaled,,3/10/2014,1/6/2014,2/4/2015,8/12/2014,Permit,,,601 NW 4 AVE Hallandale Beach FL 33009,514221150090,roofing,
2014-0590-NBRS-1,Building New Construction - Single Family,Finaled,,3/10/2014,12/16/2013,2/10/2015,8/15/2014,Permit,,,605 NW 5 CT Hallandale Beach FL 33009,514221180590,roofing,
2014-0588-NBRS-1,Building New Construction - Single Family,Finaled,,3/11/2014,12/16/2013,2/4/2015,8/14/2014,Permit,,,600 NW 5 AVE Hallandale Beach FL 33009,514221150110,roofing,
2014-0589-NBRS-1,Building New Construction - Single Family,Finaled,,3/10/2014,12/16/2013,1/14/2015,7/22/2014,Permit,,,1012 FOSTER RD Hallandale Beach FL 33009,514221290070,roofing,
2015-1908-NBRS-1,Building New Construction - Single Family,Finaled,,8/20/2015,5/22/2015,5/30/2016,11/30/2015,Permit,,,509 NW 6 ST Hallandale Beach FL 33009,514221150370,roofing,
2015-0244-NBRS-1,Building New Construction - Single Family,Finaled,,4/15/2015,11/4/2014,4/26/2017,3/25/2016,Permit,,,455 SUNSET DR Hallandale Beach FL 33009,514226050760,roofing,
2009-0500-NELC-0,Electrical Sub-General - New,Finaled,,2/12/2009,1/5/2009,9/17/2009,7/22/2011,Permit,,,270 LAYNE BLVD Hallandale Beach FL 33009,514226DJ0000,roofing,
2008-0077-BDMC-0,Mechanical Sub-General - New,Finaled,,12/5/2007,10/10/2007,6/4/2008,7/22/2011,Permit,,,401 NE 14 AVE Hallandale Beach FL 33009,514222DB0000,roofing,
2009-0500-NPPC-0,Plumbing Sub-General - NA,Finaled,,2/12/2009,1/5/2009,9/17/2009,7/22/2011,Permit,,,270 LAYNE BLVD Hallandale Beach FL 33009,514226DJ0000,roofing,
2014-1858-NBRS-3,Building New Construction - Single Family,Finaled,,3/11/2015,6/3/2014,1/4/2016,12/8/2016,Permit,,,400 TAMARIND DR Hallandale Beach FL 33009,514226050970,roofing,
2014-0587-NBRS-1,Building New Construction - Single Family,Finaled,,3/11/2014,12/16/2013,1/13/2015,7/24/2014,Permit,,,1016 FOSTER RD Hallandale Beach FL 33009,514221290090,roofing,
2014-0693-NBRS-1,Building New Construction - Single Family,Finaled,,3/10/2014,1/6/2014,2/4/2015,8/14/2014,Permit,,,505 NW 6 ST Hallandale Beach FL 33009,514221150360,roofing,
2008-0077-BDEC-0,Electrical Sub-General - New,Finaled,,12/5/2007,10/10/2007,6/4/2008,7/22/2011,Permit,,,401 NE 14 AVE Hallandale Beach FL 33009,514222DB0000,roofing,
2013-2322-NBCM-1,Building New Construction - Retail,Expired,,10/14/2014,7/18/2013,4/13/2015,,Permit,,,801 SILKS RUN Unit: 1585 Hallandale Beach FL 33009,514227510011,roofing,
2015-1775-NBRS-1,Building New Construction - Single Family,Finaled,,8/4/2015,5/7/2015,1/18/2018,6/2/2016,Permit,,,613 HIBISCUS DR Hallandale Beach FL 33009,514226030260,roofing,
BRFG-22-03140,Building Roofing - Built-Up,Finaled,,12/6/2022,3/10/2022,4/16/2024,1/26/2023,Permit,,,118 SE 7 ST HALLANDALE BEACH FL 33009,514227150050,roofing membrane product data and noa,
BRFG-19-03695,Building Roofing - Combo,Finaled,,9/5/2019,8/20/2019,1/16/2020,10/18/2019,Permit,,,308 NW 10 ST HALLANDALE BEACH FL 33009,514221040060,re roofing  shingle to flat roof,
BRFG-23-04702,Building Roofing - Built-Up,Finaled,,12/26/2023,11/11/2023,6/18/2024,3/20/2024,Permit,,,130 SW 1 AVE HALLANDALE BEACH FL 33009,514228022062,re-roof to flat roofing system,
BRFG-16-03167,Building Roofing - Combo,Finaled,,4/21/2016,4/21/2016,12/27/2016,6/27/2016,Permit,,,511 SW 6 AVE HALLANDALE BEACH FL 33009,514228330340,shingles and built-up roofing replacement ,
BRFG-16-03954,Building Roofing - Built-Up,Finaled,,8/17/2016,6/8/2016,7/4/2017,1/5/2017,Permit,,,1800 E HALLANDALE BEACH BLVD HALLANDALE BEACH FL 33009,514226080010,install new tpo flat roofing system,
BRFG-23-01499,Building Roofing - Single Ply,Finaled,,5/1/2023,2/20/2023,8/15/2023,5/17/2023,Permit,,,630 NW 2 ST HALLANDALE BEACH FL 33009,514228010010,roofing permit - install new roof system,
BRFG-16-04866,Building Roofing - Built-Up,Finaled,,8/31/2016,8/4/2016,3/20/2017,9/19/2016,Permit,,,208 NW 4 AVE HALLANDALE BEACH FL 33009,514228050060,flat re-roofing {5000 sq ft},
BRFG-23-05210,Building Roofing - Metal,Finaled,,12/18/2023,12/12/2023,4/30/2024,1/31/2024,Permit,,,635 SW 7 CT HALLANDALE BEACH FL 33009,514228200110,re-roof to metal roofing system,
BRFG-24-04628,Building Roofing - Built-Up,Finaled,,1/13/2025,10/25/2024,6/11/2025,3/13/2025,Permit,,,3189 S OCEAN DR HALLANDALE BEACH FL 33009,514226020173,re-roofing new flat roof installation,
BRFG-25-01145,Building Roofing - Combo,Required,,,4/15/2025,12/15/2025,,Permit,,,116 NW 5 AVE HALLANDALE BEACH FL 33009,514228020620,new construction of  duplex- roofing permit,
BRFG-25-02213,Building Roofing - Combo,Finaled,,7/29/2025,4/7/2025,2/11/2026,11/13/2025,Permit,,,220 NW 9 ST HALLANDALE BEACH FL 33009,514221040280,re-roofing a new detached garage,
SP-BRFG-17-01085,SP - Building Roofing - Built-Up,Finaled,HALLANDALE FIRE STATION NO.7,3/29/2017,2/23/2017,8/26/2019,8/29/2018,Permit,,,111 FOSTER RD Hallandale Beach FL 33009,514222040190,fire station no.7 - roofing,
SP-BRFG-17-02784,SP - Building Roofing - Built-Up,Finaled,,7/13/2017,6/26/2015,11/4/2019,3/26/2019,Permit,,,401 N FEDERAL HWY HALLANDALE BEACH FL 33009,514222420010,art square - roofing building #4,
SP-BRFG-16-00839,SP - Building Roofing - Combo,Finaled,,12/3/2015,11/20/2015,12/26/2017,5/3/2016,Permit,,,206 HOLIDAY DR Hallandale Beach FL 33009,514226130630,new single family- roofing submittal,
SP-BRFG-25-04546,SP - Building Roofing - Built-Up,Required,,,12/19/2020,,,Permit,,,920 SW 9TH ST HALLANDALE BEACH FL 33009,514228030100,roofing permit for building c,
BTR-22-00618,Local Business Tax Receipt - Professionals,Void,,,9/7/2022,,,License,Kelly Roofing LLC,Limited Liability Company (LLC),400 S FEDERAL HWY HALLANDALE BEACH FL 33009,514227420010,general contractor,Kelly Roofing
BTR-22-00619,Local Business Tax Receipt - Professionals,Void,,,9/7/2022,,,License,Kelly Roofing LLC,Limited Liability Company (LLC),400 S FEDERAL HWY HALLANDALE BEACH FL 33009,514227420010,electrical contractor,Kelly Roofing
BTR-22-00903,Local Business Tax Receipt - Professionals,Fees Due,,,9/14/2022,,,License,Ivey Roofing Inc,Corporation,1835 E HALLANDALE BEACH BLVD HALLANDALE BEACH FL 33009,514226110010,roof work,
BRFG-16-06639,Building Roofing - Shingle,Finaled,,12/14/2016,12/13/2016,7/10/2017,1/9/2017,Permit,,,627 SW 7 AVE HALLANDALE BEACH FL 33009,514228330510,re-roof 1400 sqft sloped shingle roofing,
BRFG-23-02788,Building Roofing - Shingle,Finaled,,7/17/2023,5/17/2023,2/20/2024,11/22/2023,Permit,,,710-716 SE 3rd AVE Unit: Bldg. 5 Hallandale Beach FL 33009,514227DC0000,reroof existing roof to new shingle roofing.,
BRFG-17-02680,Building Roofing - Maintenance,Finaled,,7/19/2017,6/2/2017,4/23/2018,10/25/2017,Permit,,,1201 E HALLANDALE BEACH BLVD HALLANDALE BEACH FL 33009,514227390010,install new carlisle pcv flat roofing system.,
BRFG-23-03017,Building Roofing - Shingle,Finaled,,8/1/2023,5/17/2023,1/15/2024,10/16/2023,Permit,,,701-707 SE 3RD AVE Unit: BLDG. 2 HALLANDALE BEACH FL 33009,,reroof existing roof to new shingle roofing.,
BRFG-23-02709,Building Roofing - Shingle,Finaled,,7/17/2023,5/17/2023,2/19/2024,11/21/2023,Permit,,,215-219 SE 8th ST Unit: Bldg. 7 Hallandale Beach FL 33009,,reroof existing roof to new shingle roofing,
BRFG-23-02790,Building Roofing - Shingle,Finaled,,7/17/2023,5/17/2023,2/19/2024,11/20/2023,Permit,,,709-717 SE 3rd AVE Unit: Bldg. 4 Hallandale Beach FL 33009,514227DC0000,reroof existing roof to new shingle roofing.,
BRFG-16-04468,Building Roofing - Shingle,Finaled,,7/18/2016,7/13/2016,2/15/2017,8/16/2016,Permit,,,117 SW 8 CT Unit: 1-2 HALLANDALE BEACH FL 33009,514227350010,re-roof 3100sqt ft sloped shingle roofing,
BRFG-24-02093,Building Roofing - Combo,Finaled,,6/17/2024,5/6/2024,10/14/2024,7/15/2024,Permit,,,630 NW 2 ST HALLANDALE BEACH FL 33009,514228010010,remove and replace roofing materials ( mechanical room),
BRFG-23-02706,Building Roofing - Shingle,Finaled,,7/17/2023,5/17/2023,2/19/2024,11/21/2023,Permit,,,221-225 SE 8th ST Unit: Bldg. 6 Hallandale Beach FL 33009,514227DC0200,reroof existing roof to new shingle roofing.,
BRFG-23-02801,Building Roofing - Shingle,Finaled,,7/26/2023,5/17/2023,2/28/2024,11/30/2023,Permit,,,700-708 SE 3rd AVE Unit: Bldg. 3 Hallandale Beach FL 33009,514227DC0000,reroof existing roof to new shingle roofing.,
BRFG-23-02800,Building Roofing - Shingle,Finaled,,7/26/2023,5/17/2023,1/31/2024,11/2/2023,Permit,,,201-211 SE 8TH ST Unit: BLDG. 1 HALLANDALE BEACH FL 33009,514227DC0000,reroof existing roof to new shingle roofing.,
BRFG-25-00563,Building Roofing - Shingle,Finaled,,3/25/2025,1/31/2025,7/9/2025,4/10/2025,Permit,,,741 SW 5 CT HALLANDALE BEACH FL 33009,514228170110,"re-roofing shingles to shingles, no flat",
BRFG-25-03996,Building Roofing - Combo,Finaled,,10/27/2025,9/17/2025,2/10/2026,11/12/2025,Permit,,,510 SW 3 ST HALLANDALE BEACH FL 33009,514228060150,reroof: remove and replace existing roofing system,
BRFG-25-03936,Building Roofing - Combo,Active,,10/7/2025,9/25/2025,4/5/2026,,Permit,,,419 NW 10 ST HALLANDALE BEACH FL 33009,514221160290,reroof: remove and replace existing roofing system,
BRFG-24-05328,Building Roofing - Built-Up,Required,,,12/5/2024,,,Permit,,,1913 S OCEAN DR HALLANDALE BEACH FL 33009,514226GA0770,remove and install new roofing to match...,
SP-BRFG-17-02782,SP - Building Roofing - Built-Up,VOID,,7/13/2017,6/26/2015,12/9/2019,4/29/2019,Permit,,,419 N FEDERAL HWY HALLANDALE BEACH FL 33009,514222420010,art square flat roofing - building #6,
SP-BRFG-17-02783,SP - Building Roofing - Built-Up,VOID,,7/13/2017,6/26/2015,11/4/2019,5/2/2019,Permit,,,411 N FEDERAL HWY HALLANDALE BEACH FL 33009,514222420010,art square flat roofing - building 5,
BRFG-22-00536,Building Roofing - Combo,Finaled,,2/14/2022,12/30/2021,8/15/2022,5/17/2022,Permit,,,542 BLUE HERON DR Unit: CHURC HALLANDALE BEACH FL 33009,514226130020,re-roofing  building both flat and sloped roof,
BRFG-22-04937,Building Roofing - Shingle,Finaled,,4/4/2023,12/12/2022,7/17/2023,4/17/2023,Permit,,,622 NE 6 ST HALLANDALE BEACH FL 33009,514222130510,"re-roofing shingle to shingle approx. 2,242 sqft",
BRFG-21-05004,Building Roofing - Combo,Finaled,,11/30/2021,10/20/2021,3/29/2022,12/29/2021,Permit,,,305 AVOCADO LN HALLANDALE BEACH FL 33009,514228310011,reroof entire shingles and built up flat roofing,
BRFG-24-04921,Building Roofing - Combo,Finaled,,12/19/2024,11/12/2024,4/28/2025,1/25/2025,Permit,,,716 SW 5 CT HALLANDALE BEACH FL 33009,514228170060,re-roof shingles & flat roof & install roofing straps,
SHOP-17-01016,BD Shop Drawing - Roofing,Approved ,,,3/31/2017,,,Plan,,,901 S FEDERAL HWY HALLANDALE BEACH FL 33009,514227510010,,
SHOP-18-03698,BD Shop Drawing - Roofing,Approved ,,,12/3/2018,,,Plan,,,812 NE 2 CT HALLANDALE BEACH FL 33009,514222360690,,
SHOP-16-03700,BD Shop Drawing - Roofing,Approved ,,,10/26/2016,,,Plan,,,224 SE 9 CT HALLANDALE BEACH FL 33009,514227140920,,
SHOP-16-02173,BD Shop Drawing - Roofing,Approved ,,,5/10/2016,,,Plan,,,113 HOLIDAY DR HALLANDALE BEACH FL 33009,514235030180,,
SHOP-19-02622,BD Shop Drawing - Roofing,VOID,,,8/26/2019,,,Plan,,,26 NW 4 AVE HALLANDALE BEACH FL 33009,514228021290,,
SHOP-19-02629,BD Shop Drawing - Roofing,Approved ,,,8/26/2019,,,Plan,,,802 NW 5 TER HALLANDALE BEACH FL 33009,514221090980,,
SHOP-16-02695,BD Shop Drawing - Roofing,Approved ,,,7/5/2016,,,Plan,,,822 NW 3 TER Hallandale Beach FL 33009,514221090370,,
SHOP-18-03672,BD Shop Drawing - Roofing,Approved ,,,11/29/2018,,,Plan,,,406 TAMARIND DR HALLANDALE BEACH FL 33009,514226050960,,
SHOP-16-01154,BD Shop Drawing - Roofing,Approved ,,,2/8/2016,,,Plan,,,1430 E HALLANDALE BEACH BLVD Hallandale Beach FL 33009,514226150010,,
SHOP-17-01221,BD Shop Drawing - Roofing,Approved ,,,4/18/2017,,,Plan,,,600 SILKS RUN HALLANDALE BEACH FL 33009,514227510014,,
SHOP-18-02267,BD Shop Drawing - Roofing,VOID,,,7/19/2018,,,Plan,,,520 FOSTER RD HALLANDALE BEACH FL 33009,514221150420,,
SHOP-18-00627,BD Shop Drawing - Roofing,Approved ,,,2/26/2018,,,Plan,,,800 SE 4 Ave HALLANDALE BEACH FL 33009,514227170010,,
SHOP-16-02653,BD Shop Drawing - Roofing,Approved ,,,6/29/2016,,,Plan,,,912 NE 3 ST Hallandale Beach FL 33009,514222360570,,
SHOP-17-01077,BD Shop Drawing - Roofing,Rescinded,,,4/5/2017,,,Plan,,,,,,
SHOP-19-03774,BD Shop Drawing - Roofing,Approved ,,,12/12/2019,,,Plan,,,612 PALM DR HALLANDALE BEACH FL 33009,514226040160,,
SHOP-16-01443,BD Shop Drawing - Roofing,Approved ,,,3/4/2016,,,Plan,,,745 NW 9 ST Unit: FieldHouse HALLANDALE BEACH FL 33009,514221010080,,
SHOP-16-03218,BD Shop Drawing - Roofing,Approved ,,,8/29/2016,,,Plan,,,433 LESLIE DR HALLANDALE BEACH FL 33009,514223140880,,
SHOP-16-03301,BD Shop Drawing - Roofing,Approved ,,,9/9/2016,,,Plan,,,1405 E HALLANDALE BEACH BLVD HALLANDALE BEACH FL 33009,514226090010,,
SHOP-17-00532,BD Shop Drawing - Roofing,Approved ,,,2/22/2017,,,Plan,,,801 N FEDERAL HWY HALLANDALE BEACH FL 33009,514222290022,,
SHOP-16-01613,BD Shop Drawing - Roofing,Approved ,,,3/16/2016,,,Plan,,,1000 NW 8 AVE HALLANDALE BEACH FL 33009,514221010080,,
SHOP-16-04283,BD Shop Drawing - Roofing,Approved ,,,12/29/2016,,,Plan,,,406 ALAMANDA DR HALLANDALE BEACH FL 33009,514226050360,,
SHOP-17-01071,BD Shop Drawing - Roofing,Approved ,,,4/4/2017,,,Plan,,,604 NW 3 AVE HALLANDALE BEACH FL 33009,514221170160,,
SHOP-17-00700,BD Shop Drawing - Roofing,Approved ,,,3/7/2017,,,Plan,,,521 HOLIDAY DR Hallandale Beach FL 33009,514235020010,,
SHOP-16-01935,BD Shop Drawing - Roofing,Approved ,,,4/18/2016,,,Plan,,,415 E HALLANDALE BEACH BLVD HALLANDALE BEACH FL 33009,514227240081,,
SHOP-19-01395,BD Shop Drawing - Roofing,Approved ,,,5/7/2019,,,Plan,,,510 FOSTER RD HALLANDALE BEACH FL 33009,514221150520,,
SHOP-16-00601,BD Shop Drawing - Roofing,Approved ,,,12/9/2015,,,Plan,,,926 NW 10 ST Hallandale Beach FL 33009,514221280220,,
SHOP-16-00448,BD Shop Drawing - Roofing,Approved ,,,11/20/2015,,,Plan,,,206 HOLIDAY DR Hallandale Beach FL 33009,514226130630,,
SHOP-17-02458,BD Shop Drawing - Roofing,Cancelled,,,8/24/2017,,,Plan,,,20 NE 1 AVE HALLANDALE BEACH FL 33009,514227040020,,
SHOP-18-01946,BD Shop Drawing - Roofing,Approved ,,,6/19/2018,,,Plan,,,111 N FEDERAL HWY HALLANDALE BEACH FL 33009,514227440010,,
SHOP-16-02483,BD Shop Drawing - Roofing,Approved ,,,6/9/2016,,,Plan,,,112 HOLIDAY DR Hallandale Beach FL 33009,514226130660,,
SHOP-16-02696,BD Shop Drawing - Roofing,Approved ,,,7/5/2016,,,Plan,,,811 NW 3 TER HALLANDALE BEACH FL 33009,514221090510,,
SHOP-22-00326,BD Shop Drawing - Roofing,On-Review,,,1/27/2022,,,Plan,,,,,,
SHOP-16-00638,BD Shop Drawing - Roofing,Approved ,,,12/14/2015,,,Plan,,,300 NW 7 CT Hallandale Beach FL 33009,514221070060,,
SHOP-16-00168,BD Shop Drawing - Roofing,Approved ,,,10/23/2015,,,Plan,,,424 TAMARIND DR Hallandale Beach FL 33009,514226050930,,
SHOP-17-01694,BD Shop Drawing - Roofing,Approved ,,,6/7/2017,,,Plan,,,701 NE 1 ST Hallandale Beach FL 33009,514227200110,,
SHOP-19-03846,BD Shop Drawing - Roofing,Approved ,ICEBOX CULINARY CENTER,,12/17/2019,,,Plan,,,219 NE 3 ST HALLANDALE BEACH FL 33009,514222310060,,
SHOP-21-02340,BD Shop Drawing - Roofing,Approved ,,,8/7/2021,,,Plan,,,777 SW 7 AVE HALLANDALE BEACH FL 33009,514228700010,,
SHOP-19-02473,BD Shop Drawing - Roofing,Approved ,DAVID POSNACK JEWISH SCHOOL AKA SW SCHOOL ,,8/12/2019,,,Plan,,,412 SW 11 ST HALLANDALE BEACH FL 33009,514228300280,,
SHOP-16-02417,BD Shop Drawing - Roofing,Approved ,,,6/3/2016,,,Plan,,,912 NE 3 ST Hallandale Beach FL 33009,514222360570,,
SHOP-16-00625,BD Shop Drawing - Roofing,Approved ,,,12/11/2015,,,Plan,,,809 NW 5 AVE HALLANDALE BEACH FL 33009,514221090950,,
SHOP-16-00613,BD Shop Drawing - Roofing,Approved ,,,12/10/2015,,,Plan,,,811 NW 4 AVE Hallandale Beach FL 33009,514221090620,,
SHOP-21-03460,BD Shop Drawing - Roofing,Approved ,HALLANDALE OASIS,,10/21/2021,,,Plan,,,1000 E HALLANDALE BEACH BLVD Unit: B1 HALLANDALE BEACH FL 33009,514227010280,,
SHOP-16-03789,BD Shop Drawing - Roofing,Approved ,,,11/2/2016,,,Plan,,,1030 W HALLANDALE BEACH BLVD HALLANDALE BEACH FL 33009,514228000084,,
SHOP-17-00017,BD Shop Drawing - Roofing,Approved ,,,1/4/2017,,,Plan,,,466 SUNSET DR HALLANDALE BEACH FL 33009,514226050550,,
SHOP-17-00985,BD Shop Drawing - Roofing,Approved ,,,3/29/2017,,,Plan,,,715 SW 6 AVE HALLANDALE BEACH FL 33009,514228330210,,
SHOP-19-00160,BD Shop Drawing - Roofing,Approved ,,,1/17/2019,,,Plan,,,735 SW 1 ST HALLANDALE BEACH FL 33009,514228130010,,
SHOP-19-03882,BD Shop Drawing - Roofing,Approved ,,,12/19/2019,,,Plan,,,213 N FEDERAL HWY HALLANDALE BEACH FL 33009,514227110270,,
SHOP-17-03224,BD Shop Drawing - Roofing,Approved ,,,11/14/2017,,,Plan,,,144 NE 1 AVE HALLANDALE BEACH FL 33009,514227040132,,
SHOP-19-01285,BD Shop Drawing - Roofing,Approved ,,,4/30/2019,,,Plan,,,530 HIBISCUS DR HALLANDALE BEACH FL 33009,514226030060,,
SHOP-17-00568,BD Shop Drawing - Roofing,Approved ,HALLANDALE FIRE STATION NO.7,,2/23/2017,,,Plan,,,111 FOSTER RD Hallandale Beach FL 33009,514222040190,,
SHOP-22-05206,BD Shop Drawing - Roofing,Approved ,,,10/5/2022,,,Plan,,,800 NE 5th ST Hallandale Beach FL 33009,514222132430,,
SHOP-18-02733,BD Shop Drawing - Roofing,Approved ,,,9/4/2018,,,Plan,,,501 SE 1 AVE Unit: PARK HALLANDALE BEACH FL 33009,514227010370,,
SHOP-19-01582,BD Shop Drawing - Roofing,Approved ,,,5/22/2019,,,Plan,,,520 FOSTER RD HALLANDALE BEACH FL 33009,514221150420,,
SHOP-20-00907,BD Shop Drawing - Roofing,Approved ,,,3/31/2020,,,Plan,,,1010 S FEDERAL HWY HALLANDALE BEACH FL 33009,514227010430,,
SHOP-16-03249,BD Shop Drawing - Roofing,Approved ,,,9/1/2016,,,Plan,,,619 PALM DR HALLANDALE BEACH FL 33009,514226040270,,
2015-0990-NBRS-1,Building New Construction - Single Family,Finaled,,8/5/2015,2/9/2015,2/1/2016,4/18/2016,Permit,,,106 SE 9 CT Hallandale Beach FL 33009,514227DK0000,roofing permit,
BRFG-24-02531,Building Roofing - Built-Up,Required,,,6/5/2024,,,Permit,,,1913 S OCEAN DR HALLANDALE BEACH FL 33009,514226GA0000,repair to remove and replace wet roofing with same,
BRFG-24-00960,Building Roofing - Combo,Finaled,,3/25/2024,3/11/2024,8/12/2024,5/14/2024,Permit,,,112 SW 2 AVE HALLANDALE BEACH FL 33009,514228022210,re-roofing roof with shingle and a hotmop system,
BTR-23-03309,Local Business Tax Receipt,In Review,,,3/8/2023,,,License,ALPAT CONSTRUCTION CORP,Corporation,400 S FEDERAL HWY HALLANDALE BEACH FL 33009,514227420010,state roofing ccc 053252 and general contractor cgc 043252,
CU-22-01933,Certificate of Use,In Review,,,10/27/2022,,,License,DLJ ROOFING CONTRACTORS LLC,Limited Liability Company (LLC),215 SE 3 AVE Unit: 405D HALLANDALE BEACH FL 33009,514227BD1170,license required as per city,
BTR-22-01511,Local Business Tax Receipt,Void,,,10/10/2022,,,License,DLJ ROOFING CONTRACTORS LLC,Limited Liability Company (LLC),215 SE 3 AVE Unit: 405D HALLANDALE BEACH FL 33009,514227BD1170,local business tax receipt,
BTR-22-01930,Local Business Tax Receipt - Professionals,Fees Due,,,10/1/2025,1/1/2999,,License,DLJ ROOFING CONTRACTORS LLC,Limited Liability Company (LLC),215 SE 3 AVE Unit: 405D HALLANDALE BEACH FL 33009,514227BD1170,contractor,
BRFG-24-04689,Building Roofing - Built-Up,Finaled,,11/12/2024,9/5/2024,2/17/2025,11/18/2024,Permit,,,851  ATLANTIC SHORES BLVD Unit: 120 HALLANDALE BEACH FL 33009,514222NR0000,building roofing built up for master permit bpol-22-01380,
BRFG-23-02091,Building Roofing - Single Ply,Finaled,,6/13/2023,3/7/2023,12/30/2024,2/13/2024,Permit,,,1110 E HALLANDALE BEACH BLVD HALLANDALE BEACH FL 33009,514227360010,"tpo roofing fully adhered over lwic by others.
building 2.1",
BRFG-23-04809,Building Roofing - Shingle,Finaled,,12/12/2023,10/27/2023,4/24/2024,1/25/2024,Permit,,,619 NE 5 ST HALLANDALE BEACH FL 33009,514222130620,re-roof: remove existing roofing system & replace with new shingle,
BRFG-25-03262,Building Roofing - Combo,Finaled,,9/2/2025,8/11/2025,2/16/2026,11/17/2025,Permit,,,201 SW 5 ST HALLANDALE BEACH FL 33009,514228180080,re-roofing shingle to shingle (owing corning) and hot map flat,
BRFG-24-04479,Building Roofing - Built-Up,Finaled,,11/18/2024,10/17/2024,3/3/2026,12/3/2025,Permit,,,485  SUNSET DR HALLANDALE BEACH FL 33009,514226050810,"roofing, tapered insulation with tpo single ply / waterproofing top roof (silicone)",
SP-PDRN-20-03831,SP - Plumbing Drainage - Storm Drainage,Finaled,,6/29/2021,10/29/2020,11/7/2022,5/4/2022,Permit,,,1950 S OCEAN DR HALLANDALE BEACH FL 33009,514226BH0000,re-roofing permit,
MEXV-21-01562,Mechanical Exh/Vent - Generic,Finaled,,6/29/2021,10/29/2020,12/12/2022,9/13/2022,Permit,,,1950 S OCEAN DR HALLANDALE BEACH FL 33009,514226BH0000,re-roofing permit,
NEW-24-04363,Construction of new structure,VOID,,,10/16/2024,,10/24/2024,Permit,,,485  SUNSET DR HALLANDALE BEACH FL 33009,514226050810,new roofing system,
2009-1605-NBRS-0,Building New Construction - Single Family,Finaled,,8/12/2009,6/24/2009,2/8/2010,7/22/2011,Permit,,,478 ALAMANDA DR Hallandale Beach FL 33009,514226051380,straps for roofing,
BRFG-21-01250,Building Roofing - Single Ply,Finaled,,5/6/2021,4/5/2021,8/16/2021,10/11/2023,Permit,,,427 GOLDEN ISLES DR HALLANDALE BEACH FL 33009,514226CA0010,remove existing spf roofing system and replace it with new spf system,
BRFG-23-00241,Building Roofing - Combo,Finaled,,3/15/2023,1/11/2023,11/20/2024,8/22/2024,Permit,,,900-914 NE 25 AVE Unit: 69-76 Hallandale Beach FL 33009,514223120125,replace roofing: hot mop system on flat sections and asphalt shingle on mansard,
BRFG-22-04798,Building Roofing - Combo,Finaled,,12/8/2022,11/18/2022,3/29/2023,12/29/2022,Permit,,,724 SW 5 CT HALLANDALE BEACH FL 33009,514228170040,re-roofing with shingles and for flat roof will use tpo single ply,
BRFG-21-03002,Building Roofing - Combo,Expired,,11/1/2021,7/13/2021,3/7/2022,,Permit,,,623 SW 2 ST HALLANDALE BEACH FL 33009,514228070060,re-roofing of 20 sq. ft of shingles and 6 sq.ft. flat deck,
BRFG-22-03524,Building Roofing - Single Ply,Finaled,,8/31/2022,7/19/2022,6/20/2024,3/21/2024,Permit,,,2000 ATLANTIC SHORES Blvd Unit: BLDG 6 HALLANDALE BEACH FL 33009,514223AC0000,remove existing modify roofing system  and replaced with spf+coating+granules roof system,
BRFG-16-03830,Building Roofing - Combo,Finaled,,6/6/2016,6/1/2016,12/21/2016,6/6/2016,Permit,,,123 SW 7 TER HALLANDALE BEACH FL 33009,514228130230,"re-roofing of 1,000 sf with asphalt shingles and 500 sf built up roof",
BRFG-20-03191,Building Roofing - Built-Up,Finaled,,9/28/2020,9/15/2020,9/27/2021,6/29/2021,Permit,,,1920 S OCEAN DR HALLANDALE BEACH FL 33009,514226CJ0000,"tear off flat roof and replace with 1/8"" per foot tapered modified roofing system",
MSUB-22-01541,Mechanical Sub-General - Alteration,Finaled,,9/1/2022,11/15/2021,6/5/2023,12/15/2022,Permit,,,201 HOLIDAY DR HALLANDALE BEACH FL 33009,514235030160,interior| windows| roofing repairs,
1999-2140-BDBR-0,Building Repair - Generic,Finaled,,10/29/1999,9/10/1999,11/30/2011,7/22/2011,Permit,,,1018 SW 2 ST Hallandale Beach FL 33009,514228340140,carport repair with roofing,
PSUB-21-04888,Plumbing Sub-General - Alteration,Finaled,,9/1/2022,11/15/2021,6/19/2023,12/19/2022,Permit,,,201 HOLIDAY DR HALLANDALE BEACH FL 33009,514235030160,interior| windows| roofing repairs,
2008-0593-NBDR-0,Building New Construction - Single Family,Finaled,,4/1/2008,12/13/2023,12/15/2021,9/16/2021,Permit,,,1030 SW 2 ST Hallandale Beach FL 33009,514228340160,roofing not main building,
BALT-21-04887,Building Alteration - Res-Interior,Finaled,,11/3/2022,11/15/2021,3/21/2023,12/21/2022,Permit,,,201 HOLIDAY DR HALLANDALE BEACH FL 33009,514235030160,interior| windows| roofing repairs,
OSR-25-04845,Re-Roof of Structure,Required,,,12/5/2025,,,Permit,,,212 SW 5 AVE HALLANDALE BEACH FL 33009,,,
BTR-22-01629,Local Business Tax Receipt - Professionals,Void,,,9/4/2024,1/1/2999,,License,Cory & Associates Inc.,Corporation,226 NW 5 AVE HALLANDALE BEACH FL 33009,514228050220,duplicate acct. invoiced for 2025.  roofing contractor - see btr-22-00417 for state license,
BRFG-25-02096,Building Roofing - Combo,Finaled,,6/17/2025,4/30/2025,10/21/2025,7/23/2025,Permit,,,2001 S OCEAN DRIVE HALLANDALE BEACH FL 33009,514226NN0000,re-roofing shingles and flat (we are doing the entire building; all owners will be included under this master),
BTR-25-08944,Local Business Tax Receipt,Pending CU,,,7/2/2025,1/1/2999,,License,Solutions Capital Group,Corporation,110 NW FOSTER RD Unit: 3004 Hallandale Beach FL 33009,514222450030,administrative office for construction company,All Florida Construction & Roofing CO
BTR-25-08945,Local Business Tax Receipt - Professionals,Pending CU,,,7/2/2025,1/1/2999,,License,Solutions Capital Group,Corporation,110 NW FOSTER RD Unit: 3004 Hallandale Beach FL 33009,514222450030,administrative office for construction company,All Florida Construction & Roofing CO
CU-25-08943,Certificate of Use,In Review,,,7/2/2025,1/1/2999,,License,Solutions Capital Group,Corporation,110 NW FOSTER RD Unit: 3004 Hallandale Beach FL 33009,514222450030,construction office,All Florida Construction & Roofing CO
BRPR-21-02580,Building Repair - Concrete Restoration,Expired,,11/17/2021,5/5/2021,9/1/2022,,Permit,,,1975 S OCEAN DR Unit: CLUB HALLANDALE BEACH FL 33009,514226BG0000,"re-roofing
minor concrete repairs",
BRFG-22-03549,Building Roofing - Single Ply,Finaled,,9/6/2022,5/17/2022,6/20/2024,3/21/2024,Permit,,,751 THREE ISLANDS Blvd Unit: OFFICE HALLANDALE BEACH FL 33009,514223AC0000,re-roofing  -  remove existing modify roof on all six buildings and club house and replaced with new spf+coating roof system,
BRFG-22-04886,Building Roofing - Combo,Finaled,,12/20/2022,10/26/2022,11/13/2024,8/19/2024,Permit,,,Bldg 5 801 NE 25 AVE Unit: Units 77-88 Hallandale Beach FL 33009,514223120125,remove roofing material on flat roof and mansard roof and install new hot mop system with tapered insulation; and shingle on mansard,
BRFG-22-04796,Building Roofing - Combo,Finaled,,12/29/2022,10/26/2022,11/20/2024,8/22/2024,Permit,,,901-923 NE 24 AVE Unit: 89-100 Hallandale Beach FL 33009,514223AH0490,remove roofing material on flat roof and mansard roof and install new hot mop system with tapered insulation; and shingle on mansard,
ALT-24-04556,Interior Alteration/ Tenant Build out,Expired,,,7/7/2025,8/28/2025,,Permit,,,500 NE 3 ST Unit: 118 HALLANDALE BEACH FL 33009,514227DD0180,"demolition of roofing tiles, roofing deck, trusses and interior walls bathroom and kitchen",
SP-BOTH-17-04395,SP - Building Other - General,Finaled,,12/15/2017,9/5/2017,11/5/2018,5/7/2018,Permit,,,815 W HALLANDALE BEACH BLVD HALLANDALE BEACH FL 33009,514228520010,walk-in cooler ac roof stand roofing repair,
ALT-25-01043,Interior Alteration/ Tenant Build out,VOID,,,3/8/2025,,4/22/2025,Permit,,,500 NE 3 ST Unit: 118 HALLANDALE BEACH FL 33009,514227DD0180,"demolition of roofing tiles, roofing deck, trusses and interior walls bathroom and kitchen // void due to being created in error by plan reviewer!",
BWTP-24-05363,Building Waterproofing - Paint,Active,,8/15/2025,11/15/2024,1/20/2026,,Permit,,,1850 S OCEAN DR HALLANDALE BEACH FL 33009,514226AS0000,roofing permit application for approved plans of   pl-omni-23-03021,
NEW-25-01793,Construction of new structure,VOID,,,4/28/2025,,4/29/2025,Permit,,,218 SW 5 ST HALLANDALE BEACH FL 33009,514228310191,roofing: re-roof with shingles.  // ** voided due to submitted under wrong submittal type. **,
ZSUB-22-04393,Zoning Sub-General - Addition,Required,,,3/29/2022,,,Permit,,,410 SW 10 TER HALLANDALE BEACH FL 33009,514228290240,make existing carport into an habitable area master suite w new bathroom / new roofing,
PSUB-22-01383,Plumbing Sub-General - Addition,Required,,,3/29/2022,,,Permit,,,410 SW 10 TER HALLANDALE BEACH FL 33009,514228290240,make existing carport into an habitable area master suite w new bathroom / new roofing,
BADD-22-01382,Building Addition - Res-Attached,Required,,,3/29/2022,,,Permit,,,410 SW 10 TER HALLANDALE BEACH FL 33009,514228290240,make existing carport into an habitable area master suite w new bathroom / new roofing,
ESUB-22-01434,Electrical Sub-General - Addition,Required,,,3/29/2022,,,Permit,,,410 SW 10 TER HALLANDALE BEACH FL 33009,514228290240,make existing carport into an habitable area master suite w new bathroom / new roofing,
PSUB-24-04084,Plumbing Sub-General - Addition,Finaled,,5/22/2025,4/8/2024,1/3/2026,8/21/2025,Permit,,,901 NE 4 ST HALLANDALE BEACH FL 33009,514222360400,"2 story addition to existing single family house ,footings,concrete,framing,plumbing,electrical,mechanical, roofing .",
ZSUB-24-05066,Zoning Sub-General - Addition,Finaled,,12/5/2024,4/8/2024,1/3/2026,9/2/2025,Permit,,,901 NE 4 ST HALLANDALE BEACH FL 33009,514222360400,"2 story addition to existing single family house ,footings,concrete,framing,plumbing,electrical,mechanical, roofing .",
ESUB-25-02045,Electrical Sub-General - Addition,Finaled,,5/22/2025,4/8/2024,1/3/2026,8/22/2025,Permit,,,901 NE 4 ST HALLANDALE BEACH FL 33009,514222360400,"2 story addition to existing single family house ,footings,concrete,framing,plumbing,electrical,mechanical, roofing .",
MSUB-24-05393,Mechanical Sub-General - Addition,Finaled,,5/22/2025,4/8/2024,1/3/2026,8/25/2025,Permit,,,901 NE 4 ST HALLANDALE BEACH FL 33009,514222360400,"2 story addition to existing single family house ,footings,concrete,framing,plumbing,electrical,mechanical, roofing .owner builder",
MAIR-23-02328,Mechanical Air Cond - Split System,Finaled,,7/11/2023,5/30/2023,10/25/2023,7/26/2023,Permit,,,614 ATLANTIC SHORES BLVD Unit: 104 HALLANDALE BEACH FL 33009,514222GB0040,sub permit to raise 8 existing air conditioning systems for re-roofing process with pl omni 23 02507,
2015-0872,BD Roofing - Res - Replace,Approved ,,,1/29/2015,,,Plan,,,320 NE 12 AVE Hallandale Beach FL 33009,514222CA0000,,
2008-0474,BD Roofing - Res - Replace,Approved ,,,12/20/2007,,,Plan,,,2649 S PARKVIEW DR Hallandale Beach FL 33009,514223140940,,
2014-2658,BD Roofing - Res - Replace,Approved ,,,9/3/2014,,,Plan,,,1000 SW 7 TER Hallandale Beach FL 33009,514228090120,,
2006-0605,BD Roofing - Res - Replace,Approved ,,,1/10/2006,,,Plan,,,732 NW 5 CT Hallandale Beach FL 33009,514221190430,,
2015-2732,BD Roofing - Res - Replace,Approved ,,,9/1/2015,,,Plan,,,622 SW 6 ST Hallandale Beach FL 33009,514228160140,,
2015-2430,BD Roofing - Res - Replace,Approved ,,,7/22/2015,,,Plan,,,738 NW 3 CT Hallandale Beach FL 33009,514221200470,,
2000-1015,BD Roofing - Res - Replace,Approved ,,,3/30/2000,,,Plan,,,600 PARKVIEW DR Hallandale Beach FL 33009,514223BC0000,,
2012-0519,BD Roofing - Res - Replace,Approved ,,,12/23/2011,,,Plan,,,925 NE 4 ST Hallandale Beach FL 33009,514222360360,,
2015-0335,BD Roofing - Res - Replace,Approved ,,,11/14/2014,,,Plan,,,208 NE 2 AVE Hallandale Beach FL 33009,514227290180,,
2003-1266,BD Roofing - Res - Replace,Approved ,,,3/26/2003,,,Plan,,,1100 MOFFETT ST Hallandale Beach FL 33009,514222132650,,
2003-1240,BD Roofing - Com - Replace,Approved ,,,3/25/2003,,,Plan,,,1050 NW 7 CT Hallandale Beach FL 33009,514221010090,,
2003-1776,BD Roofing - Com - Replace,Approved ,,,6/5/2003,,,Plan,,,100 GOLDEN ISLES DR Hallandale Beach FL 33009,514226CC0000,,
2003-2018,BD Roofing - Com - Replace,Approved ,,,7/7/2003,,,Plan,,,1000 W HALLANDALE BEACH BLVD Hallandale Beach FL 33009,514228560010,,
2003-1328,BD Roofing - Com - Replace,Approved ,,,4/2/2003,,,Plan,,,735 SW 1 ST Hallandale Beach FL 33009,514228130010,,
2003-1175,BD Roofing - Com - Replace,Approved ,,,3/14/2003,,,Plan,,,450 ANSIN BLVD Hallandale Beach FL 33009,514221010150,,
2002-0994,BD Roofing - Res - Replace,Approved ,,,3/7/2002,,,Plan,,,405 NW 7 CT Hallandale Beach FL 33009,514221070242,,
2003-2198,BD Roofing - Res - Replace,Approved ,,,7/30/2003,,,Plan,,,996 NW 10 ST Unit: A Hallandale Beach FL 33009,514221280290,,
2003-0847,BD Roofing - Res - Replace,Approved ,,,1/29/2003,,,Plan,,,1000 PARKVIEW DR Hallandale Beach FL 33009,514223AG0000,,
2001-0134,BD Roofing - Res - Replace,Approved ,,,10/26/2000,,,Plan,,,631 SW 9 ST Hallandale Beach FL 33009,514228330850,,
2002-1769,BD Roofing - Res - Replace,Approved ,,,6/13/2002,,,Plan,,,473 GOLDEN ISLES DR Hallandale Beach FL 33009,514226HE0000,,
2002-2565,BD Roofing - Res - Replace,Approved ,,,9/13/2002,,,Plan,,,648 NW 3 CT Hallandale Beach FL 33009,514221180860,,
2003-1027,BD Roofing - Res - Replace,Approved ,,,2/26/2003,,,Plan,,,19 SW 7 ST Hallandale Beach FL 33009,514227210600,,
2003-1942,BD Roofing - Res - Replace,Approved ,,,6/26/2003,,,Plan,,,600 SW 8 ST Hallandale Beach FL 33009,514228330690,,
2003-2302,BD Roofing - Res - Replace,Approved ,,,8/13/2003,,,Plan,,,740 SW 4 ST Hallandale Beach FL 33009,514228400280,,
2003-2413,BD Roofing - Res - Replace,Approved ,,,8/29/2003,,,Plan,,,17 SW 6 ST Hallandale Beach FL 33009,514227210412,,
2002-0633,BD Roofing - Res - Replace,Approved ,,,1/10/2002,,,Plan,,,491 SW 7 ST Hallandale Beach FL 33009,514228330110,,
2003-1142,BD Roofing - Res - Replace,Approved ,,,3/11/2003,,,Plan,,,1000 PARKVIEW DR Hallandale Beach FL 33009,514223AG0000,,
2003-0701,BD Roofing - Res - Replace,Approved ,,,1/10/2003,,,Plan,,,221 SE 2 AVE Hallandale Beach FL 33009,514227340100,,
2003-2476,BD Roofing - Res - Replace,Approved ,,,9/11/2003,,,Plan,,,209 SW 5 ST Hallandale Beach FL 33009,514228180070,,
2003-1792,BD Roofing - Res - Replace,Approved ,,,6/9/2003,,,Plan,,,524 PALM DR Hallandale Beach FL 33009,514226040070,,
2003-2506,BD Roofing - Res - Replace,Approved ,,,9/16/2003,,,Plan,,,18 SW 8 ST Hallandale Beach FL 33009,514227210760,,
2002-2209,BD Roofing - Res - Replace,Approved ,,,8/1/2002,,,Plan,,,218 SW 5 ST Hallandale Beach FL 33009,514228310191,,
2003-1170,BD Roofing - Res - Replace,Approved ,,,3/13/2003,,,Plan,,,850 SW 9 AVE Hallandale Beach FL 33009,514228030121,,
2003-2519,BD Roofing - Res - Replace,Approved ,,,9/18/2003,,,Plan,,,407 SUNSET DR Hallandale Beach FL 33009,514226050680,,
2003-0334,BD Roofing - Res - Replace,Approved ,,,11/19/2002,,,Plan,,,112 SW 1 AVE Hallandale Beach FL 33009,514228022090,,
2002-2556,BD Roofing - Res - Replace,Approved ,,,9/12/2002,,,Plan,,,305 SW 8 AVE Hallandale Beach FL 33009,514228400300,,
2003-1915,BD Roofing - Res - Replace,Approved ,,,6/24/2003,,,Plan,,,1900 DIANA DR Hallandale Beach FL 33009,514226GJ0000,,
2003-1704,BD Roofing - Res - Replace,Approved ,,,5/27/2003,,,Plan,,,729 NE 6 ST Hallandale Beach FL 33009,514222130690,,
2002-0860,BD Roofing - Res - Replace,Approved ,,,2/15/2002,,,Plan,,,207 HOLIDAY DR Hallandale Beach FL 33009,514235030150,,
2003-1049,BD Roofing - Res - Replace,Approved ,,,2/28/2003,,,Plan,,,724 NW 3 CT Hallandale Beach FL 33009,514221200491,,
2003-2145,BD Roofing - Res - Replace,Approved ,,,7/24/2003,,,Plan,,,1009 NE 4 ST Hallandale Beach FL 33009,514222390320,,
2003-2052,BD Roofing - Res - Replace,Approved ,,,7/11/2003,,,Plan,,,104 SW 7 ST Hallandale Beach FL 33009,514227210530,,
2003-1955,BD Roofing - Res - Replace,Approved ,,,6/30/2003,,,Plan,,,813 NE 2 ST Hallandale Beach FL 33009,514227310040,,
2003-2094,BD Roofing - Res - Replace,Approved ,,,7/17/2003,,,Plan,,,800 DIPLOMAT PKWY Hallandale Beach FL 33009,514226110320,,
2002-2394,BD Roofing - Com - Replace,Approved ,,,8/21/2002,,,Plan,,,825 W HALLANDALE BEACH BLVD Hallandale Beach FL 33009,514228520020,,
1996-1442,BD Roofing - Com - Replace,Approved ,,,4/10/1996,,,Plan,,,818 NW 7 TER Hallandale Beach FL 33009,514221270220,,
1994-1988,BD Roofing - Com - Replace,Approved ,,,5/20/1994,,,Plan,,,107 NW 4 AVE Hallandale Beach FL 33009,514228020530,,
1994-2837,BD Roofing - Com - Replace,Approved ,,,8/23/1994,,,Plan,,,1119 NE 5 ST Hallandale Beach FL 33009,514222370620,,
1994-0031,BD Roofing - Com - Replace,Approved ,,,10/5/1993,,,Plan,,,125 NW 4 AVE Hallandale Beach FL 33009,514228020560,,
1998-1149,BD Roofing - Com - Replace,Approved ,,,3/24/1998,,,Plan,,,400 GOLDEN ISLES DR Hallandale Beach FL 33009,514226AB0000,,
2002-2297,BD Roofing - Com - Replace,Approved ,,,8/10/2002,,,Plan,,,400 S FEDERAL HWY Hallandale Beach FL 33009,514227420010,,
1994-2415,BD Roofing - Com - Replace,Approved ,,,7/1/1994,,,Plan,,,1985 S OCEAN DR Unit: SUB Hallandale Beach FL 33009,514226GK0000,,
1998-0378,BD Roofing - Com - Replace,Approved ,,,11/19/1997,,,Plan,,,831 N FEDERAL HWY Hallandale Beach FL 33009,514222020010,,
1996-0255,BD Roofing - Com - Replace,Approved ,,,11/2/1995,,,Plan,,,1103 NE 1 CT Unit: B Hallandale Beach FL 33009,514227CB0020,,
2002-2123,BD Roofing - Res - Replace,Approved ,,,7/23/2002,,,Plan,,,627 NW 10 CT Hallandale Beach FL 33009,514221020610,,
2002-1063,BD Roofing - Res - Replace,Approved ,,,3/18/2002,,,Plan,,,609 SW 2 AVE Hallandale Beach FL 33009,514228180140,,
2002-1290,BD Roofing - Res - Replace,Approved ,,,4/12/2002,,,Plan,,,805 NE 3 ST Hallandale Beach FL 33009,514222030060,,
2002-1509,BD Roofing - Res - Replace,Approved ,,,5/9/2002,,,Plan,,,120 SW 3 AVE Hallandale Beach FL 33009,514228022370,,
2003-0770,BD Roofing - Res - Replace,Approved ,,,1/21/2003,,,Plan,,,617 SW 2 AVE Hallandale Beach FL 33009,514228180160,,
2002-1525,BD Roofing - Res - Replace,Approved ,,,5/13/2002,,,Plan,,,18 SW 6 ST Hallandale Beach FL 33009,514227210300,,
2002-1730,BD Roofing - Res - Replace,Approved ,,,6/11/2002,,,Plan,,,313 SW 8 ST Hallandale Beach FL 33009,514228370040,,
2003-0495,BD Roofing - Res - Replace,Approved ,,,12/11/2002,,,Plan,,,649 SW 1 CT Hallandale Beach FL 33009,514228100100,,
1997-0387,BD Roofing - Com - Replace,Approved ,,,11/13/1996,,,Plan,,,601 OLEANDER DR Hallandale Beach FL 33009,514226030640,,
2001-1128,BD Roofing - Com - Replace,Approved ,,,3/26/2001,,,Plan,,,105 NE 3 AVE Hallandale Beach FL 33009,514227300080,,
2001-1914,BD Roofing - Com - Replace,Approved ,,,7/24/2001,,,Plan,,,220 SW 6 AVE Hallandale Beach FL 33009,514228010150,,
2002-0229,BD Roofing - Com - Replace,Approved ,,,11/1/2001,,,Plan,,,209 NW 4 AVE Hallandale Beach FL 33009,514228050150,,
2001-2317,BD Roofing - Com - Replace,Approved ,,,9/21/2001,,,Plan,,,709 SE 1 AVE Hallandale Beach FL 33009,514227150010,,
1995-1992,BD Roofing - Com - Replace,Approved ,,,6/6/1995,,,Plan,,,219 SW 11 AVE Hallandale Beach FL 33009,514228340250,,
2002-0179,BD Roofing - Res - Replace,Approved ,,,10/24/2001,,,Plan,,,337 NE 2 ST Hallandale Beach FL 33009,514227110310,,
2001-1601,BD Roofing - Res - Replace,Approved ,,,6/5/2001,,,Plan,,,113 SE 9 CT Hallandale Beach FL 33009,514227140150,,
2001-2194,BD Roofing - Res - Replace,Approved ,,,9/7/2001,,,Plan,,,116 NE 2 AVE Hallandale Beach FL 33009,514227290100,,
2002-0282,BD Roofing - Res - Replace,Approved ,,,11/8/2001,,,Plan,,,1009 NE 4 CT Hallandale Beach FL 33009,514222390150,,
2002-0329,BD Roofing - Res - Replace,Approved ,,,11/15/2001,,,Plan,,,719 SW 8 ST Hallandale Beach FL 33009,514228331220,,
2001-2253,BD Roofing - Res - Replace,Approved ,,,9/13/2001,,,Plan,,,617 SW 4 ST Hallandale Beach FL 33009,514228260290,,
2002-0356,BD Roofing - Res - Replace,Approved ,,,11/21/2001,,,Plan,,,541 BLUE HERON DR Hallandale Beach FL 33009,514226RY0000,,
2001-2133,BD Roofing - Res - Replace,Approved ,,,8/24/2001,,,Plan,,,473 GOLDEN ISLES DR Hallandale Beach FL 33009,514226HE0000,,
2001-1105,BD Roofing - Res - Replace,Approved ,,,3/23/2001,,,Plan,,,118 HOLIDAY DR Hallandale Beach FL 33009,514226130660,,
2002-0084,BD Roofing - Res - Replace,Approved ,,,10/10/2001,,,Plan,,,1001 NE 5 ST Hallandale Beach FL 33009,514222370700,,
2001-1401,BD Roofing - Res - Replace,Approved ,,,5/3/2001,,,Plan,,,660 NW 4 CT Hallandale Beach FL 33009,514221250101,,
2002-0115,BD Roofing - Res - Replace,Approved ,,,10/16/2001,,,Plan,,,1032 NE 4 CT Hallandale Beach FL 33009,514222390220,,
2002-0170,BD Roofing - Res - Replace,Approved ,,,10/23/2001,,,Plan,,,121 SW 2 AVE Hallandale Beach FL 33009,514228022141,,
2002-0109,BD Roofing - Res - Replace,Approved ,,,10/15/2001,,,Plan,,,513 PALM DR Hallandale Beach FL 33009,514226040380,,
2001-2024,BD Roofing - Res - Replace,Approved ,,,8/8/2001,,,Plan,,,741 SW 10 TER Hallandale Beach FL 33009,514228490050,,
2001-2309,BD Roofing - Res - Replace,Approved ,,,9/20/2001,,,Plan,,,123 SE 4 AVE Hallandale Beach FL 33009,514227240240,,
2001-1870,BD Roofing - Res - Replace,Approved ,,,7/17/2001,,,Plan,,,1116 NE 4 ST Hallandale Beach FL 33009,514222390400,,
2001-1564,BD Roofing - Res - Replace,Approved ,,,5/31/2001,,,Plan,,,620 NE 12 AVE Unit: DTCT1 Hallandale Beach FL 33009,514222AD0000,,
2001-2138,BD Roofing - Res - Replace,Approved ,,,8/24/2001,,,Plan,,,736 NW 5 CT Hallandale Beach FL 33009,514221190420,,
2000-1847,BD Roofing - Res - Replace,Approved ,,,8/2/2000,,,Plan,,,721 NE 3 ST Hallandale Beach FL 33009,514222130110,,
2001-2021,BD Roofing - Res - Replace,Approved ,,,8/8/2001,,,Plan,,,623 NE 3 ST Hallandale Beach FL 33009,514222130130,,
2002-0169,BD Roofing - Res - Replace,Approved ,,,10/23/2001,,,Plan,,,916 MOFFETT ST Hallandale Beach FL 33009,514222131580,,
2002-0591,BD Roofing - Res - Replace,Approved ,,,1/3/2002,,,Plan,,,630 LAYNE BLVD Hallandale Beach FL 33009,514226BJ0000,,
2001-0228,BD Roofing - Res - Replace,Approved ,,,11/6/2000,,,Plan,,,427 GOLDEN ISLES DR Unit: CLTWR Hallandale Beach FL 33009,514226CA0000,,
2001-1703,BD Roofing - Res - Replace,Approved ,,,6/19/2001,,,Plan,,,1117 NE 4 CT Hallandale Beach FL 33009,514222390100,,
2001-2297,BD Roofing - Res - Replace,Approved ,,,9/18/2001,,,Plan,,,1107 NE 5 ST Hallandale Beach FL 33009,514222370640,,
2002-0152,BD Roofing - Res - Replace,Approved ,,,10/19/2001,,,Plan,,,227 SE 4 ST Hallandale Beach FL 33009,514227160261,,
2001-1643,BD Roofing - Res - Replace,Approved ,,,6/12/2001,,,Plan,,,424 POINCIANA DR Hallandale Beach FL 33009,514226050080,,
2002-0572,BD Roofing - Res - Replace,Approved ,,,12/31/2001,,,Plan,,,617 SW 10 ST Hallandale Beach FL 33009,514228080160,,
2002-0310,BD Roofing - Res - Replace,Approved ,,,11/14/2001,,,Plan,,,513 PALM DR Hallandale Beach FL 33009,514226040380,,
2002-0007,BD Roofing - Res - Replace,Approved ,,,10/1/2001,,,Plan,,,107 SW 8 CT Unit: 1-2 Hallandale Beach FL 33009,514227350030,,
2002-0524,BD Roofing - Res - Replace,Approved ,,,12/18/2001,,,Plan,,,913 NE 3 ST Hallandale Beach FL 33009,514222360480,,
2001-2343,BD Roofing - Res - Replace,Approved ,,,9/26/2001,,,Plan,,,805 SW 3 AVE Hallandale Beach FL 33009,514228370390,,
2002-0349,BD Roofing - Res - Replace,Approved ,,,11/20/2001,,,Plan,,,824 NW 8 TER Hallandale Beach FL 33009,514221020170,,
2002-0089,BD Roofing - Res - Replace,Approved ,,,10/11/2001,,,Plan,,,305 SW 3 ST Hallandale Beach FL 33009,514228310040,,
2001-1553,BD Roofing - Res - Replace,Approved ,,,5/30/2001,,,Plan,,,633 NW 6 CT Hallandale Beach FL 33009,514221180510,,
2001-1006,BD Roofing - Com - Replace,Approved ,,,3/12/2001,,,Plan,,,1061 NW 1 CT Unit: UTILT Hallandale Beach FL 33009,514228000076,,
2000-1884,BD Roofing - Res - Replace,Approved ,,,8/8/2000,,,Plan,,,1825 S OCEAN DR Hallandale Beach FL 33009,514226AL0000,,
2001-1273,BD Roofing - Res - Replace,Approved ,,,4/17/2001,,,Plan,,,139 NE 1 AVE Hallandale Beach FL 33009,514227060040,,
2001-1605,BD Roofing - Res - Replace,Approved ,,,6/5/2001,,,Plan,,,623 NE 3 ST Hallandale Beach FL 33009,514222130130,,
2001-1193,BD Roofing - Res - Replace,Approved ,,,4/4/2001,,,Plan,,,629 SW 10 ST Hallandale Beach FL 33009,514228080140,,
2001-1096,BD Roofing - Res - Replace,Approved ,,,3/22/2001,,,Plan,,,101 SW 4 ST Hallandale Beach FL 33009,514227210090,,
2001-0795,BD Roofing - Res - Replace,Approved ,,,2/7/2001,,,Plan,,,1115 NE 2 CT Hallandale Beach FL 33009,514222390570,,
2001-1258,BD Roofing - Res - Replace,Approved ,,,4/13/2001,,,Plan,,,2500 PARKVIEW DR Unit: UTILT Hallandale Beach FL 33009,514223BD0000,,
2001-1301,BD Roofing - Res - Replace,Approved ,,,4/20/2001,,,Plan,,,611 SW 2 ST Hallandale Beach FL 33009,514228010160,,
2001-1189,BD Roofing - Res - Replace,Approved ,,,4/4/2001,,,Plan,,,907 NE 6 ST Hallandale Beach FL 33009,514222360090,,
2000-0138,BD Roofing - Res - Replace,Approved ,,,10/27/1999,,,Plan,,,812 FOSTER RD Hallandale Beach FL 33009,514221020260,,
2006-1784,BD Roofing - Res - Replace,Approved ,,,4/27/2006,,,Plan,,,613 LESLIE DR Hallandale Beach FL 33009,514223140190,,
2015-0650,BD Roofing - Res - Replace,Approved ,,,12/29/2014,,,Plan,,,710 NW 1 CT Hallandale Beach FL 33009,514228150350,,
2014-2488,BD Roofing - Res - Replace,Approved ,,,8/12/2014,,,Plan,,,640 SW 7 CT Hallandale Beach FL 33009,514228200040,,
2013-1009,BD Roofing - Res - Replace,Approved ,,,2/21/2013,,,Plan,,,2609 S PARKVIEW DR Hallandale Beach FL 33009,514223141240,,
2014-2040,BD Roofing - Res - Replace,Approved ,,,6/23/2014,,,Plan,,,437 TAMARIND DR Hallandale Beach FL 33009,514226051040,,
2012-0635,BD Roofing - Res - Replace,Approved ,,,1/13/2012,,,Plan,,,209 NW 10 ST Hallandale Beach FL 33009,514221040230,,
2001-1772,BD Roofing - Com - Replace,Approved ,,,6/27/2001,,,Plan,,,109 SE 1 AVE Hallandale Beach FL 33009,514228021950,,
2013-1432,BD Roofing - Com - Replace,Approved ,,,4/16/2013,,,Plan,,,200 N FEDERAL HWY Hallandale Beach FL 33009,514227250120,,
2013-1123,BD Roofing - Com - Replace,Approved ,,,3/7/2013,,,Plan,,,226 NW 5 AVE Hallandale Beach FL 33009,514228050220,,
2014-0432,BD Roofing - Com - Replace,Approved ,,,11/21/2013,,,Plan,,,129 NE 1 AVE Hallandale Beach FL 33009,514227060050,,
2003-0695,BD Roofing - Res - Replace,Approved ,,,1/9/2003,,,Plan,,,309 SW 5 ST Hallandale Beach FL 33009,514228180020,,
2014-0330,BD Roofing - Res - Replace,Approved ,,,11/13/2013,,,Plan,,,640 NW 6 CT Hallandale Beach FL 33009,514221180400,,
2014-0866,BD Roofing - Res - Replace,Approved ,,,1/24/2014,,,Plan,,,233 NE 14 AVE Hallandale Beach FL 33009,514227AG0000,,
2014-1116,BD Roofing - Res - Replace,Approved ,,,2/26/2014,,,Plan,,,517 LESLIE DR Hallandale Beach FL 33009,514223140450,,
2013-1877,BD Roofing - Res - Replace,Approved ,,,5/29/2013,,,Plan,,,639 SW 10 ST Hallandale Beach FL 33009,514228280030,,
2013-2936,BD Roofing - Res - Replace,Approved ,,,9/13/2013,,,Plan,,,332 NE 3 ST Hallandale Beach FL 33009,514227110210,,
2013-1382,BD Roofing - Res - Replace,Approved ,,,4/10/2013,,,Plan,,,128 NW 4 AVE Hallandale Beach FL 33009,514228020730,,
2014-0373,BD Roofing - Res - Replace,Approved ,,,11/15/2013,,,Plan,,,129 NE 1 AVE Hallandale Beach FL 33009,514227060050,,
2014-0193,BD Roofing - Res - Replace,Approved ,,,10/24/2013,,,Plan,,,1039 W HALLANDALE BEACH BLVD Hallandale Beach FL 33009,514228000130,,
2013-1218,BD Roofing - Res - Replace,Approved ,,,3/20/2013,,,Plan,,,741 SW 5 CT Hallandale Beach FL 33009,514228170110,,
2014-1113,BD Roofing - Res - Replace,Approved ,,,2/26/2014,,,Plan,,,507 LESLIE DR Hallandale Beach FL 33009,514223140470,,
2007-1337,BD Roofing - Res - Replace,Approved ,,,4/13/2007,,,Plan,,,421 SW 3 ST Hallandale Beach FL 33009,514228260180,,
2013-2781,BD Roofing - Res - Replace,Approved ,,,8/23/2013,,,Plan,,,521 HOLIDAY DR Hallandale Beach FL 33009,514235020010,,
2014-0690,BD Roofing - Res - Replace,Approved ,,,1/6/2014,,,Plan,,,714 SW 2 CT Hallandale Beach FL 33009,514228400060,,
2013-1834,BD Roofing - Com - Replace,Approved ,,,5/24/2013,,,Plan,,,512 NW 3 AVE Hallandale Beach FL 33009,514221170250,,
2013-2722,BD Roofing - Res - Replace,Approved ,,,8/15/2013,,,Plan,,,1001 THREE ISLANDS BLVD Unit: 26 Hallandale Beach FL 33009,514223AD2130,,
2013-0678,BD Roofing - Res - Replace,Approved ,,,1/11/2013,,,Plan,,,124 NW 6 AVE Hallandale Beach FL 33009,514228020490,,
2013-2730,BD Roofing - Res - Replace,Approved ,,,8/16/2013,,,Plan,,,729 NE 4 CT Hallandale Beach FL 33009,514222130420,,
2013-1244,BD Roofing - Res - Replace,Approved ,,,3/22/2013,,,Plan,,,313 NE 4 ST Hallandale Beach FL 33009,514222340050,,
2006-1781,BD Roofing - Res - Replace,Approved ,,,4/27/2006,,,Plan,,,2751 PARKVIEW DR Hallandale Beach FL 33009,514223140340,,
2013-2834,BD Roofing - Res - Replace,Approved ,,,8/29/2013,,,Plan,,,448 TAMARIND DR Hallandale Beach FL 33009,514226050890,,
2013-1050,BD Roofing - Res - Replace,Approved ,,,2/27/2013,,,Plan,,,1008 NE 3 ST Hallandale Beach FL 33009,514222390680,,
2013-1890,BD Roofing - Res - Replace,Approved ,,,5/30/2013,,,Plan,,,416 SW 5 AVE Hallandale Beach FL 33009,514228260520,,
2013-1573,BD Roofing - Res - Replace,Approved ,,,5/1/2013,,,Plan,,,516 NW 1 ST Hallandale Beach FL 33009,514228020520,,
2013-1338,BD Roofing - Res - Replace,Approved ,,,4/5/2013,,,Plan,,,2627 S PARKVIEW DR Hallandale Beach FL 33009,514223141100,,
2006-1767,BD Roofing - Res - Replace,Approved ,,,4/27/2006,,,Plan,,,2627 S PARKVIEW DR Hallandale Beach FL 33009,514223141100,,
2013-0935,BD Roofing - Res - Replace,Approved ,,,2/13/2013,,,Plan,,,213 SW 2 AVE Hallandale Beach FL 33009,514228022832,,
2013-1717,BD Roofing - Res - Replace,Approved ,,,5/14/2013,,,Plan,,,181 NE 14 AVE Hallandale Beach FL 33009,514227AM0000,,
2013-1106,BD Roofing - Com - Replace,Approved ,,,3/5/2013,,,Plan,,,1945 S OCEAN DR Hallandale Beach FL 33009,514226BN0000,,
2013-0844,BD Roofing - Com - Replace,Approved ,,,1/31/2013,,,Plan,,,601 NW 2 AVE Hallandale Beach FL 33009,514221170180,,
2014-0108,BD Roofing - Res - Replace,Approved ,,,10/14/2013,,,Plan,,,206 NE 3 ST Hallandale Beach FL 33009,514227110010,,
2008-0472,BD Roofing - Res - Replace,VOID,,,12/20/2007,,,Plan,,,407 LESLIE DR Hallandale Beach FL 33009,514223140600,,
2015-0265,BD Roofing - Res - Replace,Approved ,,,11/6/2014,,,Plan,,,303 SE 9 CT Unit: UTILT Hallandale Beach FL 33009,514227140440,,
1997-0199,BD Roofing - Com - Replace,Approved ,,,10/23/1996,,,Plan,,,803 NW 9 ST Hallandale Beach FL 33009,514221020210,,
2005-2741,BD Roofing - Com - Replace,Approved ,,,9/15/2005,,,Plan,,,404 N FEDERAL HWY Hallandale Beach FL 33009,514222130180,,
1996-1685,BD Roofing - Com - Replace,Approved ,,,5/9/1996,,,Plan,,,118 SE 7 ST Hallandale Beach FL 33009,514227150050,,
2006-1510,BD Roofing - Res - Replace,Approved ,,,4/6/2006,,,Plan,,,203 NW 3 AVE Hallandale Beach FL 33009,514228050040,,
2014-2202,BD Roofing - Res - Replace,Approved ,,,7/10/2014,,,Plan,,,708 SW 6 TER Hallandale Beach FL 33009,514228450150,,
2000-2155,BD Roofing - Res - Replace,Approved ,,,9/25/2000,,,Plan,,,826 NW 9 ST Hallandale Beach FL 33009,514221230310,,
2013-1330,BD Roofing - Res - Replace,Approved ,,,4/5/2013,,,Plan,,,218 NE 12 AVE Hallandale Beach FL 33009,514227AD0000,,
2006-0658,BD Roofing - Res - Replace,Approved ,,,1/17/2006,,,Plan,,,918 NE 4 ST Hallandale Beach FL 33009,514222360440,,
2000-0119,BD Roofing - Res - Replace,Approved ,,,10/25/1999,,,Plan,,,900 SW 11 ST Hallandale Beach FL 33009,514228030462,,
2006-1876,BD Roofing - Res - Replace,Approved ,,,5/3/2006,,,Plan,,,312 NW 3 CT Hallandale Beach FL 33009,514221110089,,
2007-2059,BD Roofing - Res - Replace,Approved ,,,7/17/2007,,,Plan,,,341 LESLIE DR Hallandale Beach FL 33009,514223140710,,
2002-2162,BD Roofing - Res - Replace,Approved ,,,7/25/2002,,,Plan,,,137 NW 1 AVE Hallandale Beach FL 33009,514228020960,,
2002-1016,BD Roofing - Res - Replace,Approved ,,,3/12/2002,,,Plan,,,1101 NE 3 ST Hallandale Beach FL 33009,514222390381,,
2007-0103,BD Roofing - Res - Replace,Approved ,,,10/16/2006,,,Plan,,,401 GOLDEN ISLES DR Hallandale Beach FL 33009,514226GG0000,,
2001-0675,BD Roofing - Res - Replace,Approved ,,,1/19/2001,,,Plan,,,500 LAYNE BLVD Hallandale Beach FL 33009,514226PT0000,,
2006-0282,BD Roofing - Res - Replace,Approved ,,,11/28/2005,,,Plan,,,400 FOSTER RD Hallandale Beach FL 33009,514221150610,,
2000-1450,BD Roofing - Res - Replace,Approved ,,,6/9/2000,,,Plan,,,913 DIPLOMAT PKWY Hallandale Beach FL 33009,514226110460,,
1993-0602,BD Roofing - Com - Replace,Approved ,,,4/2/1993,,,Plan,,,1120 NE 10 ST Hallandale Beach FL 33009,514222BC0000,,
2003-0920,BD Roofing - Com - Replace,Approved ,,,2/10/2003,,,Plan,,,735 SW 1 ST Hallandale Beach FL 33009,514228130010,,
1993-0134,BD Roofing - Com - Replace,Approved ,,,2/17/1993,,,Plan,,,913 SW 7 TER Hallandale Beach FL 33009,514228090040,,
1998-0989,BD Roofing - Com - Replace,Approved ,,,3/3/1998,,,Plan,,,801 NE 25 AVE Hallandale Beach FL 33009,514223120125,,
1996-0757,BD Roofing - Com - Replace,Approved ,,,1/11/1996,,,Plan,,,161 NE 10 AVE Hallandale Beach FL 33009,514227AJ0000,,
1995-2459,BD Roofing - Com - Replace,Approved ,,,8/8/1995,,,Plan,,,221 N DIXIE HWY Hallandale Beach FL 33009,514228020040,,
1996-2443,BD Roofing - Com - Replace,Approved ,,,8/29/1996,,,Plan,,,808 NE 25 AVE Hallandale Beach FL 33009,514223AJ0000,,
1998-2224,BD Roofing - Com - Replace,Approved ,,,8/17/1998,,,Plan,,,309 SW 7 CT Hallandale Beach FL 33009,514228370140,,
1993-0979,BD Roofing - Com - Replace,Approved ,,,5/24/1993,,,Plan,,,409 NW 2 AVE Hallandale Beach FL 33009,514222040250,,
1996-1243,BD Roofing - Com - Replace,Approved ,,,3/13/1996,,,Plan,,,704 SW 2 AVE Hallandale Beach FL 33009,514228370500,,
1994-1689,BD Roofing - Com - Replace,Approved ,,,4/22/1994,,,Plan,,,1725 E HALLANDALE BEACH BLVD Hallandale Beach FL 33009,514226110010,,
1997-0509,BD Roofing - Com - Replace,Approved ,,,11/26/1996,,,Plan,,,210 NE 2 ST Unit: 1-3 Hallandale Beach FL 33009,514227300270,,
1997-1778,BD Roofing - Com - Replace,Approved ,,,5/22/1997,,,Plan,,,1111 NE 1 CT Unit: B Hallandale Beach FL 33009,514227CG0020,,
1995-1470,BD Roofing - Com - Replace,Approved ,,,4/11/1995,,,Plan,,,2524 E HALLANDALE BEACH BLVD Hallandale Beach FL 33009,514226080040,,
1993-0183,BD Roofing - Com - Replace,Approved ,,,2/19/1993,,,Plan,,,116 NW 2 AVE Hallandale Beach FL 33009,514228020973,,
1997-0285,BD Roofing - Com - Replace,Approved ,,,10/31/1996,,,Plan,,,2300 NE 7 ST Hallandale Beach FL 33009,514223AH0000,,
1994-2468,BD Roofing - Com - Replace,Approved ,,,7/8/1994,,,Plan,,,217 NW 2 AVE Hallandale Beach FL 33009,514228020300,,
1996-1764,BD Roofing - Com - Replace,Approved ,,,5/20/1996,,,Plan,,,736 SW 4 CT Hallandale Beach FL 33009,514228400550,,
2006-1855,BD Roofing - Com - Replace,Approved ,,,5/2/2006,,,Plan,,,412 NW 2 ST Hallandale Beach FL 33009,514228050180,,
1998-0284,BD Roofing - Com - Replace,Approved ,,,11/7/1997,,,Plan,,,704 SW 5 CT Hallandale Beach FL 33009,514228170090,,
1994-1072,BD Roofing - Com - Replace,Approved ,,,2/14/1994,,,Plan,,,821 SW 9 ST Hallandale Beach FL 33009,514228030143,,
1994-1696,BD Roofing - Com - Replace,Approved ,,,4/25/1994,,,Plan,,,1926 ATLANTIC SHORES BLVD Hallandale Beach FL 33009,514223120140,,
2009-1274,BD Roofing - Com - Replace,Approved ,,,5/7/2009,,,Plan,,,925 OLD FEDERAL HWY Hallandale Beach FL 33009,514227140530,,
1994-2564,BD Roofing - Com - Replace,Approved ,,,7/21/1994,,,Plan,,,727 NW 6 ST Hallandale Beach FL 33009,514221190310,,
1997-1201,BD Roofing - Com - Replace,Approved ,,,3/19/1997,,,Plan,,,1000 NE 4 CT Hallandale Beach FL 33009,514222390180,,
2010-2077,BD Roofing - Res - Replace,Approved ,,,6/21/2010,,,Plan,,,1980 S OCEAN DR Hallandale Beach FL 33009,514226BH0000,,
PL-BROR-16-04139,BD Roofing - Res - Replace,Approved ,,,12/12/2016,,,Plan,,,704 SW 5 CT HALLANDALE BEACH FL 33009,514228170090,,
2006-1898,BD Roofing - Res - Replace,Approved ,,,5/5/2006,,,Plan,,,316 NE 3 ST Hallandale Beach FL 33009,514227110100,,
2012-2011,BD Roofing - Res - Replace,Approved ,,,7/18/2012,,,Plan,,,2617 S PARKVIEW DR Hallandale Beach FL 33009,514223141190,,
2003-1818,BD Roofing - Res - Replace,Approved ,,,6/11/2003,,,Plan,,,628 NW 9 CT Hallandale Beach FL 33009,514221020680,,
2009-0227,BD Roofing - Res - Replace,Approved ,,,11/12/2008,,,Plan,,,910 SW 5 ST Hallandale Beach FL 33009,514228000400,,
2005-1577,BD Roofing - Res - Replace,Approved ,,,4/21/2005,,,Plan,,,2741 PARKVIEW DR Hallandale Beach FL 33009,514223140250,,
1999-1842,BD Roofing - Res - Replace,Approved ,,,7/16/1999,,,Plan,,,124 SW 7 AVE Hallandale Beach FL 33009,514228130370,,
2006-1668,BD Roofing - Res - Replace,Approved ,,,4/19/2006,,,Plan,,,621 SW 7 AVE Hallandale Beach FL 33009,514228330550,,
1999-0894,BD Roofing - Res - Replace,Approved ,,,2/17/1999,,,Plan,,,448 HOLIDAY DR Hallandale Beach FL 33009,514226130460,,
1999-1070,BD Roofing - Res - Replace,Approved ,,,3/18/1999,,,Plan,,,101 N FEDERAL HWY Hallandale Beach FL 33009,514227240020,,
2004-0346,BD Roofing - Res - Replace,Approved ,,,11/14/2003,,,Plan,,,716 NE 8 ST Hallandale Beach FL 33009,514222130880,,
2008-1057,BD Roofing - Res - Replace,Approved ,,,4/2/2008,,,Plan,,,3181 S OCEAN DR Hallandale Beach FL 33009,514226020173,,
2006-1712,BD Roofing - Res - Replace,Approved ,,,4/24/2006,,,Plan,,,728 SW 2 AVE Hallandale Beach FL 33009,514228370440,,
2002-2216,BD Roofing - Res - Replace,Approved ,,,8/1/2002,,,Plan,,,400 ALAMANDA DR Hallandale Beach FL 33009,514226050370,,
PL-BROR-16-02681,BD Roofing - Res - Replace,Approved ,,,7/1/2016,,,Plan,,,1016 MOFFETT ST HALLANDALE BEACH FL 33009,514222132620,,
2008-0590,BD Roofing - Res - Replace,Approved ,,,1/18/2008,,,Plan,,,712 SW 9 ST Hallandale Beach FL 33009,514228331253,,
2001-1624,BD Roofing - Res - Replace,Approved ,,,6/8/2001,,,Plan,,,212 HOLIDAY DR Hallandale Beach FL 33009,514226130620,,
2007-2037,BD Roofing - Res - Replace,Approved ,,,7/13/2007,,,Plan,,,2000 ATLANTIC SHORES BLVD Unit: 10 Hallandale Beach FL 33009,514223AD0000,,
2013-1248,BD Roofing - Res - Replace,Approved ,,,3/22/2013,,,Plan,,,500 NW 1 ST Hallandale Beach FL 33009,514228020400,,
2001-0797,BD Roofing - Res - Replace,Approved ,,,2/7/2001,,,Plan,,,642 HIBISCUS DR Hallandale Beach FL 33009,514226030150,,
1999-1309,BD Roofing - Res - Replace,Approved ,,,4/22/1999,,,Plan,,,418 SE 8 ST Hallandale Beach FL 33009,514227170380,,
2015-0211,BD Roofing - Com - Replace,Approved ,,,10/30/2014,,,Plan,,,203 E HALLANDALE BEACH BLVD Hallandale Beach FL 33009,514227290021,,
1998-2394,BD Roofing - Com - Replace,Approved ,,,9/11/1998,,,Plan,,,901 S FEDERAL HWY Unit: SITE Hallandale Beach FL 33009,514227010540,,
1995-2240,BD Roofing - Com - Replace,Approved ,,,7/5/1995,,,Plan,,,741 SW 7 TER Hallandale Beach FL 33009,514228190310,,
1994-1049,BD Roofing - Com - Replace,Approved ,,,2/11/1994,,,Plan,,,212 NW 1 AVE Hallandale Beach FL 33009,514228020032,,
1998-0599,BD Roofing - Com - Replace,Approved ,,,12/22/1997,,,Plan,,,460 ALAMANDA DR Hallandale Beach FL 33009,514226050270,,
1995-0809,BD Roofing - Com - Replace,Approved ,,,1/12/1995,,,Plan,,,225 HOLIDAY DR Hallandale Beach FL 33009,514235030120,,
1994-1007,BD Roofing - Com - Replace,Approved ,,,2/8/1994,,,Plan,,,806 NW 7 TER Hallandale Beach FL 33009,514221270190,,
1995-2192,BD Roofing - Com - Replace,Approved ,,,6/28/1995,,,Plan,,,801 NW 2 AVE Hallandale Beach FL 33009,514221090100,,
1996-0736,BD Roofing - Com - Replace,Approved ,,,1/9/1996,,,Plan,,,204 SW 4 AVE Hallandale Beach FL 33009,514228060040,,
2004-1056,BD Roofing - Com - Replace,Approved ,,,2/25/2004,,,Plan,,,610 NE 12 AVE Hallandale Beach FL 33009,514222AE0000,,
1998-2317,BD Roofing - Com - Replace,Approved ,,,8/31/1998,,,Plan,,,712 NW 6 ST Hallandale Beach FL 33009,514221190230,,
1997-2514,BD Roofing - Com - Replace,Approved ,,,9/3/1997,,,Plan,,,719 SW 3 AVE Hallandale Beach FL 33009,514228370340,,
1994-0096,BD Roofing - Com - Replace,Approved ,,,10/13/1993,,,Plan,,,733 SW 4 ST Hallandale Beach FL 33009,514228400370,,
1999-2239,BD Roofing - Com - Replace,Approved ,,,9/29/1999,,,Plan,,,580 EGRET DR Hallandale Beach FL 33009,514226RX0000,,
1995-2268,BD Roofing - Com - Replace,Approved ,,,7/10/1995,,,Plan,,,424 SW 3 TER Hallandale Beach FL 33009,514228460010,,
2008-0230,BD Roofing - Res - Replace,Approved ,,,11/7/2007,,,Plan,,,716 SW 6 ST Hallandale Beach FL 33009,514228170260,,
2004-0869,BD Roofing - Res - Replace,Approved ,,,2/3/2004,,,Plan,,,401 HOLIDAY DR Hallandale Beach FL 33009,514235030050,,
2013-1008,BD Roofing - Res - Replace,Approved ,,,2/21/2013,,,Plan,,,2611 S PARKVIEW DR Hallandale Beach FL 33009,514223141250,,
2003-1554,BD Roofing - Res - Replace,Approved ,,,5/6/2003,,,Plan,,,725 SW 2 CT Hallandale Beach FL 33009,514228400050,,
2005-1359,BD Roofing - Res - Replace,Approved ,,,3/25/2005,,,Plan,,,1055 NE 14 AVE Hallandale Beach FL 33009,514222132802,,
2005-0696,BD Roofing - Res - Replace,Approved ,,,1/7/2005,,,Plan,,,106 NW 1 ST Hallandale Beach FL 33009,514228020891,,
2003-1747,BD Roofing - Res - Replace,Approved ,,,6/3/2003,,,Plan,,,300 NW 10 ST Hallandale Beach FL 33009,514221040071,,
2008-0968,BD Roofing - Res - Replace,Approved ,,,3/19/2008,,,Plan,,,130 GOLDEN ISLES DR Unit: C Hallandale Beach FL 33009,514226AT0030,,
2005-2310,BD Roofing - Res - Replace,Approved ,,,7/19/2005,,,Plan,,,200 NE 12 AVE Unit: POOL Hallandale Beach FL 33009,514227010030,,
2007-1064,BD Roofing - Res - Replace,Approved ,,,3/8/2007,,,Plan,,,313 SW 7 ST Hallandale Beach FL 33009,514228370270,,
2012-1661,BD Roofing - Res - Replace,Approved ,,,5/31/2012,,,Plan,,,210 SW 9 ST Hallandale Beach FL 33009,514227180011,,
2000-0260,BD Roofing - Res - Replace,Approved ,,,11/23/1999,,,Plan,,,613 SW 4 ST Hallandale Beach FL 33009,514228260300,,
2014-2000,BD Roofing - Res - Replace,Approved ,,,6/19/2014,,,Plan,,,816 MOFFETT ST Hallandale Beach FL 33009,514222131540,,
2016-0084,BD Roofing - Res - Replace,Approved ,,,10/15/2015,,,Plan,,,1008 NE 4 ST Hallandale Beach FL 33009,514222390350,,
2008-2121,BD Roofing - Res - Replace,Approved ,,,9/11/2008,,,Plan,,,917 NE 2 ST Hallandale Beach FL 33009,514227310090,,
2011-0689,BD Roofing - Res - Replace,Approved ,,,1/18/2011,,,Plan,,,720 NE 7 ST Hallandale Beach FL 33009,514222130672,,
2004-0035,BD Roofing - Res - Replace,Approved ,,,10/3/2003,,,Plan,,,312 NE 3 ST Hallandale Beach FL 33009,514227AP0000,,
1994-0826,BD Roofing - Com - Replace,Approved ,,,1/14/1994,,,Plan,,,1295 E HALLANDALE BEACH BLVD Hallandale Beach FL 33009,514227010140,,
1998-2396,BD Roofing - Com - Replace,Approved ,,,9/11/1998,,,Plan,,,612 OLEANDER DR Hallandale Beach FL 33009,514226030450,,
1996-1652,BD Roofing - Com - Replace,Approved ,,,5/6/1996,,,Plan,,,510 SW 3 ST Hallandale Beach FL 33009,514228060150,,
2011-1552,BD Roofing - Res - Replace,Approved ,,,5/25/2011,,,Plan,,,902 NW 6 TER Hallandale Beach FL 33009,514221020690,,
2011-2126,BD Roofing - Res - Replace,Approved ,,,8/30/2011,,,Plan,,,819 SW 6 AVE Hallandale Beach FL 33009,514228210020,,
2008-0428,BD Roofing - Res - Replace,Approved ,,,12/13/2007,,,Plan,,,701 DIPLOMAT PKWY Hallandale Beach FL 33009,514226110300,,
2010-2470,BD Roofing - Res - Replace,Approved ,,,8/25/2010,,,Plan,,,101 SW 5 ST Hallandale Beach FL 33009,514227210340,,
2001-0778,BD Roofing - Res - Replace,On-Review,,,2/5/2001,,,Plan,,,412 SW 6 AVE Hallandale Beach FL 33009,514228260320,,
2005-2423,BD Roofing - Res - Replace,Approved ,,,8/1/2005,,,Plan,,,324 NE 4 CT Hallandale Beach FL 33009,514222340150,,
2005-2510,BD Roofing - Res - Replace,Approved ,,,8/11/2005,,,Plan,,,1117 NE 10 ST Hallandale Beach FL 33009,514222132710,,
2008-2140,BD Roofing - Res - Replace,Approved ,,,9/16/2008,,,Plan,,,1048 SW 2 ST Hallandale Beach FL 33009,514228340190,,
1994-1901,BD Roofing - Com - Replace,Approved ,,,5/13/1994,,,Plan,,,917 E HALLANDALE BEACH BLVD Hallandale Beach FL 33009,514227410020,,
1998-1814,BD Roofing - Com - Replace,Approved ,,,6/19/1998,,,Plan,,,1880 S OCEAN DR Unit: WEST Hallandale Beach FL 33009,514226CH0000,,
2005-1802,BD Roofing - Com - Replace,Approved ,,,5/19/2005,,,Plan,,,313 E HALLANDALE BEACH BLVD Hallandale Beach FL 33009,514227070030,,
2012-1069,BD Roofing - Com - Replace,Approved ,,,3/14/2012,,,Plan,,,234 S DIXIE HWY Hallandale Beach FL 33009,514228022870,,
1995-2553,BD Roofing - Com - Replace,Approved ,,,8/23/1995,,,Plan,,,497 HOLIDAY DR Hallandale Beach FL 33009,514235020050,,
2006-1682,BD Roofing - Com - Replace,Approved ,,,4/20/2006,,,Plan,,,501 SE 1 AVE Hallandale Beach FL 33009,514227010370,,
1993-0739,BD Roofing - Com - Replace,Approved ,,,4/21/1993,,,Plan,,,314 NW 7 CT Hallandale Beach FL 33009,514221070120,,
1996-2347,BD Roofing - Com - Replace,Approved ,,,8/14/1996,,,Plan,,,1012 NE 6 ST Hallandale Beach FL 33009,514222370530,,
1993-1969,BD Roofing - Com - Replace,Approved ,,,9/21/1993,,,Plan,,,205 NE 1 AVE Hallandale Beach FL 33009,514227060020,,
2006-1292,BD Roofing - Com - Replace,Approved ,,,3/20/2006,,,Plan,,,201 ANSIN BLVD Unit: DTCTO Hallandale Beach FL 33009,514228000086,,
1997-0991,BD Roofing - Com - Replace,Approved ,,,2/20/1997,,,Plan,,,301 SW 4 TER Hallandale Beach FL 33009,514228260760,,
1996-0617,BD Roofing - Com - Replace,Approved ,,,12/18/1995,,,Plan,,,116 W HALLANDALE BEACH BLVD Hallandale Beach FL 33009,514228021240,,
1995-0834,BD Roofing - Com - Replace,Approved ,,,1/17/1995,,,Plan,,,812 NW 10 ST Hallandale Beach FL 33009,514221230170,,
1991-0075,BD Roofing - Com - Replace,Approved ,,,10/17/1990,,,Plan,,,472 HOLIDAY DR Hallandale Beach FL 33009,514226130420,,
1994-0260,BD Roofing - Com - Replace,Approved ,,,11/5/1993,,,Plan,,,917 E HALLANDALE BEACH BLVD Hallandale Beach FL 33009,514227410020,,
1996-1106,BD Roofing - Com - Replace,Approved ,,,2/23/1996,,,Plan,,,630 SW 9 ST Hallandale Beach FL 33009,514228330910,,
1999-1126,BD Roofing - Com - Replace,Approved ,,,3/26/1999,,,Plan,,,224 NW 6 AVE Hallandale Beach FL 33009,514228050420,,
1995-1386,BD Roofing - Com - Replace,Approved ,,,3/29/1995,,,Plan,,,623 SW 6 ST Hallandale Beach FL 33009,514228330450,,
2001-1753,BD Roofing - Res - Replace,Approved ,,,6/26/2001,,,Plan,,,206 NE 10 AVE Hallandale Beach FL 33009,514227010060,,
2000-1496,BD Roofing - Res - Replace,Approved ,,,6/15/2000,,,Plan,,,210 NE 4 ST Hallandale Beach FL 33009,514222120170,,
2003-1659,BD Roofing - Res - Replace,Approved ,,,5/20/2003,,,Plan,,,351 LESLIE DR Hallandale Beach FL 33009,514223140740,,
2011-2242,BD Roofing - Res - Replace,Approved ,,,9/14/2011,,,Plan,,,23 NE 3 AVE Hallandale Beach FL 33009,514227300100,,
2005-2960,BD Roofing - Res - Replace,Approved ,,,10/14/2005,,,Plan,,,345 LESLIE DR Hallandale Beach FL 33009,514223140690,,
2005-2355,BD Roofing - Res - Replace,Approved ,,,7/22/2005,,,Plan,,,642 SW 9 ST Hallandale Beach FL 33009,514228330940,,
2002-0011,BD Roofing - Res - Replace,Approved ,,,10/1/2001,,,Plan,,,500 THREE ISLANDS BLVD Hallandale Beach FL 33009,514223AB0000,,
2007-0052,BD Roofing - Res - Replace,Approved ,,,10/10/2006,,,Plan,,,1124 NE 8 ST Hallandale Beach FL 33009,514222370200,,
2001-1887,BD Roofing - Res - Replace,Approved ,,,7/19/2001,,,Plan,,,741 SW 5 CT Hallandale Beach FL 33009,514228170110,,
2006-1483,BD Roofing - Res - Replace,Approved ,,,4/5/2006,,,Plan,,,643 SW 10 ST Hallandale Beach FL 33009,514228280040,,
2015-1297,BD Roofing - Res - Replace,Approved ,,,3/13/2015,,,Plan,,,726 SW 8 ST Hallandale Beach FL 33009,514228331180,,
2010-2352,BD Roofing - Res - Replace,Approved ,,,8/4/2010,,,Plan,,,1048 FOSTER RD Hallandale Beach FL 33009,514221290190,,
2000-1358,BD Roofing - Res - Replace,Approved ,,,5/30/2000,,,Plan,,,628 NW 3 CT Hallandale Beach FL 33009,514221180832,,
2015-1715,BD Roofing - Res - Replace,Approved ,,,4/29/2015,,,Plan,,,304 NE 4 CT Hallandale Beach FL 33009,514222340100,,
2006-2199,BD Roofing - Res - Replace,Approved ,,,6/1/2006,,,Plan,,,1000 SW 8 ST Hallandale Beach FL 33009,514228490160,,
2010-0773,BD Roofing - Res - Replace,Approved ,,,1/13/2010,,,Plan,,,817 NE 3 ST Hallandale Beach FL 33009,514222030040,,
2000-1304,BD Roofing - Res - Replace,Approved ,,,5/18/2000,,,Plan,,,1453 ATLANTIC SHORES BLVD Hallandale Beach FL 33009,514223030150,,
2013-1813,BD Roofing - Res - Replace,Approved ,,,5/23/2013,,,Plan,,,628 NW 5 TER Hallandale Beach FL 33009,514221150260,,
2013-2994,BD Roofing - Res - Replace,Approved ,,,9/25/2013,,,Plan,,,220 SW 10 AVE Hallandale Beach FL 33009,514228340490,,
2006-1672,BD Roofing - Res - Replace,Approved ,,,4/19/2006,,,Plan,,,405 SW 6 AVE Hallandale Beach FL 33009,514228260460,,
2005-0925,BD Roofing - Res - Replace,Approved ,,,2/2/2005,,,Plan,,,332 NE 3 ST Hallandale Beach FL 33009,514227110210,,
2006-0879,BD Roofing - Res - Replace,Approved ,,,2/9/2006,,,Plan,,,312 NW 5 AVE Hallandale Beach FL 33009,514221370030,,
2004-0976,BD Roofing - Res - Replace,Approved ,,,2/17/2004,,,Plan,,,228 NE 3 ST Hallandale Beach FL 33009,514227110040,,
PL-BROR-16-03444,BD Roofing - Res - Replace,Approved ,,,9/26/2016,,,Plan,,,912 NE 3 ST HALLANDALE BEACH FL 33009,514222360570,,
2014-2465,BD Roofing - Res - Replace,Approved ,,,8/7/2014,,,Plan,,,925 NE 4 CT Hallandale Beach FL 33009,514222360260,,
2014-0418,BD Roofing - Res - Replace,Approved ,,,11/21/2013,,,Plan,,,1801 S OCEAN DR Hallandale Beach FL 33009,514226BB0000,,
2000-1004,BD Roofing - Res - Replace,Approved ,,,3/29/2000,,,Plan,,,617 SW 3 ST Hallandale Beach FL 33009,514228260030,,
2014-1199,BD Roofing - Res - Replace,Approved ,,,3/6/2014,,,Plan,,,109 SW 2 AVE Hallandale Beach FL 33009,514228022130,,
2007-2453,BD Roofing - Res - Replace,Approved ,,,9/12/2007,,,Plan,,,630 SW 6 AVE Hallandale Beach FL 33009,514228230040,,
1996-2619,BD Roofing - Com - Replace,Approved ,,,9/23/1996,,,Plan,,,100 NW 8 AVE Hallandale Beach FL 33009,514228150040,,
1995-2550,BD Roofing - Com - Replace,Approved ,,,8/23/1995,,,Plan,,,2412 NE 11 ST Hallandale Beach FL 33009,514223AM0000,,
2001-1500,BD Roofing - Com - Replace,Approved ,,,5/21/2001,,,Plan,,,1050 NW 7 CT Hallandale Beach FL 33009,514221010090,,
1999-0742,BD Roofing - Com - Replace,Approved ,,,1/25/1999,,,Plan,,,501 DIPLOMAT PKWY Hallandale Beach FL 33009,514226110670,,
2010-1314,BD Roofing - Com - Replace,Approved ,,,3/10/2010,,,Plan,,,800 E HALLANDALE BEACH BLVD Hallandale Beach FL 33009,514227010200,,
1997-1925,BD Roofing - Com - Replace,Approved ,,,6/10/1997,,,Plan,,,507 PALM DR Hallandale Beach FL 33009,514226040390,,
1995-0104,BD Roofing - Com - Replace,Approved ,,,10/14/1994,,,Plan,,,2030 S OCEAN DR Unit: POOL Hallandale Beach FL 33009,514226020210,,
1998-0874,BD Roofing - Com - Replace,Approved ,,,2/10/1998,,,Plan,,,642 OLEANDER DR Hallandale Beach FL 33009,514226030500,,
1994-0833,BD Roofing - Com - Replace,Approved ,,,1/18/1994,,,Plan,,,280 SW 8 AVE Hallandale Beach FL 33009,514228410090,,
1997-1683,BD Roofing - Com - Replace,Approved ,,,5/13/1997,,,Plan,,,647 SW 5 CT Hallandale Beach FL 33009,514228160260,,
1996-1686,BD Roofing - Com - Replace,Approved ,,,5/9/1996,,,Plan,,,104 SW 8 ST Hallandale Beach FL 33009,514227210720,,
2005-0907,BD Roofing - Com - Replace,Approved ,,,2/1/2005,,,Plan,,,2551 E HALLANDALE BEACH BLVD Hallandale Beach FL 33009,514223120044,,
1995-0877,BD Roofing - Com - Replace,Approved ,,,1/19/1995,,,Plan,,,1941 ATLANTIC SHORES BLVD Hallandale Beach FL 33009,9999GH000001,,
1995-2714,BD Roofing - Com - Replace,Approved ,,,9/14/1995,,,Plan,,,600 NE 8 AVE Hallandale Beach FL 33009,514222132310,,
1995-0706,BD Roofing - Com - Replace,Approved ,,,1/3/1995,,,Plan,,,824 NE 4 ST Hallandale Beach FL 33009,514222030080,,
1993-0303,BD Roofing - Com - Replace,Approved ,,,3/1/1993,,,Plan,,,101 SE 4 AVE Hallandale Beach FL 33009,514227240220,,
2005-2681,BD Roofing - Com - Replace,Approved ,,,9/7/2005,,,Plan,,,717 NW 2 ST Hallandale Beach FL 33009,514228150410,,
1997-0263,BD Roofing - Com - Replace,Approved ,,,10/29/1996,,,Plan,,,733 NW 9 ST Hallandale Beach FL 33009,514221340200,,
2013-1601,BD Roofing - Com - Replace,Approved ,,,5/2/2013,,,Plan,,,901 S FEDERAL HWY Unit: SITE Hallandale Beach FL 33009,514227010540,,
1994-0010,BD Roofing - Com - Replace,Approved ,,,10/4/1993,,,Plan,,,808 SW 11 ST Hallandale Beach FL 33009,514228030542,,
2003-1242,BD Roofing - Com - Replace,Approved ,,,3/25/2003,,,Plan,,,1050 NW 7 CT Hallandale Beach FL 33009,514221010090,,
1994-0666,BD Roofing - Com - Replace,Approved ,,,12/22/1993,,,Plan,,,607 HIBISCUS DR Hallandale Beach FL 33009,514226030270,,
PL-BROC-16-00241,BD Roofing - Com - New,Approved ,,,11/2/2015,,,Plan,,,541 BLUE HERON DR HALLANDALE BEACH FL 33009,514226RY0000,,
2003-0301,BD Roofing - Res - Replace,Approved ,,,11/14/2002,,,Plan,,,1300 MOFFETT ST Hallandale Beach FL 33009,514222GC0000,,
2001-1505,BD Roofing - Res - Replace,Approved ,,,5/22/2001,,,Plan,,,490 SUNSET DR Hallandale Beach FL 33009,514226050510,,
2006-1626,BD Roofing - Res - Replace,Approved ,,,4/14/2006,,,Plan,,,207 NE 2 ST Unit: 1-2 Hallandale Beach FL 33009,514227110170,,
2014-1421,BD Roofing - Res - Replace,Approved ,,,4/3/2014,,,Plan,,,709 NW 3 CT Hallandale Beach FL 33009,514221200560,,
2000-1655,BD Roofing - Res - Replace,Approved ,,,7/7/2000,,,Plan,,,804 NE 2 ST Hallandale Beach FL 33009,514227310180,,
2009-1371,BD Roofing - Res - Replace,Approved ,,,5/27/2009,,,Plan,,,818 NW 5 AVE Hallandale Beach FL 33009,514221090870,,
2008-0416,BD Roofing - Res - Replace,Approved ,,,12/12/2007,,,Plan,,,624 OLEANDER DR Hallandale Beach FL 33009,514226030470,,
2014-0983,BD Roofing - Res - Replace,Approved ,,,2/11/2014,,,Plan,,,315 NW 7 ST Hallandale Beach FL 33009,514221170010,,
2005-0028,BD Roofing - Res - Replace,Approved ,,,10/5/2004,,,Plan,,,1125 NE 7 ST Hallandale Beach FL 33009,514222370210,,
2009-0154,BD Roofing - Res - Replace,Approved ,,,10/29/2008,,,Plan,,,210 NE 2 ST Hallandale Beach FL 33009,514227300270,,
2010-2223,BD Roofing - Res - Replace,Approved ,,,7/13/2010,,,Plan,,,221 SE 3 ST Hallandale Beach FL 33009,514227340150,,
2010-1557,BD Roofing - Res - Replace,Approved ,,,4/14/2010,,,Plan,,,635 NW 3 CT Hallandale Beach FL 33009,514221181081,,
2002-1529,BD Roofing - Res - Replace,Approved ,,,5/13/2002,,,Plan,,,516 NW 9 ST Hallandale Beach FL 33009,514221160400,,
2013-1802,BD Roofing - Res - Replace,Approved ,,,5/22/2013,,,Plan,,,823 NW 9 ST Hallandale Beach FL 33009,514221020181,,
2015-0355,BD Roofing - Res - Replace,Approved ,,,11/18/2014,,,Plan,,,219 NE 3 ST Hallandale Beach FL 33009,514222310060,,
2000-1230,BD Roofing - Res - Replace,Approved ,,,5/8/2000,,,Plan,,,515 N FEDERAL HWY Hallandale Beach FL 33009,514222350020,,
2006-2986,BD Roofing - Res - Replace,Approved ,,,8/22/2006,,,Plan,,,818 NE 2 CT Hallandale Beach FL 33009,514222360700,,
2005-2134,BD Roofing - Res - Replace,Approved ,,,6/24/2005,,,Plan,,,212 SE 2 ST Hallandale Beach FL 33009,514227340020,,
1999-1957,BD Roofing - Res - Replace,Approved ,,,8/5/1999,,,Plan,,,611 SW 11 AVE Hallandale Beach FL 33009,514228390060,,
2003-1391,BD Roofing - Res - Replace,Approved ,,,4/11/2003,,,Plan,,,2000 DIANA DR Hallandale Beach FL 33009,514226PR0000,,
2001-1383,BD Roofing - Res - Replace,Approved ,,,5/2/2001,,,Plan,,,519 PALM DR Hallandale Beach FL 33009,514226040370,,
2013-1523,BD Roofing - Res - Replace,Approved ,,,4/25/2013,,,Plan,,,740 SW 4 CT Hallandale Beach FL 33009,514228400560,,
2008-1513,BD Roofing - Res - Replace,Approved ,,,6/5/2008,,,Plan,,,647 NW 3 CT Hallandale Beach FL 33009,514221181100,,
2002-0104,BD Roofing - Res - Replace,Approved ,,,10/15/2001,,,Plan,,,1009 NE 3 ST Hallandale Beach FL 33009,514222390480,,
2003-1515,BD Roofing - Res - Replace,Approved ,,,4/29/2003,,,Plan,,,213 SW 6 AVE Hallandale Beach FL 33009,514228060130,,
2013-2498,BD Roofing - Res - Replace,Approved ,,,7/31/2013,,,Plan,,,955 SW 10 ST Hallandale Beach FL 33009,514228030300,,
2007-1286,BD Roofing - Res - Replace,Approved ,,,4/9/2007,,,Plan,,,732 SW 4 ST Hallandale Beach FL 33009,514228400260,,
2008-1147,BD Roofing - Res - Replace,Approved ,,,4/16/2008,,,Plan,,,814 NW 5 TER Hallandale Beach FL 33009,514221091020,,
2008-1501,BD Roofing - Res - Replace,Approved ,,,6/4/2008,,,Plan,,,1000 NE 4 ST Hallandale Beach FL 33009,514222390340,,
2001-1846,BD Roofing - Res - Replace,Approved ,,,7/12/2001,,,Plan,,,1101 NE 5 ST Hallandale Beach FL 33009,514222370650,,
2008-1020,BD Roofing - Res - Replace,Approved ,,,3/28/2008,,,Plan,,,430 SW 9 AVE Unit: B Hallandale Beach FL 33009,514228290620,,
2013-0187,BD Roofing - Res - Replace,Approved ,,,10/24/2012,,,Plan,,,656 NW 3 CT Hallandale Beach FL 33009,514221180879,,
1995-2086,BD Roofing - Com - Replace,Approved ,,,6/16/1995,,,Plan,,,413 SW 4 TER Hallandale Beach FL 33009,514228260690,,
1995-1197,BD Roofing - Com - Replace,Approved ,,,3/2/1995,,,Plan,,,307 LAYNE BLVD Hallandale Beach FL 33009,514226051160,,
1997-1825,BD Roofing - Com - Replace,Approved ,,,5/30/1997,,,Plan,,,709 NW 4 ST Hallandale Beach FL 33009,514221200320,,
2006-0347,BD Roofing - Com - Replace,Approved ,,,12/5/2005,,,Plan,,,217 E HALLANDALE BEACH BLVD Hallandale Beach FL 33009,514227300150,,
1998-1604,BD Roofing - Com - Replace,Approved ,,,5/21/1998,,,Plan,,,417 SW 6 AVE Hallandale Beach FL 33009,514228260430,,
1994-1073,BD Roofing - Com - Replace,Approved ,,,2/14/1994,,,Plan,,,1800 LAYNE BLVD Hallandale Beach FL 33009,514226080012,,
1996-2442,BD Roofing - Com - Replace,Approved ,,,8/29/1996,,,Plan,,,808 NE 25 AVE Hallandale Beach FL 33009,514223AJ0000,,
2000-1258,BD Roofing - Res - Replace,Approved ,,,5/11/2000,,,Plan,,,301 GOLDEN ISLES DR Hallandale Beach FL 33009,514226HH0000,,
2008-0131,BD Roofing - Res - Replace,Approved ,,,10/18/2007,,,Plan,,,641 SW 1 CT Hallandale Beach FL 33009,514228100090,,
2006-1649,BD Roofing - Res - Replace,Approved ,,,4/18/2006,,,Plan,,,709 NW 1 CT Hallandale Beach FL 33009,514228150160,,
1996-1013,BD Roofing - Com - Replace,Approved ,,,2/13/1996,,,Plan,,,1301 NE 7 ST Hallandale Beach FL 33009,514222DK0000,,
1993-1980,BD Roofing - Com - Replace,Approved ,,,9/22/1993,,,Plan,,,1001 NE 2 ST Hallandale Beach FL 33009,514227320010,,
1998-1172,BD Roofing - Com - Replace,Approved ,,,3/27/1998,,,Plan,,,806 SW 9 ST Hallandale Beach FL 33009,514228500040,,
2002-1020,BD Roofing - Com - Replace,Approved ,,,3/12/2002,,,Plan,,,2518 E HALLANDALE BEACH BLVD Hallandale Beach FL 33009,514226080050,,
1997-0788,BD Roofing - Com - Replace,Approved ,,,1/21/1997,,,Plan,,,629 SW 1 CT Hallandale Beach FL 33009,514228100070,,
1996-0669,BD Roofing - Com - Replace,Approved ,,,12/26/1995,,,Plan,,,2215 NE 7 ST Hallandale Beach FL 33009,514223BA0000,,
1995-1879,BD Roofing - Com - Replace,Approved ,,,5/19/1995,,,Plan,,,821 N FEDERAL HWY Hallandale Beach FL 33009,514222290020,,
1993-0243,BD Roofing - Com - Replace,Approved ,,,2/24/1993,,,Plan,,,2100 E HALLANDALE BEACH BLVD Hallandale Beach FL 33009,514226080090,,
1998-0823,BD Roofing - Com - Replace,Approved ,,,2/3/1998,,,Plan,,,105 SE 3 AVE Hallandale Beach FL 33009,514227500250,,
1991-0090,BD Roofing - Com - Replace,Approved ,,,10/18/1990,,,Plan,,,538 SW 7 ST Hallandale Beach FL 33009,514228330260,,
1991-0125,BD Roofing - Com - Replace,Approved ,,,10/30/1990,,,Plan,,,912 SW 3 AVE Hallandale Beach FL 33009,514228350040,,
1994-1267,BD Roofing - Com - Replace,Approved ,,,3/9/1994,,,Plan,,,601 N FEDERAL HWY Unit: DTCTO Hallandale Beach FL 33009,514222350010,,
1994-0124,BD Roofing - Com - Replace,Approved ,,,10/19/1993,,,Plan,,,830 SW 6 ST Hallandale Beach FL 33009,514228000461,,
1996-2340,BD Roofing - Com - Replace,Approved ,,,8/13/1996,,,Plan,,,314 FOSTER RD Hallandale Beach FL 33009,514221170380,,
1996-2042,BD Roofing - Com - Replace,Approved ,,,7/1/1996,,,Plan,,,218 NW 5 AVE Hallandale Beach FL 33009,514228050212,,
1995-2026,BD Roofing - Com - Replace,Approved ,,,6/8/1995,,,Plan,,,436 SUNSET DR Hallandale Beach FL 33009,514226050600,,
1993-1744,BD Roofing - Com - Replace,Approved ,,,8/20/1993,,,Plan,,,400 NE 1 ST Hallandale Beach FL 33009,514227240080,,
2006-0149,BD Roofing - Com - Replace,Approved ,,,11/10/2005,,,Plan,,,851 N FEDERAL HWY Hallandale Beach FL 33009,514222020090,,
2007-0481,BD Roofing - Com - Replace,Approved ,,,12/7/2006,,,Plan,,,400 S FEDERAL HWY Hallandale Beach FL 33009,514227420010,,
1994-2213,BD Roofing - Com - Replace,Approved ,,,6/13/1994,,,Plan,,,207 NW 3 CT Hallandale Beach FL 33009,514221110040,,
1994-0166,BD Roofing - Com - Replace,Approved ,,,10/22/1993,,,Plan,,,200 SE 4 ST Hallandale Beach FL 33009,514227160400,,
1997-2266,BD Roofing - Com - Replace,Approved ,,,7/28/1997,,,Plan,,,443 SW 11 AVE Hallandale Beach FL 33009,514228290200,,
1997-2037,BD Roofing - Com - Replace,Approved ,,,6/27/1997,,,Plan,,,415 NE 2 ST Hallandale Beach FL 33009,514227BK0000,,
1996-1265,BD Roofing - Com - Replace,Approved ,,,3/15/1996,,,Plan,,,1125 NE 4 CT Hallandale Beach FL 33009,514222390090,,
2013-1063,BD Roofing - Com - Replace,On-Review,,,2/28/2013,,,Plan,,,800 E HALLANDALE BEACH BLVD Hallandale Beach FL 33009,514227010200,,
2007-1425,BD Roofing - Com - Replace,Approved ,,,4/25/2007,,,Plan,,,1055 W HALLANDALE BEACH BLVD Hallandale Beach FL 33009,514228000130,,
1997-2331,BD Roofing - Com - Replace,Approved ,,,8/4/1997,,,Plan,,,1008 FOSTER RD Hallandale Beach FL 33009,514221290050,,
1995-1939,BD Roofing - Com - Replace,Approved ,,,5/30/1995,,,Plan,,,728 SW 2 AVE Hallandale Beach FL 33009,514228370440,,
2007-1532,BD Roofing - Res - Replace,Approved ,,,5/4/2007,,,Plan,,,329 SE 3 ST Hallandale Beach FL 33009,514227AE0000,,
1999-0892,BD Roofing - Res - Replace,Approved ,,,2/16/1999,,,Plan,,,741 SW 4 ST Hallandale Beach FL 33009,514228400350,,
PL-BROR-16-00469,BD Roofing - Res - New,Approved ,,,11/24/2015,,,Plan,,,737 SW 4 CT HALLANDALE BEACH FL 33009,514228400570,,
2006-1464,BD Roofing - Res - Replace,Approved ,,,4/5/2006,,,Plan,,,200 SW 11 ST Hallandale Beach FL 33009,514227180690,,
2000-1673,BD Roofing - Res - Replace,Approved ,,,7/11/2000,,,Plan,,,500 HIBISCUS DR Hallandale Beach FL 33009,514226030010,,
2006-1211,BD Roofing - Res - Replace,Approved ,,,3/13/2006,,,Plan,,,450 GOLDEN ISLES DR Hallandale Beach FL 33009,514226GM0000,,
2001-2181,BD Roofing - Res - Replace,Approved ,,,9/4/2001,,,Plan,,,436 TAMARIND DR Hallandale Beach FL 33009,514226050910,,
2003-0253,BD Roofing - Res - Replace,Approved ,,,11/7/2002,,,Plan,,,636 PALM DR Hallandale Beach FL 33009,514226040200,,
2000-1894,BD Roofing - Res - Replace,Approved ,,,8/9/2000,,,Plan,,,400 SE 3 AVE Hallandale Beach FL 33009,514227CM0000,,
2004-2131,BD Roofing - Res - Replace,Approved ,,,7/15/2004,,,Plan,,,617 SW 6 ST Hallandale Beach FL 33009,514228330410,,
2006-0867,BD Roofing - Res - Replace,Approved ,,,2/8/2006,,,Plan,,,717 NE 4 CT Hallandale Beach FL 33009,514222130430,,
2010-1875,BD Roofing - Res - Replace,Approved ,,,5/24/2010,,,Plan,,,927 SW 9 ST Hallandale Beach FL 33009,514228030240,,
2001-0665,BD Roofing - Res - Replace,Approved ,,,1/18/2001,,,Plan,,,625 SW 4 ST Hallandale Beach FL 33009,514228260270,,
2009-1620,BD Roofing - Res - Replace,Approved ,,,6/25/2009,,,Plan,,,600 THREE ISLANDS BLVD Unit: B Hallandale Beach FL 33009,514223BJ0000,,
2009-1857,BD Roofing - Res - Replace,Approved ,,,7/31/2009,,,Plan,,,912 NE 7 ST Hallandale Beach FL 33009,514222360030,,
2008-1516,BD Roofing - Res - Replace,Approved ,,,6/6/2008,,,Plan,,,431 LESLIE DR Hallandale Beach FL 33009,514223140890,,
2000-1306,BD Roofing - Res - Replace,Approved ,,,5/18/2000,,,Plan,,,1447 ATLANTIC SHORES BLVD Hallandale Beach FL 33009,514223030153,,
2007-1689,BD Roofing - Res - Replace,Approved ,,,5/23/2007,,,Plan,,,410 SE 2 ST Hallandale Beach FL 33009,514227BG0000,,
2008-0945,BD Roofing - Res - Replace,Approved ,,,3/14/2008,,,Plan,,,1029 NW 8 ST Hallandale Beach FL 33009,514221290260,,
2006-2345,BD Roofing - Res - Replace,Approved ,,,6/16/2006,,,Plan,,,800 NE 10 ST Hallandale Beach FL 33009,514222131700,,
2006-2759,BD Roofing - Res - Replace,Approved ,,,7/27/2006,,,Plan,,,137 NW 7 AVE Hallandale Beach FL 33009,514228150390,,
2001-1494,BD Roofing - Res - Replace,Approved ,,,5/18/2001,,,Plan,,,3127 S OCEAN DR Hallandale Beach FL 33009,514226NS0000,,
2015-2094,BD Roofing - Res - Replace,Approved ,,,6/16/2015,,,Plan,,,836 SW 10 ST Hallandale Beach FL 33009,514228030203,,
2012-1599,BD Roofing - Res - Replace,Approved ,,,5/22/2012,,,Plan,,,1036 SW 8 ST Hallandale Beach FL 33009,514228490070,,
2007-2158,BD Roofing - Res - Replace,Approved ,,,7/26/2007,,,Plan,,,373 ANSIN BLVD Hallandale Beach FL 33009,514221010141,,
2015-0820,BD Roofing - Res - Replace,Approved ,,,1/26/2015,,,Plan,,,2667 PARKVIEW DR Hallandale Beach FL 33009,514223140320,,
2008-0496,BD Roofing - Res - Replace,Approved ,,,12/26/2007,,,Plan,,,631 PALM DR Hallandale Beach FL 33009,514226040251,,
2013-0371,BD Roofing - Res - Replace,Approved ,,,11/16/2012,,,Plan,,,816 NW 4 AVE Hallandale Beach FL 33009,514221090560,,
1997-0980,BD Roofing - Com - Replace,Approved ,,,2/18/1997,,,Plan,,,630 SW 1 CT Hallandale Beach FL 33009,514228100286,,
1993-0936,BD Roofing - Com - Replace,Approved ,,,5/17/1993,,,Plan,,,600 THREE ISLANDS BLVD Hallandale Beach FL 33009,514223BJ0000,,
2003-1311,BD Roofing - Com - Replace,Approved ,,,4/1/2003,,,Plan,,,1050 NW 7 CT Hallandale Beach FL 33009,514221010090,,
1994-1591,BD Roofing - Com - Replace,Approved ,,,4/14/1994,,,Plan,,,501 SW 2 ST Hallandale Beach FL 33009,514228060101,,
1994-1519,BD Roofing - Com - Replace,Approved ,,,4/7/1994,,,Plan,,,802 NE 8 ST Hallandale Beach FL 33009,514222132040,,
1995-0280,BD Roofing - Com - Replace,Approved ,,,11/7/1994,,,Plan,,,126 GOLDEN ISLES DR Hallandale Beach FL 33009,514226AF0000,,
1996-1675,BD Roofing - Com - Replace,Approved ,,,5/8/1996,,,Plan,,,407 SE 9 CT Hallandale Beach FL 33009,514227140500,,
1993-0084,BD Roofing - Com - Replace,Approved ,,,2/10/1993,,,Plan,,,2412 NE 11 ST Hallandale Beach FL 33009,514223AM0000,,
1998-1009,BD Roofing - Com - Replace,Approved ,,,3/4/1998,,,Plan,,,437 HOLIDAY DR Hallandale Beach FL 33009,514235020150,,
1998-1897,BD Roofing - Com - Replace,Approved ,,,6/30/1998,,,Plan,,,108 NE 1 AVE Hallandale Beach FL 33009,514227040070,,
1996-0899,BD Roofing - Com - Replace,Approved ,,,1/30/1996,,,Plan,,,233 SW 4 ST Hallandale Beach FL 33009,514228310160,,
1999-1627,BD Roofing - Com - Replace,Approved ,,,6/14/1999,,,Plan,,,101 N DIXIE HWY Unit: SUB Hallandale Beach FL 33009,514228021030,,
1993-1377,BD Roofing - Com - Replace,Approved ,,,7/9/1993,,,Plan,,,401 POINCIANA DR Hallandale Beach FL 33009,514226050130,,
1996-0535,BD Roofing - Com - Replace,Approved ,,,12/8/1995,,,Plan,,,111 NE 2 TER Hallandale Beach FL 33009,514227300310,,
2006-2023,BD Roofing - Res - Replace,Approved ,,,5/17/2006,,,Plan,,,753 FOSTER RD Hallandale Beach FL 33009,514221340258,,
2013-2083,BD Roofing - Res - Replace,Approved ,,,6/24/2013,,,Plan,,,210 SW 6 AVE Hallandale Beach FL 33009,514228010140,,
2003-1871,BD Roofing - Res - Replace,Approved ,,,6/17/2003,,,Plan,,,725 SW 2 CT Hallandale Beach FL 33009,514228400050,,
2014-0793,BD Roofing - Res - Replace,Approved ,,,1/16/2014,,,Plan,,,759 FOSTER RD Hallandale Beach FL 33009,514221340260,,
2001-0142,BD Roofing - Res - Replace,Approved ,,,10/27/2000,,,Plan,,,225 SE 2 ST Hallandale Beach FL 33009,514227080140,,
2006-1451,BD Roofing - Res - Replace,Approved ,,,4/4/2006,,,Plan,,,219 NW 7 ST Hallandale Beach FL 33009,514221170130,,
2006-1427,BD Roofing - Res - Replace,Approved ,,,3/31/2006,,,Plan,,,324 NW 3 ST Hallandale Beach FL 33009,514221100010,,
2000-0162,BD Roofing - Res - Replace,Approved ,,,11/2/1999,,,Plan,,,730 NW 1 ST Hallandale Beach FL 33009,514228150070,,
2007-0008,BD Roofing - Res - Replace,Approved ,,,10/3/2006,,,Plan,,,317 SW 8 ST Hallandale Beach FL 33009,514228370050,,
2001-0687,BD Roofing - Res - Replace,Approved ,,,1/22/2001,,,Plan,,,3209 S OCEAN DR Hallandale Beach FL 33009,514226NU0000,,
2010-1614,BD Roofing - Res - Replace,Approved ,,,4/21/2010,,,Plan,,,609 NW 4 CT Hallandale Beach FL 33009,514221250190,,
2007-2162,BD Roofing - Res - Replace,Approved ,,,7/27/2007,,,Plan,,,1004 NW 6 TER Hallandale Beach FL 33009,514221240060,,
2003-0976,BD Roofing - Res - Replace,Approved ,,,2/19/2003,,,Plan,,,512 NW 9 ST Hallandale Beach FL 33009,514221160410,,
2004-2040,BD Roofing - Res - Replace,Approved ,,,7/1/2004,,,Plan,,,200 NE 2 AVE Hallandale Beach FL 33009,514227290140,,
2005-1475,BD Roofing - Res - Replace,Approved ,,,4/6/2005,,,Plan,,,651 NW 3 CT Hallandale Beach FL 33009,514221181101,,
2003-2124,BD Roofing - Res - Replace,Approved ,,,7/22/2003,,,Plan,,,1936 S OCEAN DR Hallandale Beach FL 33009,514226NV0000,,
2015-0182,BD Roofing - Res - Replace,Approved ,,,10/28/2014,,,Plan,,,124 SW 3 AVE Hallandale Beach FL 33009,514228022360,,
2004-0273,BD Roofing - Res - Replace,Approved ,,,11/5/2003,,,Plan,,,737 SW 5 CT Hallandale Beach FL 33009,514228170120,,
PL-BROR-16-04019,BD Roofing - Res - Replace,Approved ,,,11/29/2016,,,Plan,,,418 SW 2 AVE HALLANDALE BEACH FL 33009,514228310190,,
2010-0298,BD Roofing - Res - Replace,Approved ,,,11/12/2009,,,Plan,,,329 SW 9 TER Hallandale Beach FL 33009,514228290580,,
2006-0508,BD Roofing - Res - Replace,Approved ,,,12/28/2005,,,Plan,,,320 SW 10 TER Hallandale Beach FL 33009,514228290280,,
2004-1032,BD Roofing - Res - Replace,Approved ,,,2/23/2004,,,Plan,,,1125 NE 3 ST Hallandale Beach FL 33009,514222390420,,
2007-2497,BD Roofing - Res - Replace,Approved ,,,9/19/2007,,,Plan,,,445 LESLIE DR Hallandale Beach FL 33009,514223140500,,
2000-2049,BD Roofing - Res - Replace,Approved ,,,9/11/2000,,,Plan,,,1041 SW 5 ST Hallandale Beach FL 33009,514228440020,,
2013-0338,BD Roofing - Res - Replace,Approved ,,,11/14/2012,,,Plan,,,614 NE 2 ST Hallandale Beach FL 33009,514227250251,,
2015-1208,BD Roofing - Res - Replace,Approved ,,,3/3/2015,,,Plan,,,611 LESLIE DR Hallandale Beach FL 33009,514223140180,,
2014-1117,BD Roofing - Res - Replace,Approved ,,,2/26/2014,,,Plan,,,511 LESLIE DR Hallandale Beach FL 33009,514223140490,,
2008-1821,BD Roofing - Res - Replace,Approved ,,,7/22/2008,,,Plan,,,915 NW 2 AVE Hallandale Beach FL 33009,514221040210,,
2006-0733,BD Roofing - Res - Replace,Approved ,,,1/26/2006,,,Plan,,,806 NE 4 ST Hallandale Beach FL 33009,514222030093,,
2006-1599,BD Roofing - Res - Replace,Approved ,,,4/13/2006,,,Plan,,,704 SW 7 TER Hallandale Beach FL 33009,514228190210,,
2013-0361,BD Roofing - Res - Replace,Approved ,,,11/15/2012,,,Plan,,,616 SW 4 ST Hallandale Beach FL 33009,514228260120,,
2013-1331,BD Roofing - Res - Replace,Approved ,,,4/5/2013,,,Plan,,,219 NE 14 AVE Hallandale Beach FL 33009,514227AF0000,,
2002-0693,BD Roofing - Res - Replace,Approved ,,,1/18/2002,,,Plan,,,803 SW 8 AVE Hallandale Beach FL 33009,514228190090,,
2013-0899,BD Roofing - Res - Replace,Approved ,,,2/7/2013,,,Plan,,,647 SW 5 CT Hallandale Beach FL 33009,514228160260,,
2013-0550,BD Roofing - Res - Replace,Approved ,,,12/17/2012,,,Plan,,,416 SW 4 TER Hallandale Beach FL 33009,514228260631,,
2006-0972,BD Roofing - Res - Replace,On-Review,,,2/17/2006,,,Plan,,,701 NW 1 ST Hallandale Beach FL 33009,514228140070,,
2013-1157,BD Roofing - Res - Replace,Approved ,,,3/12/2013,,,Plan,,,454 TAMARIND DR Hallandale Beach FL 33009,514226050880,,
1999-1208,BD Roofing - Res - Replace,Approved ,,,4/8/1999,,,Plan,,,612 HIBISCUS DR Hallandale Beach FL 33009,514226030100,,
2013-0828,BD Roofing - Res - Replace,Approved ,,,1/30/2013,,,Plan,,,800 NE 7 ST Hallandale Beach FL 33009,514222132210,,
2013-0294,BD Roofing - Res - Replace,Approved ,,,11/8/2012,,,Plan,,,900 MOFFETT ST Hallandale Beach FL 33009,514222131560,,
2013-0625,BD Roofing - Res - Replace,Approved ,,,1/2/2013,,,Plan,,,301 HOLIDAY DR Hallandale Beach FL 33009,514235030110,,
2002-0892,BD Roofing - Res - Replace,Approved ,,,2/21/2002,,,Plan,,,418 ALAMANDA DR Hallandale Beach FL 33009,514226050340,,
2013-0263,BD Roofing - Res - Replace,Approved ,,,11/5/2012,,,Plan,,,914 NE 8 ST Hallandale Beach FL 33009,514222132083,,
2013-0701,BD Roofing - Res - Replace,Approved ,,,1/15/2013,,,Plan,,,515 NW 7 CT Hallandale Beach FL 33009,514221070320,,
2013-0819,BD Roofing - Res - Replace,Approved ,,,1/29/2013,,,Plan,,,135 SE 5 ST Hallandale Beach FL 33009,514227160550,,
2013-0216,BD Roofing - Res - Replace,Approved ,,,10/29/2012,,,Plan,,,729 SW 4 CT Hallandale Beach FL 33009,514228400590,,
2013-1181,BD Roofing - Res - Replace,Approved ,,,3/13/2013,,,Plan,,,705 NE 6 ST Hallandale Beach FL 33009,514222130720,,
2013-1301,BD Roofing - Res - Replace,Approved ,,,4/2/2013,,,Plan,,,815 SW 2 AVE Hallandale Beach FL 33009,514227180180,,
2012-0302,BD Roofing - Res - Replace,Approved ,,,11/17/2011,,,Plan,,,700 SW 8 AVE Hallandale Beach FL 33009,514228000530,,
PL-BROC-16-03403,BD Roofing - Com - Replace,Approved ,,,9/21/2016,,,Plan,,,646 NW 4 CT HALLANDALE BEACH FL 33009,514221250080,,
2012-2149,BD Roofing - Com - Replace,Approved ,,,8/7/2012,,,Plan,,,750 W HALLANDALE BEACH BLVD Hallandale Beach FL 33009,514228630010,,
2012-0156,BD Roofing - Com - Replace,Approved ,,,10/28/2011,,,Plan,,,735 SW 1 ST Hallandale Beach FL 33009,514228130010,,
PL-BROR-16-03358,BD Roofing - Res - Replace,Approved ,,,9/15/2016,,,Plan,,,308 NE 1 ST HALLANDALE BEACH FL 33009,514227070110,,
2002-2346,BD Roofing - Res - Replace,Approved ,,,8/16/2002,,,Plan,,,119 SW 5 ST Hallandale Beach FL 33009,514227210360,,
PL-BROR-16-02438,BD Roofing - Res - Replace,Approved ,,,6/7/2016,,,Plan,,,912 NE 5 ST HALLANDALE BEACH FL 33009,514222360230,,
PL-BROR-16-02679,BD Roofing - Res - Replace,Approved ,,,7/1/2016,,,Plan,,,504 NW 9 ST HALLANDALE BEACH FL 33009,514221160430,,
2012-1961,BD Roofing - Res - Replace,Approved ,,,7/12/2012,,,Plan,,,103 SW 7 TER Hallandale Beach FL 33009,514228130180,,
2012-1059,BD Roofing - Res - Replace,Approved ,,,3/12/2012,,,Plan,,,1008 FOSTER RD Hallandale Beach FL 33009,514221290050,,
2012-2435,BD Roofing - Res - Replace,Approved ,,,9/21/2012,,,Plan,,,233 SW 11 AVE Hallandale Beach FL 33009,514228340270,,
2012-0762,BD Roofing - Res - Replace,Approved ,,,2/1/2012,,,Plan,,,910 SW 2 CT Hallandale Beach FL 33009,514228340550,,
2012-1748,BD Roofing - Res - Replace,Approved ,,,6/12/2012,,,Plan,,,714 NE 10 ST Hallandale Beach FL 33009,514222CH0000,,
2013-0427,BD Roofing - Res - Replace,Approved ,,,11/28/2012,,,Plan,,,900 DIPLOMAT PKWY Hallandale Beach FL 33009,514226110380,,
2011-1219,BD Roofing - Res - Replace,Approved ,,,4/7/2011,,,Plan,,,461 HOLIDAY DR Hallandale Beach FL 33009,514235020110,,
2012-1948,BD Roofing - Res - Replace,Approved ,,,7/11/2012,,,Plan,,,408 SW 4 TER Hallandale Beach FL 33009,514228260620,,
2012-2298,BD Roofing - Res - Replace,Approved ,,,8/29/2012,,,Plan,,,450 PARADISE ISLE BLVD Unit: B Hallandale Beach FL 33009,514226PX0000,,
2012-2178,BD Roofing - Res - Replace,Approved ,,,8/10/2012,,,Plan,,,2500 DIANA DR Hallandale Beach FL 33009,514226PN0000,,
2012-1794,BD Roofing - Res - Replace,Approved ,,,6/19/2012,,,Plan,,,811 NE 10 ST Hallandale Beach FL 33009,514222131680,,
2013-0143,BD Roofing - Res - Replace,Approved ,,,10/18/2012,,,Plan,,,221 NE 4 CT Hallandale Beach FL 33009,514222320100,,
2012-1185,BD Roofing - Res - Replace,Approved ,,,3/27/2012,,,Plan,,,201 SW 3 ST Hallandale Beach FL 33009,514228310070,,
2012-2304,BD Roofing - Res - Replace,Approved ,,,8/30/2012,,,Plan,,,837 NW 10 ST Hallandale Beach FL 33009,514221230100,,
2012-2115,BD Roofing - Res - Replace,Approved ,,,8/2/2012,,,Plan,,,22 SW 10 ST Hallandale Beach FL 33009,514227180341,,
2013-0393,BD Roofing - Res - Replace,Approved ,,,11/21/2012,,,Plan,,,712 DIPLOMAT PKWY Hallandale Beach FL 33009,514226110350,,
2013-0101,BD Roofing - Res - Replace,Approved ,,,10/12/2012,,,Plan,,,309 SW 8 ST Hallandale Beach FL 33009,514228370030,,
2012-2000,BD Roofing - Res - Replace,Approved ,,,7/17/2012,,,Plan,,,924 NE 6 ST Hallandale Beach FL 33009,514222360150,,
2012-2332,BD Roofing - Res - Replace,Approved ,,,9/5/2012,,,Plan,,,312 HOLIDAY DR Hallandale Beach FL 33009,514226130580,,
PL-BROR-16-00465,BD Roofing - Res - Replace,Approved ,,,11/24/2015,,,Plan,,,448 ALAMANDA DR HALLANDALE BEACH FL 33009,514226050290,,
2006-0887,BD Roofing - Res - Replace,Approved ,,,2/9/2006,,,Plan,,,712 SW 1 ST Hallandale Beach FL 33009,514228140160,,
2015-2023,BD Roofing - Res - Replace,Approved ,,,6/9/2015,,,Plan,,,721 SW 4 ST Hallandale Beach FL 33009,514228400400,,
2014-1815,BD Roofing - Res - Replace,Approved ,,,5/27/2014,,,Plan,,,2735 PARKVIEW DR Hallandale Beach FL 33009,514223140110,,
2012-0832,BD Roofing - Res - Replace,Approved ,,,2/10/2012,,,Plan,,,1043 SW 2 ST Hallandale Beach FL 33009,514228340080,,
2014-2129,BD Roofing - Res - Replace,Approved ,,,7/1/2014,,,Plan,,,2721 PARKVIEW DR Hallandale Beach FL 33009,514223140160,,
PL-BROR-16-04076,BD Roofing - Res - Replace,Approved ,,,12/6/2016,,,Plan,,,810 SW 7 AVE HALLANDALE BEACH FL 33009,514228331200,,
2013-2063,BD Roofing - Res - Replace,Approved ,,,6/19/2013,,,Plan,,,813 NE 3 ST Hallandale Beach FL 33009,514222030050,,
2008-1774,BD Roofing - Com - Replace,Approved ,,,7/14/2008,,,Plan,,,1030 W HALLANDALE BEACH BLVD Hallandale Beach FL 33009,514228000084,,
2009-1758,BD Roofing - Com - Replace,Approved ,,,7/15/2009,,,Plan,,,224 NW 1 AVE Hallandale Beach FL 33009,514228020031,,
2008-2006,BD Roofing - Com - Replace,Approved ,,,8/22/2008,,,Plan,,,826 W HALLANDALE BEACH BLVD Hallandale Beach FL 33009,514228420100,,
2008-1917,BD Roofing - Com - Replace,Approved ,,,8/5/2008,,,Plan,,,950 NE 14 AVE Hallandale Beach FL 33009,514226110500,,
2008-1445,BD Roofing - Com - Replace,Approved ,,,5/27/2008,,,Plan,,,701 THREE ISLANDS BLVD Hallandale Beach FL 33009,514223AC0000,,
2009-0222,BD Roofing - Com - Replace,Approved ,,,11/10/2008,,,Plan,,,1980 S OCEAN DR Unit: FINS2 Hallandale Beach FL 33009,514226BH0000,,
2010-1344,BD Roofing - Com - Replace,Approved ,,,3/15/2010,,,Plan,,,500 N FEDERAL HWY Hallandale Beach FL 33009,514222130470,,
2008-1680,BD Roofing - Com - Replace,Approved ,,,6/27/2008,,,Plan,,,2097 S OCEAN DR Hallandale Beach FL 33009,514226RW0000,,
2008-0248,BD Roofing - Com - Replace,Approved ,,,11/14/2007,,,Plan,,,708 NE 6 ST Hallandale Beach FL 33009,514222130530,,
2009-1002,BD Roofing - Com - Replace,Approved ,,,3/24/2009,,,Plan,,,19 NW 2 AVE Hallandale Beach FL 33009,514228021260,,
2008-2067,BD Roofing - Com - Replace,Approved ,,,9/5/2008,,,Plan,,,105 NW 9 TER Hallandale Beach FL 33009,514228420190,,
2009-1703,BD Roofing - Com - Replace,Approved ,,,7/8/2009,,,Plan,,,229 N DIXIE HWY Hallandale Beach FL 33009,514228020070,,
2009-1495,BD Roofing - Com - Replace,Approved ,,,6/9/2009,,,Plan,,,1008 W HALLANDALE BEACH BLVD Hallandale Beach FL 33009,514228560010,,
2008-2017,BD Roofing - Com - Replace,Approved ,,,8/26/2008,,,Plan,,,705 NW 6 AVE Hallandale Beach FL 33009,514221070231,,
2008-0505,BD Roofing - Com - Replace,Approved ,,,12/27/2007,,,Plan,,,828 PEMBROKE RD Hallandale Beach FL 33009,514221230050,,
2010-1577,BD Roofing - Com - Replace,Approved ,,,4/15/2010,,,Plan,,,300 NW 2 AVE Hallandale Beach FL 33009,514222210230,,
2009-1151,BD Roofing - Res - Replace,Approved ,,,4/16/2009,,,Plan,,,230 SW 7 AVE Hallandale Beach FL 33009,514228400130,,
2009-1553,BD Roofing - Res - Replace,Approved ,,,6/17/2009,,,Plan,,,600 SW 3 AVE Hallandale Beach FL 33009,514228180300,,
2010-0067,BD Roofing - Res - Replace,Approved ,,,10/14/2009,,,Plan,,,853 SW 9 ST Hallandale Beach FL 33009,514228030184,,
2007-1996,BD Roofing - Res - Replace,Approved ,,,7/6/2007,,,Plan,,,26 NW 8 AVE Hallandale Beach FL 33009,514228010066,,
2008-1544,BD Roofing - Res - Replace,Approved ,,,6/11/2008,,,Plan,,,604 NW 4 AVE Hallandale Beach FL 33009,514221170050,,
2008-1304,BD Roofing - Res - Replace,Approved ,,,5/7/2008,,,Plan,,,918 NE 4 CT Hallandale Beach FL 33009,514222360340,,
2008-1100,BD Roofing - Res - Replace,Approved ,,,4/9/2008,,,Plan,,,412 HOLIDAY DR Hallandale Beach FL 33009,514226130520,,
2009-1752,BD Roofing - Res - Replace,Approved ,,,7/15/2009,,,Plan,,,2637 S PARKVIEW DR Hallandale Beach FL 33009,514223141090,,
2009-0531,BD Roofing - Res - Replace,Approved ,,,1/9/2009,,,Plan,,,308 NW 5 TER Hallandale Beach FL 33009,514221180960,,
2009-0714,BD Roofing - Res - Replace,Approved ,,,2/6/2009,,,Plan,,,906 NE 4 ST Hallandale Beach FL 33009,514222360420,,
2010-0746,BD Roofing - Res - Replace,Approved ,,,1/11/2010,,,Plan,,,328 NE 2 ST Hallandale Beach FL 33009,514227270014,,
2009-1795,BD Roofing - Res - Replace,Approved ,,,7/22/2009,,,Plan,,,1001 NE 2 ST Hallandale Beach FL 33009,514227320010,,
2008-0573,BD Roofing - Res - Replace,Approved ,,,1/14/2008,,,Plan,,,900 NE 3 ST Hallandale Beach FL 33009,514222360550,,
2010-1198,BD Roofing - Res - Replace,Approved ,,,2/25/2010,,,Plan,,,100 NE 1 AVE Hallandale Beach FL 33009,514227040060,,
2008-0607,BD Roofing - Res - Replace,Approved ,,,1/22/2008,,,Plan,,,700 NE 1 CT Hallandale Beach FL 33009,514227190090,,
2010-1471,BD Roofing - Res - Replace,Approved ,,,3/30/2010,,,Plan,,,215 NE 10 AVE Hallandale Beach FL 33009,514227010160,,
2009-1608,BD Roofing - Res - Replace,Approved ,,,6/24/2009,,,Plan,,,413 SW 8 ST Hallandale Beach FL 33009,514228270110,,
2009-0356,BD Roofing - Res - Replace,Approved ,,,12/3/2008,,,Plan,,,637 SW 1 ST Hallandale Beach FL 33009,514228100212,,
2008-1015,BD Roofing - Res - Replace,Approved ,,,3/27/2008,,,Plan,,,831 N FEDERAL HWY Hallandale Beach FL 33009,514222020010,,
2010-0929,BD Roofing - Res - Replace,Approved ,,,1/27/2010,,,Plan,,,851 NE 14 AVE Hallandale Beach FL 33009,514222DM0000,,
2009-1664,BD Roofing - Res - Replace,Approved ,,,7/1/2009,,,Plan,,,1007 NE 6 ST Hallandale Beach FL 33009,514222370490,,
2009-0107,BD Roofing - Res - Replace,Approved ,,,10/22/2008,,,Plan,,,113 NW 1 AVE Hallandale Beach FL 33009,514228020920,,
2009-1700,BD Roofing - Res - Replace,Approved ,,,7/8/2009,,,Plan,,,831 SW 3 ST Hallandale Beach FL 33009,514228410040,,
2009-0990,BD Roofing - Res - Replace,Approved ,,,3/20/2009,,,Plan,,,520 SW 1 AVE Hallandale Beach FL 33009,514227210391,,
2008-0226,BD Roofing - Res - Replace,Approved ,,,11/7/2007,,,Plan,,,750 NW 9 AVE Unit: 1 Hallandale Beach FL 33009,514221020120,,
2012-1867,BD Roofing - Res - Replace,Approved ,,,6/27/2012,,,Plan,,,504 NW 6 ST Hallandale Beach FL 33009,514221150220,,
2010-1474,BD Roofing - Res - Replace,Approved ,,,3/30/2010,,,Plan,,,215 NE 10 AVE Hallandale Beach FL 33009,514227010160,,
2008-1352,BD Roofing - Res - Replace,Approved ,,,5/14/2008,,,Plan,,,1001 NW 8 ST Hallandale Beach FL 33009,514221290360,,
2010-1473,BD Roofing - Res - Replace,Approved ,,,3/30/2010,,,Plan,,,215 NE 10 AVE Hallandale Beach FL 33009,514227010160,,
2009-2252,BD Roofing - Res - Replace,Approved ,,,9/24/2009,,,Plan,,,718 NE 3 ST Hallandale Beach FL 33009,514227250050,,
2009-1216,BD Roofing - Res - Replace,Approved ,,,4/29/2009,,,Plan,,,860 NE 12 AVE Hallandale Beach FL 33009,514222DM0000,,
2010-1201,BD Roofing - Res - Replace,Approved ,,,2/25/2010,,,Plan,,,1936 S OCEAN DR Hallandale Beach FL 33009,514226NV0000,,
2010-1472,BD Roofing - Res - Replace,Approved ,,,3/30/2010,,,Plan,,,215 NE 10 AVE Hallandale Beach FL 33009,514227010160,,
2009-0507,BD Roofing - Res - Replace,Approved ,,,1/6/2009,,,Plan,,,1001 SW 4 TER Hallandale Beach FL 33009,514228300450,,
2008-0465,BD Roofing - Res - Replace,Approved ,,,12/20/2007,,,Plan,,,2619 S PARKVIEW DR Hallandale Beach FL 33009,514223141140,,
2008-0777,BD Roofing - Res - Replace,Approved ,,,2/15/2008,,,Plan,,,203 NE 2 AVE Hallandale Beach FL 33009,514227290330,,
2011-1341,BD Roofing - Res - Replace,Approved ,,,4/25/2011,,,Plan,,,701 NE 1 CT Hallandale Beach FL 33009,514227CK0000,,
2008-0463,BD Roofing - Res - Replace,Approved ,,,12/20/2007,,,Plan,,,2623 S PARKVIEW DR Hallandale Beach FL 33009,514223141160,,
2010-0795,BD Roofing - Res - Replace,Approved ,,,1/14/2010,,,Plan,,,1079 SW 3 ST Hallandale Beach FL 33009,514228340320,,
2010-1411,BD Roofing - Res - Replace,Approved ,,,3/23/2010,,,Plan,,,460 PARADISE ISLE BLVD Hallandale Beach FL 33009,514226PY0000,,
2008-2022,BD Roofing - Res - Replace,Approved ,,,8/27/2008,,,Plan,,,324 NE 2 AVE Hallandale Beach FL 33009,514222120130,,
2010-0476,BD Roofing - Res - Replace,Approved ,,,12/4/2009,,,Plan,,,141 NE 10 AVE Hallandale Beach FL 33009,514227AK0000,,
2008-1477,BD Roofing - Res - Replace,Approved ,,,5/30/2008,,,Plan,,,353 LESLIE DR Hallandale Beach FL 33009,514223140730,,
2010-1607,BD Roofing - Res - Replace,Approved ,,,4/21/2010,,,Plan,,,201 SE 10 ST Hallandale Beach FL 33009,514227140810,,
2010-0666,BD Roofing - Res - Replace,Approved ,,,12/31/2009,,,Plan,,,418 SW 2 AVE Hallandale Beach FL 33009,514228310190,,
2009-0547,BD Roofing - Res - Replace,Approved ,,,1/12/2009,,,Plan,,,1011 NW 3 AVE Unit: UTILT Hallandale Beach FL 33009,514221040010,,
2008-0780,BD Roofing - Res - Replace,Approved ,,,2/15/2008,,,Plan,,,609 NW 3 AVE Hallandale Beach FL 33009,514221170090,,
2009-0286,BD Roofing - Res - Replace,Approved ,,,11/21/2008,,,Plan,,,410 GOLDEN ISLES DR Hallandale Beach FL 33009,514226RR0000,,
2009-0466,BD Roofing - Res - Replace,Approved ,,,12/23/2008,,,Plan,,,300 SW 7 AVE Hallandale Beach FL 33009,514228400150,,
2008-0510,BD Roofing - Res - Replace,Approved ,,,1/2/2008,,,Plan,,,817 NW 7 ST Hallandale Beach FL 33009,514221020360,,
2009-0826,BD Roofing - Res - Replace,Approved ,,,2/25/2009,,,Plan,,,714 NW 6 AVE Hallandale Beach FL 33009,514221070230,,
2008-1517,BD Roofing - Res - Replace,Approved ,,,6/6/2008,,,Plan,,,2651 S PARKVIEW DR Hallandale Beach FL 33009,514223140950,,
2009-0546,BD Roofing - Res - Replace,Approved ,,,1/12/2009,,,Plan,,,1011 NW 3 AVE Hallandale Beach FL 33009,514221040010,,
2012-1771,BD Roofing - Res - Replace,Approved ,,,6/14/2012,,,Plan,,,101 SE 4 AVE Hallandale Beach FL 33009,514227240220,,
2010-0765,BD Roofing - Res - Replace,Approved ,,,1/13/2010,,,Plan,,,119 SE 10 ST Hallandale Beach FL 33009,514227140660,,
2008-0630,BD Roofing - Res - Replace,Approved ,,,1/24/2008,,,Plan,,,725 SW 7 TER Hallandale Beach FL 33009,514228190290,,
2009-0177,BD Roofing - Res - Replace,Approved ,,,11/3/2008,,,Plan,,,643 SW 9 ST Hallandale Beach FL 33009,514228330880,,
2009-0924,BD Roofing - Res - Replace,Approved ,,,3/11/2009,,,Plan,,,624 SW 6 AVE Hallandale Beach FL 33009,514228230020,,
2008-0350,BD Roofing - Res - Replace,Approved ,,,12/3/2007,,,Plan,,,404 NW 3 AVE Hallandale Beach FL 33009,514221130010,,
2009-0385,BD Roofing - Res - Replace,Approved ,,,12/9/2008,,,Plan,,,701 SW 4 ST Hallandale Beach FL 33009,514228400450,,
2010-0509,BD Roofing - Res - Replace,Approved ,,,12/9/2009,,,Plan,,,524 HIBISCUS DR Hallandale Beach FL 33009,514226030050,,
2008-1321,BD Roofing - Res - Replace,Approved ,,,5/8/2008,,,Plan,,,413 SW 3 TER Hallandale Beach FL 33009,514228460050,,
2009-2280,BD Roofing - Res - Replace,Approved ,,,9/29/2009,,,Plan,,,2030 S OCEAN DR Unit: POOL Hallandale Beach FL 33009,514226020210,,
2008-1088,BD Roofing - Res - Replace,Approved ,,,4/8/2008,,,Plan,,,138 SW 7 TER Hallandale Beach FL 33009,514228130110,,
2008-0333,BD Roofing - Res - Replace,Approved ,,,11/29/2007,,,Plan,,,304 SW 7 ST Hallandale Beach FL 33009,514228180320,,
2010-1483,BD Roofing - Res - Replace,Approved ,,,3/31/2010,,,Plan,,,819 NE 27 AVE Hallandale Beach FL 33009,514223132040,,
2009-1066,BD Roofing - Res - Replace,Approved ,,,4/3/2009,,,Plan,,,811 NW 5 TER Hallandale Beach FL 33009,514221091080,,
2008-1699,BD Roofing - Res - Replace,Approved ,,,7/2/2008,,,Plan,,,832 SW 10 ST Hallandale Beach FL 33009,514228030210,,
2008-2114,BD Roofing - Res - Replace,Approved ,,,9/11/2008,,,Plan,,,214 SE 8 ST Hallandale Beach FL 33009,514227170140,,
2008-0893,BD Roofing - Res - Replace,Approved ,,,3/5/2008,,,Plan,,,738 SW 9 ST Hallandale Beach FL 33009,514228610020,,
2008-0300,BD Roofing - Res - Replace,Approved ,,,11/20/2007,,,Plan,,,616 MOFFETT ST Hallandale Beach FL 33009,514222131350,,
2010-1340,BD Roofing - Res - Replace,Approved ,,,3/15/2010,,,Plan,,,609 SW 2 AVE Hallandale Beach FL 33009,514228180140,,
2008-0609,BD Roofing - Res - Replace,Approved ,,,1/22/2008,,,Plan,,,704 NE 1 CT Hallandale Beach FL 33009,514227190080,,
2008-0298,BD Roofing - Res - Replace,Approved ,,,11/20/2007,,,Plan,,,900 NE 4 ST Hallandale Beach FL 33009,514222360410,,
2009-0401,BD Roofing - Res - Replace,Approved ,,,12/10/2008,,,Plan,,,1061 SW 2 ST Hallandale Beach FL 33009,514228340050,,
2009-0533,BD Roofing - Res - Replace,Approved ,,,1/9/2009,,,Plan,,,709 NW 4 ST Hallandale Beach FL 33009,514221200320,,
2008-0941,BD Roofing - Res - Replace,Approved ,,,3/14/2008,,,Plan,,,448 POINCIANA DR Hallandale Beach FL 33009,514226050040,,
2010-0927,BD Roofing - Res - Replace,Approved ,,,1/27/2010,,,Plan,,,850 NE 12 AVE Hallandale Beach FL 33009,514222DM0000,,
2012-1975,BD Roofing - Res - Replace,Approved ,,,7/12/2012,,,Plan,,,201 SE 3 ST Hallandale Beach FL 33009,514227340180,,
2008-1150,BD Roofing - Res - Replace,Approved ,,,4/16/2008,,,Plan,,,632 NW 3 CT Hallandale Beach FL 33009,514221180833,,
2002-0223,BD Roofing - Res - Replace,Approved ,,,10/31/2001,,,Plan,,,1893 S OCEAN DR Hallandale Beach FL 33009,514226AJ0000,,
2012-0015,BD Roofing - Res - Replace,Approved ,,,10/5/2011,,,Plan,,,705 NW 5 CT Hallandale Beach FL 33009,514221190520,,
2010-1894,BD Roofing - Res - Replace,Approved ,,,5/26/2010,,,Plan,,,400 NW 7 CT Unit: UTILT Hallandale Beach FL 33009,514221070130,,
2012-0901,BD Roofing - Res - Replace,Approved ,,,2/23/2012,,,Plan,,,111 GOLDEN ISLES DR Hallandale Beach FL 33009,514226GB0000,,
2012-1421,BD Roofing - Res - Replace,Approved ,,,4/27/2012,,,Plan,,,720 SW 4 ST Hallandale Beach FL 33009,514228400230,,
2012-1016,BD Roofing - Res - Replace,Approved ,,,3/7/2012,,,Plan,,,713 NW 1 CT Hallandale Beach FL 33009,514228150170,,
2012-0802,BD Roofing - Res - Replace,Approved ,,,2/8/2012,,,Plan,,,819 NE 8 ST Hallandale Beach FL 33009,514222131981,,
2012-1562,BD Roofing - Res - Replace,Approved ,,,5/17/2012,,,Plan,,,104 NW 1 AVE Hallandale Beach FL 33009,514228021120,,
2012-1074,BD Roofing - Res - Replace,Approved ,,,3/14/2012,,,Plan,,,635 SW 8 ST Hallandale Beach FL 33009,514228330970,,
2012-1629,BD Roofing - Res - Replace,Approved ,,,5/24/2012,,,Plan,,,416 E HALLANDALE BEACH BLVD Hallandale Beach FL 33009,514227240180,,
2012-1549,BD Roofing - Res - Replace,Approved ,,,5/16/2012,,,Plan,,,523 SW 5 ST Hallandale Beach FL 33009,514228330380,,
2012-1824,BD Roofing - Res - Replace,Approved ,,,6/21/2012,,,Plan,,,103 SW 8 CT Hallandale Beach FL 33009,514227350040,,
2010-1612,BD Roofing - Res - Replace,Approved ,,,4/21/2010,,,Plan,,,819 NW 3 AVE Hallandale Beach FL 33009,514221090220,,
2012-1269,BD Roofing - Res - Replace,Approved ,,,4/4/2012,,,Plan,,,1928 S OCEAN DR Unit: CAB A Hallandale Beach FL 33009,514226HB0230,,
2010-0984,BD Roofing - Res - Replace,Approved ,,,2/2/2010,,,Plan,,,614 NE 3 ST Hallandale Beach FL 33009,514227250020,,
2012-1121,BD Roofing - Res - Replace,Approved ,,,3/20/2012,,,Plan,,,415 SW 9 ST Hallandale Beach FL 33009,514228300130,,
2012-1003,BD Roofing - Res - Replace,Approved ,,,3/6/2012,,,Plan,,,1106 NE 8 ST Hallandale Beach FL 33009,514222370170,,
2012-1501,BD Roofing - Res - Replace,Approved ,,,5/9/2012,,,Plan,,,112 SE 9 ST Hallandale Beach FL 33009,514227140090,,
2010-1780,BD Roofing - Res - Replace,Approved ,,,5/12/2010,,,Plan,,,1124 NE 8 ST Hallandale Beach FL 33009,514222370200,,
2010-0046,BD Roofing - Res - Replace,Approved ,,,10/9/2009,,,Plan,,,414 SW 3 ST Hallandale Beach FL 33009,514228060050,,
2009-1016,BD Roofing - Com - Replace,Approved ,,,3/26/2009,,,Plan,,,701 E HALLANDALE BEACH BLVD Unit: A Hallandale Beach FL 33009,514227200020,,
2006-1788,BD Roofing - Res - Replace,Approved ,,,4/27/2006,,,Plan,,,400 SW 8 ST Hallandale Beach FL 33009,514228270091,,
